[DEBUG] Program starting...
[DEBUG] Arguments validated...
[INFO] Using encoder file: /home/jihun/work/GR00T-WholeBodyControl/gear_sonic_deploy/policy/sonic_v1_1/model_encoder.onnx
[INFO] Using planner file: /home/jihun/work/GR00T-WholeBodyControl/gear_sonic_deploy/planner/target_vel/V2/planner_sonic.onnx
[INFO] Using observation config: /home/jihun/work/GR00T-WholeBodyControl/gear_sonic_deploy/policy/sonic_v1_1/observation_config.yaml
[INFO] Using input type: zmq_manager
[INFO] Using output type: zmq
[INFO] CRC checking disabled for MuJoCo simulation
[INFO] Using logs directory: /home/jihun/work/VoLoAgent/.worktrees/g1-harness/docs/artifacts/g1_harness_20261006_followup/appearance-live/controller
[DEBUG] Creating G1Deploy object...
1791267207.817744 [0] g1_deploy_: selected interface "lo" is not multicast-capable: disabling multicast
Reading motion data from CSV files in: /home/jihun/work/GR00T-WholeBodyControl/gear_sonic_deploy/reference/example
Found 13 motion folders
✓ Loaded neutral_kick_R_001__A543_M (165 timesteps)
✓ Loaded walking_quip_360_R_002__A428 (455 timesteps)
✓ Loaded squat_001__A359 (424 timesteps)
✓ Loaded tired_one_leg_jumping_R_001__A359_M (500 timesteps)
✓ Loaded dance_in_da_party_001__A464_M (497 timesteps)
✓ Loaded forward_lunge_R_001__A359_M (399 timesteps)
✓ Loaded dance_in_da_party_001__A464 (497 timesteps)
✓ Loaded macarena_001__A545 (1375 timesteps)
✓ Loaded tired_one_leg_jumping_R_001__A359 (500 timesteps)
✓ Loaded walking_quip_360_R_002__A428_M (455 timesteps)
✓ Loaded neutral_kick_R_001__A543 (165 timesteps)
✓ Loaded macarena_001__A545_M (1375 timesteps)
✓ Loaded tired_forward_lunge_R_001__A359_M (810 timesteps)
✓ Motion data loaded successfully!
Started with motion: neutral_kick_R_001__A543_M (paused at frame 0)
Loading policy model...
hash value in file 440e58fad5e2b2fb1863b5f5279dbc4fd0249124d35af832ae0a63898c76711f
hash of onnx/gpu type 440e58fad5e2b2fb1863b5f5279dbc4fd0249124d35af832ae0a63898c76711f
INFO [/home/jihun/work/VoLoAgent/.worktrees/g1-harness-native/gear_sonic_deploy/src/TRTInference/InferenceEngine.cpp(35)]: Loaded engine size: 143 MiB
INFO [/home/jihun/work/VoLoAgent/.worktrees/g1-harness-native/gear_sonic_deploy/src/TRTInference/InferenceEngine.cpp(35)]: [MemUsageChange] TensorRT-managed allocation in IExecutionContext creation: CPU +0, GPU +0, now: CPU 0, GPU 142 (MiB)
INFO [/home/jihun/work/VoLoAgent/.worktrees/g1-harness-native/gear_sonic_deploy/src/TRTInference/InferenceEngine.cpp(476)]: INPUT Tensor: obs_dict [1, 994]. 994 elements of type FLOAT
INFO [/home/jihun/work/VoLoAgent/.worktrees/g1-harness-native/gear_sonic_deploy/src/TRTInference/InferenceEngine.cpp(476)]: OUTPUT Tensor: action [1, 29]. 29 elements of type FLOAT
✓ Successfully converted ONNX to TRT: /home/jihun/work/GR00T-WholeBodyControl/gear_sonic_deploy/policy/sonic_v1_1/policy_model_decoder.trt
✓ Policy engine initialized successfully!
  Model: /home/jihun/work/GR00T-WholeBodyControl/gear_sonic_deploy/policy/sonic_v1_1/model_decoder.onnx
  Input dimension: 994
  Action dimension: 29
  Input tensor: obs_dict
  Output tensor: action
  Precision: FP32
Capturing control policy CUDA graph...
✓ Control policy CUDA graph captured successfully!
✓ Policy model loaded successfully!
Loading observation configuration...
Using observation config file: /home/jihun/work/GR00T-WholeBodyControl/gear_sonic_deploy/policy/sonic_v1_1/observation_config.yaml
Parsing observation config file: /home/jihun/work/GR00T-WholeBodyControl/gear_sonic_deploy/policy/sonic_v1_1/observation_config.yaml
Found observations section at line 9
  Parsed observation: token_state -> enabled
  Parsed observation: his_base_angular_velocity_10frame_step1 -> enabled
  Parsed observation: his_body_joint_positions_10frame_step1 -> enabled
  Parsed observation: his_body_joint_velocities_10frame_step1 -> enabled
  Parsed observation: his_last_actions_10frame_step1 -> enabled
  Parsed observation: his_gravity_dir_10frame_step1 -> enabled
Found encoder section at line 23
  Encoder dimension: 64
  Encoder use_fp16: false
  Found encoder_observations subsection
    Encoder obs: encoder_mode_4 -> enabled
    Encoder obs: motion_joint_positions_10frame_step5 -> enabled
    Encoder obs: motion_joint_velocities_10frame_step5 -> enabled
    Encoder obs: motion_anchor_orientation_heading_10frame_step5 -> enabled
    Encoder obs: motion_anchor_orientation_heading -> enabled
    Encoder obs: motion_joint_positions_lowerbody_10frame_step5 -> enabled
    Encoder obs: motion_joint_velocities_lowerbody_10frame_step5 -> enabled
    Encoder obs: vr_3point_local_target -> enabled
    Encoder obs: vr_3point_local_orn_target -> enabled
    Encoder obs: smpl_joints_10frame_step1 -> enabled
    Encoder obs: smpl_anchor_orientation_heading_10frame_step1 -> enabled
    Encoder obs: motion_joint_positions_wrists_10frame_step1 -> enabled
  Found encoder_modes subsection (after encoder_observations)
    Found mode: g1
      Mode ID: 0
      Found required_observations for mode g1
        - encoder_mode_4
        - motion_joint_positions_10frame_step5
        - motion_joint_velocities_10frame_step5
        - motion_anchor_orientation_heading_10frame_step5
    Saved mode 'g1' with 4 observations
    Found mode: teleop
      Mode ID: 1
      Found required_observations for mode teleop
        - encoder_mode_4
        - motion_joint_positions_lowerbody_10frame_step5
        - motion_joint_velocities_lowerbody_10frame_step5
        - vr_3point_local_target
        - vr_3point_local_orn_target
        - motion_anchor_orientation_heading
    Saved mode 'teleop' with 6 observations
    Found mode: smpl
      Mode ID: 2
      Found required_observations for mode smpl
        - encoder_mode_4
        - smpl_joints_10frame_step1
        - smpl_anchor_orientation_heading_10frame_step1
        - motion_joint_positions_wrists_10frame_step1
    Saved mode 'smpl' with 4 observations
✓ Token state observation validated with encoder configuration
Successfully parsed 6 observations
Encoder config found with 12 input observations
✓ Token state buffer initialized (size: 64)
Initializing encoder...
Loading encoder model...
hash value in file 90ed9925d6f62fc7894b8ee8f8a2145352570e5348ba867b839ac99e0d29932c
hash of onnx/gpu type 90ed9925d6f62fc7894b8ee8f8a2145352570e5348ba867b839ac99e0d29932c
INFO [/home/jihun/work/VoLoAgent/.worktrees/g1-harness-native/gear_sonic_deploy/src/TRTInference/InferenceEngine.cpp(35)]: Loaded engine size: 47 MiB
INFO [/home/jihun/work/VoLoAgent/.worktrees/g1-harness-native/gear_sonic_deploy/src/TRTInference/InferenceEngine.cpp(35)]: [MS] Running engine with multi stream info
INFO [/home/jihun/work/VoLoAgent/.worktrees/g1-harness-native/gear_sonic_deploy/src/TRTInference/InferenceEngine.cpp(35)]: [MS] Number of aux streams is 2
INFO [/home/jihun/work/VoLoAgent/.worktrees/g1-harness-native/gear_sonic_deploy/src/TRTInference/InferenceEngine.cpp(35)]: [MS] Number of total worker streams is 3
INFO [/home/jihun/work/VoLoAgent/.worktrees/g1-harness-native/gear_sonic_deploy/src/TRTInference/InferenceEngine.cpp(35)]: [MS] The main stream provided by execute/enqueue calls is the first worker stream
INFO [/home/jihun/work/VoLoAgent/.worktrees/g1-harness-native/gear_sonic_deploy/src/TRTInference/InferenceEngine.cpp(35)]: [MemUsageChange] TensorRT-managed allocation in IExecutionContext creation: CPU +0, GPU +0, now: CPU 0, GPU 189 (MiB)
INFO [/home/jihun/work/VoLoAgent/.worktrees/g1-harness-native/gear_sonic_deploy/src/TRTInference/InferenceEngine.cpp(476)]: INPUT Tensor: obs_dict [1, 1751]. 1751 elements of type FLOAT
INFO [/home/jihun/work/VoLoAgent/.worktrees/g1-harness-native/gear_sonic_deploy/src/TRTInference/InferenceEngine.cpp(476)]: OUTPUT Tensor: encoded_tokens [1, 64]. 64 elements of type FLOAT
✓ Encoder initialized successfully!
  Model: /home/jihun/work/GR00T-WholeBodyControl/gear_sonic_deploy/policy/sonic_v1_1/model_encoder.onnx
  Input dimension: 1751
  Token dimension: 64
  Input tensor: obs_dict
  Output tensor: encoded_tokens
Capturing encoder CUDA graph...
✓ Encoder CUDA graph captured successfully!
✓ Encoder model loaded successfully!
Setting encode_mode for 13 loaded reference motions...
  Motion 'neutral_kick_R_001__A543_M' encode_mode set to: 0
  Motion 'walking_quip_360_R_002__A428' encode_mode set to: 0
  Motion 'squat_001__A359' encode_mode set to: 0
  Motion 'tired_one_leg_jumping_R_001__A359_M' encode_mode set to: 0
  Motion 'dance_in_da_party_001__A464_M' encode_mode set to: 0
  Motion 'forward_lunge_R_001__A359_M' encode_mode set to: 0
  Motion 'dance_in_da_party_001__A464' encode_mode set to: 0
  Motion 'macarena_001__A545' encode_mode set to: 0
  Motion 'tired_one_leg_jumping_R_001__A359' encode_mode set to: 0
  Motion 'walking_quip_360_R_002__A428_M' encode_mode set to: 0
  Motion 'neutral_kick_R_001__A543' encode_mode set to: 0
  Motion 'macarena_001__A545_M' encode_mode set to: 0
  Motion 'tired_forward_lunge_R_001__A359_M' encode_mode set to: 0
Planner motion encode_mode set to: 0
LocalMotionPlannerBase constructor
config_.version: 2
config_.motion_look_ahead_steps: 2
config_.default_height: 0.78874
config_.initial_random_seed: 1234
Available modes number: 27
Initialize Engine...
hash value in file 93ec4df1dfa8c640f7f308e3bb5f047cc3264ceea616dae1004bd3207609eba0
hash of onnx/gpu type 93ec4df1dfa8c640f7f308e3bb5f047cc3264ceea616dae1004bd3207609eba0
INFO [/home/jihun/work/VoLoAgent/.worktrees/g1-harness-native/gear_sonic_deploy/src/TRTInference/InferenceEngine.cpp(35)]: Loaded engine size: 713 MiB
INFO [/home/jihun/work/VoLoAgent/.worktrees/g1-harness-native/gear_sonic_deploy/src/TRTInference/InferenceEngine.cpp(35)]: [MS] Running engine with multi stream info
INFO [/home/jihun/work/VoLoAgent/.worktrees/g1-harness-native/gear_sonic_deploy/src/TRTInference/InferenceEngine.cpp(35)]: [MS] Number of aux streams is 1
INFO [/home/jihun/work/VoLoAgent/.worktrees/g1-harness-native/gear_sonic_deploy/src/TRTInference/InferenceEngine.cpp(35)]: [MS] Number of total worker streams is 2
INFO [/home/jihun/work/VoLoAgent/.worktrees/g1-harness-native/gear_sonic_deploy/src/TRTInference/InferenceEngine.cpp(35)]: [MS] The main stream provided by execute/enqueue calls is the first worker stream
INFO [/home/jihun/work/VoLoAgent/.worktrees/g1-harness-native/gear_sonic_deploy/src/TRTInference/InferenceEngine.cpp(35)]: [MemUsageChange] TensorRT-managed allocation in IExecutionContext creation: CPU +0, GPU +1, now: CPU 0, GPU 897 (MiB)
INFO [/home/jihun/work/VoLoAgent/.worktrees/g1-harness-native/gear_sonic_deploy/src/TRTInference/InferenceEngine.cpp(476)]: INPUT Tensor: context_mujoco_qpos [1, 4, 36]. 144 elements of type FLOAT
INFO [/home/jihun/work/VoLoAgent/.worktrees/g1-harness-native/gear_sonic_deploy/src/TRTInference/InferenceEngine.cpp(476)]: INPUT Tensor: target_vel [1]. 1 elements of type FLOAT
INFO [/home/jihun/work/VoLoAgent/.worktrees/g1-harness-native/gear_sonic_deploy/src/TRTInference/InferenceEngine.cpp(476)]: INPUT Tensor: mode [1]. 1 elements of type INT64
INFO [/home/jihun/work/VoLoAgent/.worktrees/g1-harness-native/gear_sonic_deploy/src/TRTInference/InferenceEngine.cpp(476)]: INPUT Tensor: movement_direction [1, 3]. 3 elements of type FLOAT
INFO [/home/jihun/work/VoLoAgent/.worktrees/g1-harness-native/gear_sonic_deploy/src/TRTInference/InferenceEngine.cpp(476)]: INPUT Tensor: facing_direction [1, 3]. 3 elements of type FLOAT
INFO [/home/jihun/work/VoLoAgent/.worktrees/g1-harness-native/gear_sonic_deploy/src/TRTInference/InferenceEngine.cpp(476)]: INPUT Tensor: random_seed [1]. 1 elements of type INT64
INFO [/home/jihun/work/VoLoAgent/.worktrees/g1-harness-native/gear_sonic_deploy/src/TRTInference/InferenceEngine.cpp(476)]: INPUT Tensor: has_specific_target [1, 1]. 1 elements of type INT64
INFO [/home/jihun/work/VoLoAgent/.worktrees/g1-harness-native/gear_sonic_deploy/src/TRTInference/InferenceEngine.cpp(476)]: INPUT Tensor: specific_target_positions [1, 4, 3]. 12 elements of type FLOAT
INFO [/home/jihun/work/VoLoAgent/.worktrees/g1-harness-native/gear_sonic_deploy/src/TRTInference/InferenceEngine.cpp(476)]: INPUT Tensor: specific_target_headings [1, 4]. 4 elements of type FLOAT
INFO [/home/jihun/work/VoLoAgent/.worktrees/g1-harness-native/gear_sonic_deploy/src/TRTInference/InferenceEngine.cpp(476)]: INPUT Tensor: allowed_pred_num_tokens [1, 11]. 11 elements of type INT64
INFO [/home/jihun/work/VoLoAgent/.worktrees/g1-harness-native/gear_sonic_deploy/src/TRTInference/InferenceEngine.cpp(476)]: INPUT Tensor: height [1]. 1 elements of type FLOAT
INFO [/home/jihun/work/VoLoAgent/.worktrees/g1-harness-native/gear_sonic_deploy/src/TRTInference/InferenceEngine.cpp(476)]: OUTPUT Tensor: mujoco_qpos [1, 64, 36]. 2304 elements of type FLOAT
INFO [/home/jihun/work/VoLoAgent/.worktrees/g1-harness-native/gear_sonic_deploy/src/TRTInference/InferenceEngine.cpp(476)]: OUTPUT Tensor: num_pred_frames [1]. 1 elements of type INT32
✓ Successfully converted ONNX to TRT: /home/jihun/work/GR00T-WholeBodyControl/gear_sonic_deploy/planner/target_vel/V2/planner_planner_sonic.trt
Input tensors:
  allowed_pred_num_tokens 1 11 int64
  context_mujoco_qpos 1 4 36 float
  facing_direction 1 3 float
  has_specific_target 1 1 int64
  height 1 float
  mode 1 int64
  movement_direction 1 3 float
  random_seed 1 int64
  specific_target_headings 1 4 float
  specific_target_positions 1 4 3 float
  target_vel 1 float
Output tensors:
  mujoco_qpos 1 64 36 float
  num_pred_frames 1 int32
✓ TensorRT planner model loaded successfully!
Initializing encoder observations...
✓ Initialized 12 encoder observations (total dim: 1751)

=== Observation Configuration ===
Active policy observations (runtime order):
  1. token_state (64D) [offset: 0]
  2. his_base_angular_velocity_10frame_step1 (30D) [offset: 64]
  3. his_body_joint_positions_10frame_step1 (290D) [offset: 94]
  4. his_body_joint_velocities_10frame_step1 (290D) [offset: 384]
  5. his_last_actions_10frame_step1 (290D) [offset: 674]
  6. his_gravity_dir_10frame_step1 (30D) [offset: 964]

Policy Summary:
  Total dimension: 994
  Model dimension: 994
  ✓ Dimension match: Configuration is valid!

--- Encoder Observations ---
  1. encoder_mode_4 (4D) [offset: 0]
  2. motion_joint_positions_10frame_step5 (290D) [offset: 4]
  3. motion_joint_velocities_10frame_step5 (290D) [offset: 294]
  4. motion_anchor_orientation_heading_10frame_step5 (60D) [offset: 584]
  5. motion_anchor_orientation_heading (6D) [offset: 644]
  6. motion_joint_positions_lowerbody_10frame_step5 (120D) [offset: 650]
  7. motion_joint_velocities_lowerbody_10frame_step5 (120D) [offset: 770]
  8. vr_3point_local_target (9D) [offset: 890]
  9. vr_3point_local_orn_target (12D) [offset: 899]
  10. smpl_joints_10frame_step1 (720D) [offset: 911]
  11. smpl_anchor_orientation_heading_10frame_step1 (60D) [offset: 1631]
  12. motion_joint_positions_wrists_10frame_step1 (60D) [offset: 1691]

Encoder Summary:
  Total dimension: 1751
  Model dimension: 1751
  ✓ Dimension match: Encoder configuration is valid!
================================

[ZMQEndpointInterface] Connected to 127.0.0.1:11556 topic='pose'
[ZMQEndpointInterface] Press ENTER to toggle between loaded motions and ZMQ stream
[ZMQManager] Initialized (default: PLANNER mode)
  - Host: 127.0.0.1:11556
  - Command topic: 'command' (start/stop/mode)
    Format: { start: bool, stop: bool, planner: bool }
  - Planner topic: 'planner' (movement)
  - Pose topic: 'pose' (streamed motion)
  - VR_3PT safety filter: max position step 0.03 m, max orientation step 5 deg, stop after 10 rejects
Initialized ZMQ manager
  Host: 127.0.0.1:11556
  Pose topic: pose
  Command topic: command
  Planner topic: planner
  Conflate: disabled
  Initial encoder mode: 0
[INFO] Initial VR 3-point compliance: [0.5, 0.5, 0]
[INFO] Initial hand max close ratio: 1 (1.0 = full closure allowed, 0.2 = limited)
[INFO] Keyboard controls: g/h = left hand +/- 0.1, b/v = right hand +/- 0.1 (range: 0.01-0.5)
[INFO] Keyboard controls: x/c = hand max close ratio +/- 0.1 (range: 0.2-1.0)

┌─────────────────────────────────────────────────────────────────────────────┐
│  Compliance control: DISABLED                                               │
│  Policy does not observe 'vr_3point_compliance'.                            │
│  Keyboard controls (g/h/b/v) will be ignored for this policy.               │
│  To enable, use a compliance-aware policy that observes it natively.        │
└─────────────────────────────────────────────────────────────────────────────┘

Initializing realtime debug socket
Binding to port: 11557 and topic: g1_debug
[INFO] Realtime debug socket bound to port: 11557
[ZMQ Output DEBUG] ZMQOutputHandler initialized with topics: 'g1_debug' (combined state+viz), 'robot_config' (config)
Initialized ZMQ output interface
[ZMQ Output] Robot config cached (10 fields, 645 bytes)
Total output interfaces initialized: 1
[DEBUG] G1Deploy object created successfully!
Init Done
[ZMQManager] Planner enabled
[Control] DEBUG: operator_state.start=true, transitioning to CONTROL state
Initializing planner...
Setting planner_motion encode mode to 0
Replanning with mode: IDLE, target_height: -1, target_vel: -1, movement: [0, 0, 0], facing: [1, 0, 0]
Planner Init timing - Model: 5276us, Extract: 4us
Planner initialized
Planner initialized successfully!
Reset heading state to 0.999911, 0.00592806, 0.0119167, 1.24354e-05
Reset delta heading to 0
Reset init reference data root rotation to current frame: 0.710374, -0.013102, 0.01908, 0.703444
**********************************************************
Reference motion name: neutral_kick_R_001__A543_M
**********************************************************
[Mode Filter] Switched to mode 'g1' (ID=0) with 4 required observations
Reset heading state to 0.999693, 0.0084561, 0.0217762, 0.0082291
Reset delta heading to 0
Reset init reference data root rotation to current frame: 0.999998, -1.3969e-05, -0.00203728, -2.84856e-08
**********************************************************
Reference motion name: planner_motion
**********************************************************
[ZMQManager] Waiting for planner to be initialized
[ZMQManager] motion name is planner_motion
Loop timing - LowState age: 3.97ms, Streaming data mean delay: 0ms, Streaming data std delay: 0ms, IMU age: 3.961ms, Obs: 368us, Policy: 498us, Obs 2 Motor Command: 866us, Post processing: 22us, Planner - Gather Input: 0us, Model: 0us, Convert50Hz: 0us, Total: 0us | HandCloseRatio: 1
Loop timing - LowState age: 2.343ms, Streaming data mean delay: 0ms, Streaming data std delay: 0ms, IMU age: 2.357ms, Obs: 381us, Policy: 499us, Obs 2 Motor Command: 880us, Post processing: 25us, Planner - Gather Input: 0us, Model: 0us, Convert50Hz: 0us, Total: 0us | HandCloseRatio: 1
Replanning with mode: IDLE, target_height: -1, target_vel: -1, movement: [0, 0, 0], facing: [0.99805, -0.062421, 0]
Loop timing - LowState age: 5.388ms, Streaming data mean delay: 0ms, Streaming data std delay: 0ms, IMU age: 5.376ms, Obs: 385us, Policy: 501us, Obs 2 Motor Command: 886us, Post processing: 24us, Planner - Gather Input: 28us, Model: 5258us, Convert50Hz: 6us, Total: 5293us | HandCloseRatio: 1
Loop timing - LowState age: 3.881ms, Streaming data mean delay: 0ms, Streaming data std delay: 0ms, IMU age: 3.878ms, Obs: 348us, Policy: 496us, Obs 2 Motor Command: 844us, Post processing: 20us, Planner - Gather Input: 28us, Model: 5258us, Convert50Hz: 6us, Total: 5293us | HandCloseRatio: 1
Loop timing - LowState age: 3.294ms, Streaming data mean delay: 0ms, Streaming data std delay: 0ms, IMU age: 3.318ms, Obs: 364us, Policy: 492us, Obs 2 Motor Command: 856us, Post processing: 18us, Planner - Gather Input: 28us, Model: 5258us, Convert50Hz: 6us, Total: 5293us | HandCloseRatio: 1
Loop timing - LowState age: 1.84ms, Streaming data mean delay: 0ms, Streaming data std delay: 0ms, IMU age: 1.791ms, Obs: 357us, Policy: 498us, Obs 2 Motor Command: 855us, Post processing: 19us, Planner - Gather Input: 28us, Model: 5258us, Convert50Hz: 6us, Total: 5293us | HandCloseRatio: 1
Loop timing - LowState age: 5.93ms, Streaming data mean delay: 0ms, Streaming data std delay: 0ms, IMU age: 5.926ms, Obs: 359us, Policy: 500us, Obs 2 Motor Command: 859us, Post processing: 33us, Planner - Gather Input: 28us, Model: 5258us, Convert50Hz: 6us, Total: 5293us | HandCloseRatio: 1
[ZMQManager] Switched to: STREAMED MOTION mode (safety reset)
[ZMQManager] Cleared planner buffer
[ZMQEndpointInterface] Safety reset triggered: will disable ZMQ streaming and return to reference motion
[ZMQManager] ZMQ streaming enabled
Safety reset: Planner disabled
Safety reset: ZMQ streaming disabled, returned to reference motion at frame 0
=====================================
ZMQ STREAMING MODE: ENABLED
=====================================
Using pose data from 127.0.0.1:11556
Press ENTER again to return to loaded motions
Reset heading state to 0.999069, 0.000746689, -0.0309329, -0.0300546
Reset delta heading to 0
Reset init reference data root rotation to current frame: 0.999286, -0.00227838, -0.0220976, -0.0305499
**********************************************************
Reference motion name: temporary_motion
**********************************************************
[ZMQEndpointInterface] Received ZMQ message - topic: 'pose', protocol_version: 4, num_fields: 4, total_size: 4 buffers
[ZMQEndpointInterface] *** Starting ZMQ processing ***
[ZMQEndpointInterface] Protocol version: 4
[ZMQEndpointInterface] Protocol version 4 established
[ZMQEndpointInterface] Protocol v4: Received 64D token (latent action), tokens[0]=0.0010376, frame_index: 0
[ZMQEndpointInterface] Protocol v4: Left hand joints set: [0.0000, 0.0123, 0.0082, -0.0195, -0.0176, -0.0117, -0.0117]
[ZMQEndpointInterface] Protocol v4: Right hand joints set: [0.0000, 0.0000, 0.0000, 0.0117, 0.0000, 0.0039, 0.0117]
[Token Safety] ✓ First token received! Control can now be started.
[Token Flow] Copied external tokens, tokens[0]=0.0010
Temporary motion completed.
Reset to frame 0.
[ZMQEndpointInterface] Received ZMQ message - topic: 'pose', protocol_version: 4, num_fields: 4, total_size: 4 buffers
[ZMQEndpointInterface] *** Starting ZMQ processing ***
[ZMQEndpointInterface] Protocol version: 4
[ZMQEndpointInterface] Protocol v4: Received 64D token (latent action), tokens[0]=0.0015, frame_index: 1
[ZMQEndpointInterface] Protocol v4: Left hand joints set: [0.0000, 0.0109, 0.0109, -0.0117, -0.0146, -0.0137, -0.0205]
[ZMQEndpointInterface] Protocol v4: Right hand joints set: [0.0000, -0.0027, -0.0014, 0.0078, 0.0059, 0.0078, 0.0029]
Reset heading state to 0.9989, -0.0026, -0.0371, -0.0294
Reset delta heading to 0
Reset init reference data root rotation to current frame: 0.9997, -0.0016, -0.0223, -0.0045
**********************************************************
Reference motion name: temporary_motion
**********************************************************
[ZMQEndpointInterface] Received ZMQ message - topic: 'pose', protocol_version: 4, num_fields: 4, total_size: 4 buffers
[ZMQEndpointInterface] *** Starting ZMQ processing ***
[ZMQEndpointInterface] Protocol version: 4
[ZMQEndpointInterface] Protocol v4: Received 64D token (latent action), tokens[0]=-0.0011, frame_index: 2
[ZMQEndpointInterface] Protocol v4: Left hand joints set: [0.0000, 0.0123, 0.0096, -0.0176, -0.0117, -0.0078, -0.0264]
[ZMQEndpointInterface] Protocol v4: Right hand joints set: [0.0000, -0.0027, -0.0014, 0.0020, 0.0000, 0.0000, 0.0000]
[ZMQEndpointInterface] Received ZMQ message - topic: 'pose', protocol_version: 4, num_fields: 4, total_size: 4 buffers
[ZMQEndpointInterface] *** Starting ZMQ processing ***
[ZMQEndpointInterface] Protocol version: 4
[ZMQEndpointInterface] Protocol v4: Received 64D token (latent action), tokens[0]=0.0015, frame_index: 3
[ZMQEndpointInterface] Protocol v4: Left hand joints set: [0.0000, 0.0068, 0.0109, -0.0059, -0.0146, -0.0098, -0.0234]
[ZMQEndpointInterface] Protocol v4: Right hand joints set: [0.0000, 0.0000, -0.0027, 0.0059, 0.0000, 0.0078, 0.0059]
[ZMQEndpointInterface] Received ZMQ message - topic: 'pose', protocol_version: 4, num_fields: 4, total_size: 4 buffers
[ZMQEndpointInterface] *** Starting ZMQ processing ***
[ZMQEndpointInterface] Protocol version: 4
[ZMQEndpointInterface] Protocol v4: Received 64D token (latent action), tokens[0]=0.0032, frame_index: 4
[ZMQEndpointInterface] Protocol v4: Left hand joints set: [0.0000, 0.0109, 0.0109, -0.0176, -0.0205, -0.0098, -0.0146]
[ZMQEndpointInterface] Protocol v4: Right hand joints set: [0.0000, -0.0027, -0.0055, 0.0059, 0.0029, 0.0020, 0.0029]
[ZMQEndpointInterface] Received ZMQ message - topic: 'pose', protocol_version: 4, num_fields: 4, total_size: 4 buffers
[ZMQEndpointInterface] *** Starting ZMQ processing ***
[ZMQEndpointInterface] Protocol version: 4
[ZMQEndpointInterface] Protocol v4: Received 64D token (latent action), tokens[0]=-0.0024, frame_index: 5
[ZMQEndpointInterface] Protocol v4: Left hand joints set: [0.0000, 0.0109, 0.0082, -0.0137, -0.0059, -0.0078, -0.0205]
[ZMQEndpointInterface] Protocol v4: Right hand joints set: [0.0000, -0.0027, -0.0027, 0.0078, 0.0000, 0.0059, 0.0059]
[ZMQEndpointInterface] Received ZMQ message - topic: 'pose', protocol_version: 4, num_fields: 4, total_size: 4 buffers
[ZMQEndpointInterface] *** Starting ZMQ processing ***
[ZMQEndpointInterface] Protocol version: 4
[ZMQEndpointInterface] Protocol v4: Received 64D token (latent action), tokens[0]=0.0027, frame_index: 6
[ZMQEndpointInterface] Protocol v4: Left hand joints set: [0.0000, 0.0137, 0.0137, -0.0156, -0.0088, -0.0137, -0.0205]
[ZMQEndpointInterface] Protocol v4: Right hand joints set: [0.0000, -0.0027, -0.0014, 0.0039, 0.0059, 0.0039, 0.0088]
[ZMQEndpointInterface] Received ZMQ message - topic: 'pose', protocol_version: 4, num_fields: 4, total_size: 4 buffers
[ZMQEndpointInterface] *** Starting ZMQ processing ***
[ZMQEndpointInterface] Protocol version: 4
[ZMQEndpointInterface] Protocol v4: Received 64D token (latent action), tokens[0]=0.0006, frame_index: 7
[ZMQEndpointInterface] Protocol v4: Left hand joints set: [0.0000, 0.0096, 0.0109, -0.0078, -0.0146, -0.0039, -0.0117]
[ZMQEndpointInterface] Protocol v4: Right hand joints set: [0.0000, -0.0082, -0.0055, 0.0039, 0.0088, 0.0039, 0.0117]
[ZMQEndpointInterface] Received ZMQ message - topic: 'pose', protocol_version: 4, num_fields: 4, total_size: 4 buffers
[ZMQEndpointInterface] *** Starting ZMQ processing ***
[ZMQEndpointInterface] Protocol version: 4
[ZMQEndpointInterface] Protocol v4: Received 64D token (latent action), tokens[0]=0.0002, frame_index: 8
[ZMQEndpointInterface] Protocol v4: Left hand joints set: [0.0000, 0.0109, 0.0068, -0.0117, -0.0117, -0.0117, -0.0205]
[ZMQEndpointInterface] Protocol v4: Right hand joints set: [0.0000, -0.0082, -0.0055, 0.0039, 0.0146, 0.0039, 0.0029]
[ZMQEndpointInterface] Received ZMQ message - topic: 'pose', protocol_version: 4, num_fields: 4, total_size: 4 buffers
[ZMQEndpointInterface] *** Starting ZMQ processing ***
[ZMQEndpointInterface] Protocol version: 4
[ZMQEndpointInterface] Protocol v4: Received 64D token (latent action), tokens[0]=-0.0002, frame_index: 9
[ZMQEndpointInterface] Protocol v4: Left hand joints set: [0.0000, 0.0123, 0.0082, -0.0156, -0.0146, -0.0137, -0.0205]
[ZMQEndpointInterface] Protocol v4: Right hand joints set: [0.0000, -0.0082, -0.0041, 0.0039, 0.0117, 0.0039, 0.0059]
[ZMQEndpointInterface] Received ZMQ message - topic: 'pose', protocol_version: 4, num_fields: 4, total_size: 4 buffers
[ZMQEndpointInterface] *** Starting ZMQ processing ***
[ZMQEndpointInterface] Protocol version: 4
[ZMQEndpointInterface] Protocol v4: Received 64D token (latent action), tokens[0]=0.0010, frame_index: 10
[ZMQEndpointInterface] Protocol v4: Left hand joints set: [0.0000, 0.0109, 0.0096, -0.0117, -0.0176, -0.0078, -0.0176]
[ZMQEndpointInterface] Protocol v4: Right hand joints set: [0.0000, -0.0041, -0.0027, 0.0039, 0.0117, 0.0078, 0.0088]
[ZMQEndpointInterface] Received ZMQ message - topic: 'pose', protocol_version: 4, num_fields: 4, total_size: 4 buffers
[ZMQEndpointInterface] *** Starting ZMQ processing ***
[ZMQEndpointInterface] Protocol version: 4
[ZMQEndpointInterface] Protocol v4: Received 64D token (latent action), tokens[0]=0.0019, frame_index: 11
[ZMQEndpointInterface] Protocol v4: Left hand joints set: [0.0000, 0.0082, 0.0082, -0.0117, -0.0059, -0.0059, -0.0234]
[ZMQEndpointInterface] Protocol v4: Right hand joints set: [0.0000, -0.0068, -0.0055, 0.0039, 0.0088, 0.0117, 0.0029]
[ZMQEndpointInterface] Received ZMQ message - topic: 'pose', protocol_version: 4, num_fields: 4, total_size: 4 buffers
[ZMQEndpointInterface] *** Starting ZMQ processing ***
[ZMQEndpointInterface] Protocol version: 4
[ZMQEndpointInterface] Protocol v4: Received 64D token (latent action), tokens[0]=0.0002, frame_index: 12
[ZMQEndpointInterface] Protocol v4: Left hand joints set: [0.0000, 0.0109, 0.0150, -0.0117, -0.0176, -0.0137, -0.0234]
[ZMQEndpointInterface] Protocol v4: Right hand joints set: [0.0000, -0.0082, -0.0082, 0.0020, 0.0117, 0.0078, 0.0088]
[ZMQEndpointInterface] Received ZMQ message - topic: 'pose', protocol_version: 4, num_fields: 4, total_size: 4 buffers
[ZMQEndpointInterface] *** Starting ZMQ processing ***
[ZMQEndpointInterface] Protocol version: 4
[ZMQEndpointInterface] Protocol v4: Received 64D token (latent action), tokens[0]=0.0040, frame_index: 13
[ZMQEndpointInterface] Protocol v4: Left hand joints set: [0.0000, 0.0109, 0.0109, -0.0156, -0.0205, -0.0098, -0.0205]
[ZMQEndpointInterface] Protocol v4: Right hand joints set: [0.0000, -0.0109, -0.0055, 0.0020, 0.0059, 0.0098, 0.0088]
[ZMQEndpointInterface] Received ZMQ message - topic: 'pose', protocol_version: 4, num_fields: 4, total_size: 4 buffers
[ZMQEndpointInterface] *** Starting ZMQ processing ***
[ZMQEndpointInterface] Protocol version: 4
[ZMQEndpointInterface] Protocol v4: Received 64D token (latent action), tokens[0]=-0.0015, frame_index: 14
[ZMQEndpointInterface] Protocol v4: Left hand joints set: [0.0000, 0.0082, 0.0137, -0.0156, -0.0146, -0.0078, -0.0176]
[ZMQEndpointInterface] Protocol v4: Right hand joints set: [0.0000, -0.0096, -0.0055, 0.0059, 0.0117, 0.0078, 0.0059]
[ZMQEndpointInterface] Received ZMQ message - topic: 'pose', protocol_version: 4, num_fields: 4, total_size: 4 buffers
[ZMQEndpointInterface] *** Starting ZMQ processing ***
[ZMQEndpointInterface] Protocol version: 4
[ZMQEndpointInterface] Protocol v4: Received 64D token (latent action), tokens[0]=0.0006, frame_index: 15
[ZMQEndpointInterface] Protocol v4: Left hand joints set: [0.0000, 0.0096, 0.0082, -0.0176, -0.0205, -0.0117, -0.0234]
[ZMQEndpointInterface] Protocol v4: Right hand joints set: [0.0000, -0.0068, -0.0055, 0.0000, 0.0000, 0.0078, 0.0059]
Loop timing - LowState age: 4.4040ms, Streaming data mean delay: 12.1250ms, Streaming data std delay: 0.3307ms, IMU age: 4.3990ms, Obs: 64us, Policy: 600us, Obs 2 Motor Command: 664us, Post processing: 27us | HandCloseRatio: 1.0000
[ZMQEndpointInterface] Received ZMQ message - topic: 'pose', protocol_version: 4, num_fields: 4, total_size: 4 buffers
[ZMQEndpointInterface] *** Starting ZMQ processing ***
[ZMQEndpointInterface] Protocol version: 4
[ZMQEndpointInterface] Protocol v4: Received 64D token (latent action), tokens[0]=0.0015, frame_index: 16
[ZMQEndpointInterface] Protocol v4: Left hand joints set: [0.0000, 0.0068, 0.0082, -0.0156, -0.0176, -0.0098, -0.0234]
[ZMQEndpointInterface] Protocol v4: Right hand joints set: [0.0000, -0.0068, -0.0055, 0.0039, 0.0117, 0.0078, 0.0029]
[ZMQEndpointInterface] Received ZMQ message - topic: 'pose', protocol_version: 4, num_fields: 4, total_size: 4 buffers
[ZMQEndpointInterface] *** Starting ZMQ processing ***
[ZMQEndpointInterface] Protocol version: 4
[ZMQEndpointInterface] Protocol v4: Received 64D token (latent action), tokens[0]=0.0010, frame_index: 17
[ZMQEndpointInterface] Protocol v4: Left hand joints set: [0.0000, 0.0109, 0.0041, -0.0215, -0.0146, -0.0078, -0.0322]
[ZMQEndpointInterface] Protocol v4: Right hand joints set: [0.0000, -0.0082, -0.0068, 0.0117, 0.0059, 0.0059, 0.0059]
[ZMQEndpointInterface] Received ZMQ message - topic: 'pose', protocol_version: 4, num_fields: 4, total_size: 4 buffers
[ZMQEndpointInterface] *** Starting ZMQ processing ***
[ZMQEndpointInterface] Protocol version: 4
[ZMQEndpointInterface] Protocol v4: Received 64D token (latent action), tokens[0]=-0.0011, frame_index: 18
[ZMQEndpointInterface] Protocol v4: Left hand joints set: [0.0000, 0.0109, 0.0123, -0.0176, -0.0117, -0.0078, -0.0146]
[ZMQEndpointInterface] Protocol v4: Right hand joints set: [0.0000, -0.0082, -0.0041, 0.0000, 0.0117, 0.0078, 0.0117]
[ZMQEndpointInterface] Received ZMQ message - topic: 'pose', protocol_version: 4, num_fields: 4, total_size: 4 buffers
[ZMQEndpointInterface] *** Starting ZMQ processing ***
[ZMQEndpointInterface] Protocol version: 4
[ZMQEndpointInterface] Protocol v4: Received 64D token (latent action), tokens[0]=0.0023, frame_index: 19
[ZMQEndpointInterface] Protocol v4: Left hand joints set: [0.0000, 0.0082, 0.0123, -0.0195, -0.0234, -0.0117, -0.0293]
[ZMQEndpointInterface] Protocol v4: Right hand joints set: [0.0000, -0.0055, -0.0014, 0.0020, 0.0000, 0.0000, 0.0059]
[ZMQEndpointInterface] Received ZMQ message - topic: 'pose', protocol_version: 4, num_fields: 4, total_size: 4 buffers
[ZMQEndpointInterface] *** Starting ZMQ processing ***
[ZMQEndpointInterface] Protocol version: 4
[ZMQEndpointInterface] Protocol v4: Received 64D token (latent action), tokens[0]=-0.0002, frame_index: 20
[ZMQEndpointInterface] Protocol v4: Left hand joints set: [0.0000, 0.0082, 0.0082, -0.0117, -0.0176, -0.0117, -0.0264]
[ZMQEndpointInterface] Protocol v4: Right hand joints set: [0.0000, -0.0082, -0.0082, 0.0078, 0.0117, 0.0078, 0.0059]
[ZMQEndpointInterface] Received ZMQ message - topic: 'pose', protocol_version: 4, num_fields: 4, total_size: 4 buffers
[ZMQEndpointInterface] *** Starting ZMQ processing ***
[ZMQEndpointInterface] Protocol version: 4
[ZMQEndpointInterface] Protocol v4: Received 64D token (latent action), tokens[0]=-0.0011, frame_index: 21
[ZMQEndpointInterface] Protocol v4: Left hand joints set: [0.0000, 0.0082, 0.0109, -0.0156, -0.0322, -0.0117, -0.0176]
[ZMQEndpointInterface] Protocol v4: Right hand joints set: [0.0000, -0.0055, -0.0027, 0.0039, 0.0088, 0.0020, 0.0000]
[ZMQEndpointInterface] Received ZMQ message - topic: 'pose', protocol_version: 4, num_fields: 4, total_size: 4 buffers
[ZMQEndpointInterface] *** Starting ZMQ processing ***
[ZMQEndpointInterface] Protocol version: 4
[ZMQEndpointInterface] Protocol v4: Received 64D token (latent action), tokens[0]=0.0015, frame_index: 22
[ZMQEndpointInterface] Protocol v4: Left hand joints set: [0.0000, 0.0041, 0.0150, -0.0156, -0.0205, -0.0137, -0.0234]
[ZMQEndpointInterface] Protocol v4: Right hand joints set: [0.0000, -0.0109, -0.0041, 0.0000, 0.0117, 0.0078, 0.0088]
[ZMQEndpointInterface] Received ZMQ message - topic: 'pose', protocol_version: 4, num_fields: 4, total_size: 4 buffers
[ZMQEndpointInterface] *** Starting ZMQ processing ***
[ZMQEndpointInterface] Protocol version: 4
[ZMQEndpointInterface] Protocol v4: Received 64D token (latent action), tokens[0]=-0.0002, frame_index: 23
[ZMQEndpointInterface] Protocol v4: Left hand joints set: [0.0000, 0.0082, 0.0109, -0.0176, -0.0146, -0.0137, -0.0234]
[ZMQEndpointInterface] Protocol v4: Right hand joints set: [0.0000, -0.0082, -0.0041, 0.0039, 0.0117, 0.0098, 0.0000]
[ZMQEndpointInterface] Received ZMQ message - topic: 'pose', protocol_version: 4, num_fields: 4, total_size: 4 buffers
[ZMQEndpointInterface] *** Starting ZMQ processing ***
[ZMQEndpointInterface] Protocol version: 4
[ZMQEndpointInterface] Protocol v4: Received 64D token (latent action), tokens[0]=0.0006, frame_index: 24
[ZMQEndpointInterface] Protocol v4: Left hand joints set: [0.0000, 0.0082, 0.0096, -0.0078, -0.0117, -0.0098, -0.0234]
[ZMQEndpointInterface] Protocol v4: Right hand joints set: [0.0000, -0.0096, -0.0055, 0.0078, 0.0059, 0.0098, 0.0146]
[ZMQEndpointInterface] Received ZMQ message - topic: 'pose', protocol_version: 4, num_fields: 4, total_size: 4 buffers
[ZMQEndpointInterface] *** Starting ZMQ processing ***
[ZMQEndpointInterface] Protocol version: 4
[ZMQEndpointInterface] Protocol v4: Received 64D token (latent action), tokens[0]=0.0019, frame_index: 25
[ZMQEndpointInterface] Protocol v4: Left hand joints set: [0.0000, 0.0109, 0.0109, -0.0137, -0.0205, -0.0117, -0.0264]
[ZMQEndpointInterface] Protocol v4: Right hand joints set: [0.0000, -0.0068, -0.0055, 0.0039, 0.0000, 0.0039, 0.0000]
[ZMQEndpointInterface] Received ZMQ message - topic: 'pose', protocol_version: 4, num_fields: 4, total_size: 4 buffers
[ZMQEndpointInterface] *** Starting ZMQ processing ***
[ZMQEndpointInterface] Protocol version: 4
[ZMQEndpointInterface] Protocol v4: Received 64D token (latent action), tokens[0]=0.0040, frame_index: 26
[ZMQEndpointInterface] Protocol v4: Left hand joints set: [0.0000, 0.0096, 0.0055, -0.0137, -0.0117, -0.0117, -0.0264]
[ZMQEndpointInterface] Protocol v4: Right hand joints set: [0.0000, -0.0068, -0.0068, 0.0059, 0.0088, 0.0117, 0.0117]
[ZMQEndpointInterface] Received ZMQ message - topic: 'pose', protocol_version: 4, num_fields: 4, total_size: 4 buffers
[ZMQEndpointInterface] *** Starting ZMQ processing ***
[ZMQEndpointInterface] Protocol version: 4
[ZMQEndpointInterface] Protocol v4: Received 64D token (latent action), tokens[0]=0.0019, frame_index: 27
[ZMQEndpointInterface] Protocol v4: Left hand joints set: [0.0000, 0.0082, 0.0109, -0.0156, -0.0146, -0.0098, -0.0234]
[ZMQEndpointInterface] Protocol v4: Right hand joints set: [0.0000, -0.0109, -0.0082, 0.0117, 0.0176, 0.0137, 0.0146]
[ZMQEndpointInterface] Received ZMQ message - topic: 'pose', protocol_version: 4, num_fields: 4, total_size: 4 buffers
[ZMQEndpointInterface] *** Starting ZMQ processing ***
[ZMQEndpointInterface] Protocol version: 4
[ZMQEndpointInterface] Protocol v4: Received 64D token (latent action), tokens[0]=0.0006, frame_index: 28
[ZMQEndpointInterface] Protocol v4: Left hand joints set: [0.0000, 0.0068, 0.0164, -0.0156, -0.0117, -0.0117, -0.0234]
[ZMQEndpointInterface] Protocol v4: Right hand joints set: [0.0000, -0.0082, -0.0055, 0.0078, 0.0059, 0.0078, 0.0059]
[ZMQEndpointInterface] Received ZMQ message - topic: 'pose', protocol_version: 4, num_fields: 4, total_size: 4 buffers
[ZMQEndpointInterface] *** Starting ZMQ processing ***
[ZMQEndpointInterface] Protocol version: 4
[ZMQEndpointInterface] Protocol v4: Received 64D token (latent action), tokens[0]=0.0006, frame_index: 29
[ZMQEndpointInterface] Protocol v4: Left hand joints set: [0.0000, 0.0082, 0.0082, -0.0137, -0.0059, -0.0098, -0.0264]
[ZMQEndpointInterface] Protocol v4: Right hand joints set: [0.0000, -0.0055, 0.0000, 0.0117, 0.0000, 0.0059, 0.0000]
[ZMQEndpointInterface] Received ZMQ message - topic: 'pose', protocol_version: 4, num_fields: 4, total_size: 4 buffers
[ZMQEndpointInterface] *** Starting ZMQ processing ***
[ZMQEndpointInterface] Protocol version: 4
[ZMQEndpointInterface] Protocol v4: Received 64D token (latent action), tokens[0]=0.0032, frame_index: 30
[ZMQEndpointInterface] Protocol v4: Left hand joints set: [0.0000, 0.0096, 0.0109, -0.0117, -0.0117, -0.0078, -0.0264]
[ZMQEndpointInterface] Protocol v4: Right hand joints set: [0.0000, -0.0109, -0.0055, 0.0117, 0.0117, 0.0117, 0.0146]
[ZMQEndpointInterface] Received ZMQ message - topic: 'pose', protocol_version: 4, num_fields: 4, total_size: 4 buffers
[ZMQEndpointInterface] *** Starting ZMQ processing ***
[ZMQEndpointInterface] Protocol version: 4
[ZMQEndpointInterface] Protocol v4: Received 64D token (latent action), tokens[0]=0.0006, frame_index: 31
[ZMQEndpointInterface] Protocol v4: Left hand joints set: [0.0000, 0.0068, 0.0123, -0.0078, -0.0117, -0.0117, -0.0264]
[ZMQEndpointInterface] Protocol v4: Right hand joints set: [0.0000, -0.0109, -0.0055, 0.0059, 0.0059, 0.0078, 0.0059]
[ZMQEndpointInterface] Received ZMQ message - topic: 'pose', protocol_version: 4, num_fields: 4, total_size: 4 buffers
[ZMQEndpointInterface] *** Starting ZMQ processing ***
[ZMQEndpointInterface] Protocol version: 4
[ZMQEndpointInterface] Protocol v4: Received 64D token (latent action), tokens[0]=0.0023, frame_index: 32
[ZMQEndpointInterface] Protocol v4: Left hand joints set: [0.0000, 0.0082, 0.0096, -0.0117, -0.0117, -0.0117, -0.0264]
[ZMQEndpointInterface] Protocol v4: Right hand joints set: [0.0000, -0.0109, -0.0055, 0.0098, 0.0117, 0.0117, 0.0117]
[ZMQEndpointInterface] Received ZMQ message - topic: 'pose', protocol_version: 4, num_fields: 4, total_size: 4 buffers
[ZMQEndpointInterface] *** Starting ZMQ processing ***
[ZMQEndpointInterface] Protocol version: 4
[ZMQEndpointInterface] Protocol v4: Received 64D token (latent action), tokens[0]=0.0023, frame_index: 33
[ZMQEndpointInterface] Protocol v4: Left hand joints set: [0.0000, 0.0082, 0.0109, -0.0098, -0.0117, -0.0117, -0.0205]
[ZMQEndpointInterface] Protocol v4: Right hand joints set: [0.0000, -0.0137, -0.0055, 0.0059, 0.0088, 0.0098, 0.0029]
[ZMQEndpointInterface] Received ZMQ message - topic: 'pose', protocol_version: 4, num_fields: 4, total_size: 4 buffers
[ZMQEndpointInterface] *** Starting ZMQ processing ***
[ZMQEndpointInterface] Protocol version: 4
[ZMQEndpointInterface] Protocol v4: Received 64D token (latent action), tokens[0]=0.0019, frame_index: 34
[ZMQEndpointInterface] Protocol v4: Left hand joints set: [0.0000, 0.0109, 0.0109, -0.0098, -0.0146, -0.0117, -0.0293]
[ZMQEndpointInterface] Protocol v4: Right hand joints set: [0.0000, -0.0109, -0.0082, 0.0039, 0.0117, 0.0078, 0.0059]
[ZMQEndpointInterface] Received ZMQ message - topic: 'pose', protocol_version: 4, num_fields: 4, total_size: 4 buffers
[ZMQEndpointInterface] *** Starting ZMQ processing ***
[ZMQEndpointInterface] Protocol version: 4
[ZMQEndpointInterface] Protocol v4: Received 64D token (latent action), tokens[0]=0.0374, frame_index: 35
[ZMQEndpointInterface] Protocol v4: Left hand joints set: [0.0000, 0.0000, 0.0000, 0.0000, 0.0000, 0.0000, 0.0000]
[ZMQEndpointInterface] Protocol v4: Right hand joints set: [0.0000, -0.0082, -0.0055, 0.0000, 0.0000, 0.0039, 0.0000]
[ZMQEndpointInterface] Received ZMQ message - topic: 'pose', protocol_version: 4, num_fields: 4, total_size: 4 buffers
[ZMQEndpointInterface] *** Starting ZMQ processing ***
[ZMQEndpointInterface] Protocol version: 4
[ZMQEndpointInterface] Protocol v4: Received 64D token (latent action), tokens[0]=0.0416, frame_index: 36
[ZMQEndpointInterface] Protocol v4: Left hand joints set: [0.0000, 0.0000, 0.0000, 0.0000, 0.0000, 0.0000, 0.0000]
[ZMQEndpointInterface] Protocol v4: Right hand joints set: [0.0000, -0.0109, -0.0055, 0.0000, 0.0000, 0.0000, 0.0000]
[ZMQEndpointInterface] Received ZMQ message - topic: 'pose', protocol_version: 4, num_fields: 4, total_size: 4 buffers
[ZMQEndpointInterface] *** Starting ZMQ processing ***
[ZMQEndpointInterface] Protocol version: 4
[ZMQEndpointInterface] Protocol v4: Received 64D token (latent action), tokens[0]=0.0369, frame_index: 37
[ZMQEndpointInterface] Protocol v4: Left hand joints set: [0.0000, 0.0000, 0.0000, 0.0000, 0.0000, 0.0000, 0.0000]
[ZMQEndpointInterface] Protocol v4: Right hand joints set: [0.0000, -0.0041, -0.0055, 0.0000, 0.0000, 0.0000, 0.0088]
[ZMQEndpointInterface] Received ZMQ message - topic: 'pose', protocol_version: 4, num_fields: 4, total_size: 4 buffers
[ZMQEndpointInterface] *** Starting ZMQ processing ***
[ZMQEndpointInterface] Protocol version: 4
[ZMQEndpointInterface] Protocol v4: Received 64D token (latent action), tokens[0]=0.0418, frame_index: 38
[ZMQEndpointInterface] Protocol v4: Left hand joints set: [0.0000, 0.0000, 0.0000, 0.0000, 0.0000, 0.0000, 0.0000]
[ZMQEndpointInterface] Protocol v4: Right hand joints set: [0.0000, -0.0123, -0.0055, 0.0000, 0.0088, 0.0020, 0.0000]
[ZMQEndpointInterface] Received ZMQ message - topic: 'pose', protocol_version: 4, num_fields: 4, total_size: 4 buffers
[ZMQEndpointInterface] *** Starting ZMQ processing ***
[ZMQEndpointInterface] Protocol version: 4
[ZMQEndpointInterface] Protocol v4: Received 64D token (latent action), tokens[0]=0.0408, frame_index: 39
[ZMQEndpointInterface] Protocol v4: Left hand joints set: [0.0000, 0.0000, 0.0000, 0.0000, 0.0000, 0.0000, 0.0000]
[ZMQEndpointInterface] Protocol v4: Right hand joints set: [0.0000, -0.0082, -0.0041, 0.0078, 0.0029, 0.0059, 0.0000]
[ZMQEndpointInterface] Received ZMQ message - topic: 'pose', protocol_version: 4, num_fields: 4, total_size: 4 buffers
[ZMQEndpointInterface] *** Starting ZMQ processing ***
[ZMQEndpointInterface] Protocol version: 4
[ZMQEndpointInterface] Protocol v4: Received 64D token (latent action), tokens[0]=0.0410, frame_index: 40
[ZMQEndpointInterface] Protocol v4: Left hand joints set: [0.0000, 0.0000, 0.0000, 0.0000, 0.0000, 0.0000, 0.0000]
[ZMQEndpointInterface] Protocol v4: Right hand joints set: [0.0000, -0.0137, -0.0041, 0.0098, 0.0117, 0.0000, 0.0000]
[ZMQEndpointInterface] Received ZMQ message - topic: 'pose', protocol_version: 4, num_fields: 4, total_size: 4 buffers
[ZMQEndpointInterface] *** Starting ZMQ processing ***
[ZMQEndpointInterface] Protocol version: 4
[ZMQEndpointInterface] Protocol v4: Received 64D token (latent action), tokens[0]=0.0421, frame_index: 41
[ZMQEndpointInterface] Protocol v4: Left hand joints set: [0.0000, 0.0000, 0.0000, 0.0000, 0.0000, 0.0000, 0.0000]
[ZMQEndpointInterface] Protocol v4: Right hand joints set: [0.0000, -0.0096, -0.0055, 0.0020, 0.0000, 0.0078, 0.0029]
[ZMQEndpointInterface] Received ZMQ message - topic: 'pose', protocol_version: 4, num_fields: 4, total_size: 4 buffers
[ZMQEndpointInterface] *** Starting ZMQ processing ***
[ZMQEndpointInterface] Protocol version: 4
[ZMQEndpointInterface] Protocol v4: Received 64D token (latent action), tokens[0]=0.0408, frame_index: 42
[ZMQEndpointInterface] Protocol v4: Left hand joints set: [0.0000, 0.0000, 0.0000, 0.0000, 0.0000, 0.0000, 0.0000]
[ZMQEndpointInterface] Protocol v4: Right hand joints set: [0.0000, -0.0082, -0.0014, 0.0059, 0.0000, 0.0000, 0.0000]
[ZMQEndpointInterface] Received ZMQ message - topic: 'pose', protocol_version: 4, num_fields: 4, total_size: 4 buffers
[ZMQEndpointInterface] *** Starting ZMQ processing ***
[ZMQEndpointInterface] Protocol version: 4
[ZMQEndpointInterface] Protocol v4: Received 64D token (latent action), tokens[0]=0.0416, frame_index: 43
[ZMQEndpointInterface] Protocol v4: Left hand joints set: [0.0000, 0.0000, 0.0000, 0.0000, 0.0000, 0.0000, 0.0000]
[ZMQEndpointInterface] Protocol v4: Right hand joints set: [0.0000, -0.0055, -0.0082, 0.0078, 0.0000, 0.0000, 0.0000]
[ZMQEndpointInterface] Received ZMQ message - topic: 'pose', protocol_version: 4, num_fields: 4, total_size: 4 buffers
[ZMQEndpointInterface] *** Starting ZMQ processing ***
[ZMQEndpointInterface] Protocol version: 4
[ZMQEndpointInterface] Protocol v4: Received 64D token (latent action), tokens[0]=0.0438, frame_index: 44
[ZMQEndpointInterface] Protocol v4: Left hand joints set: [0.0000, 0.0000, 0.0000, 0.0000, 0.0000, 0.0000, 0.0000]
[ZMQEndpointInterface] Protocol v4: Right hand joints set: [0.0000, -0.0041, -0.0055, 0.0098, 0.0088, 0.0078, 0.0059]
[ZMQEndpointInterface] Received ZMQ message - topic: 'pose', protocol_version: 4, num_fields: 4, total_size: 4 buffers
[ZMQEndpointInterface] *** Starting ZMQ processing ***
[ZMQEndpointInterface] Protocol version: 4
[ZMQEndpointInterface] Protocol v4: Received 64D token (latent action), tokens[0]=0.0423, frame_index: 45
[ZMQEndpointInterface] Protocol v4: Left hand joints set: [0.0000, 0.0000, 0.0000, 0.0000, 0.0000, 0.0000, 0.0000]
[ZMQEndpointInterface] Protocol v4: Right hand joints set: [0.0000, -0.0109, -0.0055, 0.0000, 0.0088, 0.0020, 0.0000]
[ZMQEndpointInterface] Received ZMQ message - topic: 'pose', protocol_version: 4, num_fields: 4, total_size: 4 buffers
[ZMQEndpointInterface] *** Starting ZMQ processing ***
[ZMQEndpointInterface] Protocol version: 4
[ZMQEndpointInterface] Protocol v4: Received 64D token (latent action), tokens[0]=0.0435, frame_index: 46
[ZMQEndpointInterface] Protocol v4: Left hand joints set: [0.0000, 0.0000, 0.0000, 0.0000, 0.0000, 0.0000, 0.0000]
[ZMQEndpointInterface] Protocol v4: Right hand joints set: [0.0000, -0.0082, -0.0082, 0.0039, 0.0088, 0.0000, 0.0029]
[ZMQEndpointInterface] Received ZMQ message - topic: 'pose', protocol_version: 4, num_fields: 4, total_size: 4 buffers
[ZMQEndpointInterface] *** Starting ZMQ processing ***
[ZMQEndpointInterface] Protocol version: 4
[ZMQEndpointInterface] Protocol v4: Received 64D token (latent action), tokens[0]=0.0450, frame_index: 47
[ZMQEndpointInterface] Protocol v4: Left hand joints set: [0.0000, 0.0000, 0.0000, 0.0000, 0.0000, 0.0000, 0.0000]
[ZMQEndpointInterface] Protocol v4: Right hand joints set: [0.0000, -0.0082, -0.0027, 0.0117, 0.0029, 0.0039, 0.0088]
[ZMQEndpointInterface] Received ZMQ message - topic: 'pose', protocol_version: 4, num_fields: 4, total_size: 4 buffers
[ZMQEndpointInterface] *** Starting ZMQ processing ***
[ZMQEndpointInterface] Protocol version: 4
[ZMQEndpointInterface] Protocol v4: Received 64D token (latent action), tokens[0]=0.0446, frame_index: 48
[ZMQEndpointInterface] Protocol v4: Left hand joints set: [0.0000, 0.0000, 0.0000, 0.0000, 0.0000, 0.0000, 0.0000]
[ZMQEndpointInterface] Protocol v4: Right hand joints set: [0.0000, -0.0055, 0.0000, 0.0059, 0.0000, 0.0039, 0.0088]
[ZMQEndpointInterface] Received ZMQ message - topic: 'pose', protocol_version: 4, num_fields: 4, total_size: 4 buffers
[ZMQEndpointInterface] *** Starting ZMQ processing ***
[ZMQEndpointInterface] Protocol version: 4
[ZMQEndpointInterface] Protocol v4: Received 64D token (latent action), tokens[0]=0.0485, frame_index: 49
[ZMQEndpointInterface] Protocol v4: Left hand joints set: [0.0000, 0.0000, 0.0000, 0.0000, 0.0000, 0.0000, 0.0000]
[ZMQEndpointInterface] Protocol v4: Right hand joints set: [0.0000, -0.0096, -0.0068, 0.0078, 0.0176, 0.0078, 0.0146]
[ZMQEndpointInterface] Received ZMQ message - topic: 'pose', protocol_version: 4, num_fields: 4, total_size: 4 buffers
[ZMQEndpointInterface] *** Starting ZMQ processing ***
[ZMQEndpointInterface] Protocol version: 4
[ZMQEndpointInterface] Protocol v4: Received 64D token (latent action), tokens[0]=0.0480, frame_index: 50
[ZMQEndpointInterface] Protocol v4: Left hand joints set: [0.0000, 0.0000, 0.0000, 0.0000, 0.0000, 0.0000, 0.0000]
[ZMQEndpointInterface] Protocol v4: Right hand joints set: [0.0000, -0.0096, -0.0055, 0.0137, 0.0059, 0.0000, 0.0146]
[Token Flow] Copied external tokens, tokens[0]=0.0480
[ZMQEndpointInterface] Received ZMQ message - topic: 'pose', protocol_version: 4, num_fields: 4, total_size: 4 buffers
[ZMQEndpointInterface] *** Starting ZMQ processing ***
[ZMQEndpointInterface] Protocol version: 4
[ZMQEndpointInterface] Protocol v4: Received 64D token (latent action), tokens[0]=0.0472, frame_index: 51
[ZMQEndpointInterface] Protocol v4: Left hand joints set: [0.0000, 0.0000, 0.0000, 0.0000, 0.0000, 0.0000, 0.0000]
[ZMQEndpointInterface] Protocol v4: Right hand joints set: [0.0000, -0.0068, -0.0082, 0.0059, 0.0000, 0.0039, 0.0088]
[ZMQEndpointInterface] Received ZMQ message - topic: 'pose', protocol_version: 4, num_fields: 4, total_size: 4 buffers
[ZMQEndpointInterface] *** Starting ZMQ processing ***
[ZMQEndpointInterface] Protocol version: 4
[ZMQEndpointInterface] Protocol v4: Received 64D token (latent action), tokens[0]=0.0493, frame_index: 52
[ZMQEndpointInterface] Protocol v4: Left hand joints set: [0.0000, 0.0000, 0.0000, 0.0000, 0.0000, 0.0000, 0.0000]
[ZMQEndpointInterface] Protocol v4: Right hand joints set: [0.0000, -0.0082, -0.0041, 0.0078, 0.0146, 0.0000, 0.0088]
[ZMQEndpointInterface] Received ZMQ message - topic: 'pose', protocol_version: 4, num_fields: 4, total_size: 4 buffers
[ZMQEndpointInterface] *** Starting ZMQ processing ***
[ZMQEndpointInterface] Protocol version: 4
[ZMQEndpointInterface] Protocol v4: Received 64D token (latent action), tokens[0]=0.0506, frame_index: 53
[ZMQEndpointInterface] Protocol v4: Left hand joints set: [0.0000, 0.0014, 0.0000, 0.0000, 0.0000, 0.0000, 0.0000]
[ZMQEndpointInterface] Protocol v4: Right hand joints set: [0.0000, -0.0082, -0.0068, 0.0098, 0.0059, 0.0059, 0.0176]
[ZMQEndpointInterface] Received ZMQ message - topic: 'pose', protocol_version: 4, num_fields: 4, total_size: 4 buffers
[ZMQEndpointInterface] *** Starting ZMQ processing ***
[ZMQEndpointInterface] Protocol version: 4
[ZMQEndpointInterface] Protocol v4: Received 64D token (latent action), tokens[0]=0.0495, frame_index: 54
[ZMQEndpointInterface] Protocol v4: Left hand joints set: [0.0000, 0.0000, 0.0000, 0.0000, 0.0000, 0.0000, 0.0000]
[ZMQEndpointInterface] Protocol v4: Right hand joints set: [0.0000, -0.0068, -0.0068, 0.0078, 0.0146, 0.0039, 0.0029]
[ZMQEndpointInterface] Received ZMQ message - topic: 'pose', protocol_version: 4, num_fields: 4, total_size: 4 buffers
[ZMQEndpointInterface] *** Starting ZMQ processing ***
[ZMQEndpointInterface] Protocol version: 4
[ZMQEndpointInterface] Protocol v4: Received 64D token (latent action), tokens[0]=0.0493, frame_index: 55
[ZMQEndpointInterface] Protocol v4: Left hand joints set: [0.0000, 0.0000, 0.0000, 0.0000, 0.0000, 0.0000, 0.0000]
[ZMQEndpointInterface] Protocol v4: Right hand joints set: [0.0000, -0.0109, -0.0068, 0.0039, 0.0000, 0.0039, 0.0059]
[ZMQEndpointInterface] Received ZMQ message - topic: 'pose', protocol_version: 4, num_fields: 4, total_size: 4 buffers
[ZMQEndpointInterface] *** Starting ZMQ processing ***
[ZMQEndpointInterface] Protocol version: 4
[ZMQEndpointInterface] Protocol v4: Received 64D token (latent action), tokens[0]=0.0515, frame_index: 56
[ZMQEndpointInterface] Protocol v4: Left hand joints set: [0.0000, 0.0000, 0.0000, 0.0000, 0.0000, 0.0000, 0.0000]
[ZMQEndpointInterface] Protocol v4: Right hand joints set: [0.0000, -0.0096, -0.0055, 0.0117, 0.0088, 0.0059, 0.0146]
[ZMQEndpointInterface] Received ZMQ message - topic: 'pose', protocol_version: 4, num_fields: 4, total_size: 4 buffers
[ZMQEndpointInterface] *** Starting ZMQ processing ***
[ZMQEndpointInterface] Protocol version: 4
[ZMQEndpointInterface] Protocol v4: Received 64D token (latent action), tokens[0]=0.0515, frame_index: 57
[ZMQEndpointInterface] Protocol v4: Left hand joints set: [0.0000, 0.0000, 0.0000, 0.0000, 0.0000, 0.0000, 0.0000]
[ZMQEndpointInterface] Protocol v4: Right hand joints set: [0.0000, -0.0109, 0.0000, 0.0117, 0.0117, 0.0078, 0.0146]
[ZMQEndpointInterface] Received ZMQ message - topic: 'pose', protocol_version: 4, num_fields: 4, total_size: 4 buffers
[ZMQEndpointInterface] *** Starting ZMQ processing ***
[ZMQEndpointInterface] Protocol version: 4
[ZMQEndpointInterface] Protocol v4: Received 64D token (latent action), tokens[0]=0.0497, frame_index: 58
[ZMQEndpointInterface] Protocol v4: Left hand joints set: [0.0000, 0.0000, 0.0000, 0.0000, 0.0000, 0.0000, 0.0000]
[ZMQEndpointInterface] Protocol v4: Right hand joints set: [0.0000, -0.0096, -0.0014, 0.0098, 0.0088, 0.0078, 0.0000]
[ZMQEndpointInterface] Received ZMQ message - topic: 'pose', protocol_version: 4, num_fields: 4, total_size: 4 buffers
[ZMQEndpointInterface] *** Starting ZMQ processing ***
[ZMQEndpointInterface] Protocol version: 4
[ZMQEndpointInterface] Protocol v4: Received 64D token (latent action), tokens[0]=0.0500, frame_index: 59
[ZMQEndpointInterface] Protocol v4: Left hand joints set: [0.0000, 0.0000, 0.0000, 0.0000, 0.0000, 0.0000, 0.0000]
[ZMQEndpointInterface] Protocol v4: Right hand joints set: [0.0000, -0.0082, -0.0055, 0.0098, 0.0088, 0.0039, 0.0059]
[ZMQEndpointInterface] Received ZMQ message - topic: 'pose', protocol_version: 4, num_fields: 4, total_size: 4 buffers
[ZMQEndpointInterface] *** Starting ZMQ processing ***
[ZMQEndpointInterface] Protocol version: 4
[ZMQEndpointInterface] Protocol v4: Received 64D token (latent action), tokens[0]=0.0519, frame_index: 60
[ZMQEndpointInterface] Protocol v4: Left hand joints set: [0.0000, 0.0000, 0.0000, 0.0000, 0.0000, 0.0000, 0.0000]
[ZMQEndpointInterface] Protocol v4: Right hand joints set: [0.0000, -0.0096, -0.0055, 0.0078, 0.0059, 0.0098, 0.0029]
[ZMQEndpointInterface] Received ZMQ message - topic: 'pose', protocol_version: 4, num_fields: 4, total_size: 4 buffers
[ZMQEndpointInterface] *** Starting ZMQ processing ***
[ZMQEndpointInterface] Protocol version: 4
[ZMQEndpointInterface] Protocol v4: Received 64D token (latent action), tokens[0]=0.0508, frame_index: 61
[ZMQEndpointInterface] Protocol v4: Left hand joints set: [0.0000, 0.0000, 0.0000, 0.0000, 0.0000, 0.0000, 0.0000]
[ZMQEndpointInterface] Protocol v4: Right hand joints set: [0.0000, -0.0027, -0.0014, 0.0098, 0.0059, 0.0156, 0.0146]
[ZMQEndpointInterface] Received ZMQ message - topic: 'pose', protocol_version: 4, num_fields: 4, total_size: 4 buffers
[ZMQEndpointInterface] *** Starting ZMQ processing ***
[ZMQEndpointInterface] Protocol version: 4
[ZMQEndpointInterface] Protocol v4: Received 64D token (latent action), tokens[0]=0.0450, frame_index: 62
[ZMQEndpointInterface] Protocol v4: Left hand joints set: [0.0000, 0.0000, 0.0027, -0.0078, 0.0000, 0.0000, 0.0000]
[ZMQEndpointInterface] Protocol v4: Right hand joints set: [0.0000, 0.0000, -0.0055, 0.0000, 0.0117, 0.0020, 0.0000]
Temporary motion completed.
Reset to frame 0.
[ZMQEndpointInterface] Received ZMQ message - topic: 'pose', protocol_version: 4, num_fields: 4, total_size: 4 buffers
[ZMQEndpointInterface] *** Starting ZMQ processing ***
[ZMQEndpointInterface] Protocol version: 4
[ZMQEndpointInterface] Protocol v4: Received 64D token (latent action), tokens[0]=0.0455, frame_index: 63
[ZMQEndpointInterface] Protocol v4: Left hand joints set: [0.0000, 0.0041, 0.0027, -0.0039, -0.0029, -0.0020, 0.0000]
[ZMQEndpointInterface] Protocol v4: Right hand joints set: [0.0000, -0.0027, -0.0082, 0.0000, 0.0029, 0.0020, 0.0000]
Reset heading state to 0.9974, -0.0035, -0.0470, -0.0542
Reset delta heading to 0
Reset init reference data root rotation to current frame: 0.9997, -0.0016, -0.0223, -0.0045
**********************************************************
Reference motion name: temporary_motion
**********************************************************
[ZMQEndpointInterface] Received ZMQ message - topic: 'pose', protocol_version: 4, num_fields: 4, total_size: 4 buffers
[ZMQEndpointInterface] *** Starting ZMQ processing ***
[ZMQEndpointInterface] Protocol version: 4
[ZMQEndpointInterface] Protocol v4: Received 64D token (latent action), tokens[0]=0.0431, frame_index: 64
[ZMQEndpointInterface] Protocol v4: Left hand joints set: [0.0000, 0.0109, 0.0027, -0.0020, -0.0029, -0.0020, 0.0000]
[ZMQEndpointInterface] Protocol v4: Right hand joints set: [0.0000, 0.0000, 0.0000, 0.0000, 0.0117, 0.0039, 0.0000]
[ZMQEndpointInterface] Received ZMQ message - topic: 'pose', protocol_version: 4, num_fields: 4, total_size: 4 buffers
[ZMQEndpointInterface] *** Starting ZMQ processing ***
[ZMQEndpointInterface] Protocol version: 4
[ZMQEndpointInterface] Protocol v4: Received 64D token (latent action), tokens[0]=0.0455, frame_index: 65
[ZMQEndpointInterface] Protocol v4: Left hand joints set: [0.0000, 0.0014, 0.0014, -0.0098, 0.0000, -0.0078, -0.0059]
[ZMQEndpointInterface] Protocol v4: Right hand joints set: [0.0000, -0.0027, 0.0000, 0.0000, 0.0117, 0.0137, 0.0000]
Loop timing - LowState age: 3.7130ms, Streaming data mean delay: 10.0909ms, Streaming data std delay: 1.5929ms, IMU age: 3.6980ms, Obs: 54us, Policy: 603us, Obs 2 Motor Command: 657us, Post processing: 39us | HandCloseRatio: 1.0000
[ZMQEndpointInterface] Received ZMQ message - topic: 'pose', protocol_version: 4, num_fields: 4, total_size: 4 buffers
[ZMQEndpointInterface] *** Starting ZMQ processing ***
[ZMQEndpointInterface] Protocol version: 4
[ZMQEndpointInterface] Protocol v4: Received 64D token (latent action), tokens[0]=0.0425, frame_index: 66
[ZMQEndpointInterface] Protocol v4: Left hand joints set: [0.0000, 0.0014, 0.0027, -0.0039, 0.0000, 0.0000, -0.0059]
[ZMQEndpointInterface] Protocol v4: Right hand joints set: [0.0000, -0.0055, -0.0041, 0.0000, 0.0146, 0.0078, 0.0000]
[ZMQEndpointInterface] Received ZMQ message - topic: 'pose', protocol_version: 4, num_fields: 4, total_size: 4 buffers
[ZMQEndpointInterface] *** Starting ZMQ processing ***
[ZMQEndpointInterface] Protocol version: 4
[ZMQEndpointInterface] Protocol v4: Received 64D token (latent action), tokens[0]=0.0412, frame_index: 67
[ZMQEndpointInterface] Protocol v4: Left hand joints set: [0.0000, 0.0068, 0.0041, -0.0039, 0.0000, 0.0000, -0.0059]
[ZMQEndpointInterface] Protocol v4: Right hand joints set: [0.0000, 0.0000, -0.0068, 0.0000, 0.0059, 0.0020, 0.0000]
[ZMQEndpointInterface] Received ZMQ message - topic: 'pose', protocol_version: 4, num_fields: 4, total_size: 4 buffers
[ZMQEndpointInterface] *** Starting ZMQ processing ***
[ZMQEndpointInterface] Protocol version: 4
[ZMQEndpointInterface] Protocol v4: Received 64D token (latent action), tokens[0]=0.0408, frame_index: 68
[ZMQEndpointInterface] Protocol v4: Left hand joints set: [0.0000, 0.0027, 0.0000, -0.0039, 0.0000, 0.0000, -0.0029]
[ZMQEndpointInterface] Protocol v4: Right hand joints set: [0.0000, -0.0041, -0.0041, 0.0000, 0.0000, 0.0059, 0.0000]
[ZMQEndpointInterface] Received ZMQ message - topic: 'pose', protocol_version: 4, num_fields: 4, total_size: 4 buffers
[ZMQEndpointInterface] *** Starting ZMQ processing ***
[ZMQEndpointInterface] Protocol version: 4
[ZMQEndpointInterface] Protocol v4: Received 64D token (latent action), tokens[0]=0.0391, frame_index: 69
[ZMQEndpointInterface] Protocol v4: Left hand joints set: [0.0000, 0.0068, 0.0027, -0.0059, 0.0000, 0.0000, 0.0000]
[ZMQEndpointInterface] Protocol v4: Right hand joints set: [0.0000, 0.0000, -0.0041, 0.0000, 0.0117, 0.0000, 0.0000]
[ZMQEndpointInterface] Received ZMQ message - topic: 'pose', protocol_version: 4, num_fields: 4, total_size: 4 buffers
[ZMQEndpointInterface] *** Starting ZMQ processing ***
[ZMQEndpointInterface] Protocol version: 4
[ZMQEndpointInterface] Protocol v4: Received 64D token (latent action), tokens[0]=0.0361, frame_index: 70
[ZMQEndpointInterface] Protocol v4: Left hand joints set: [0.0000, 0.0055, 0.0027, -0.0020, 0.0000, -0.0020, -0.0029]
[ZMQEndpointInterface] Protocol v4: Right hand joints set: [0.0000, -0.0027, -0.0041, 0.0000, 0.0088, 0.0078, 0.0000]
[ZMQEndpointInterface] Received ZMQ message - topic: 'pose', protocol_version: 4, num_fields: 4, total_size: 4 buffers
[ZMQEndpointInterface] *** Starting ZMQ processing ***
[ZMQEndpointInterface] Protocol version: 4
[ZMQEndpointInterface] Protocol v4: Received 64D token (latent action), tokens[0]=0.0365, frame_index: 71
[ZMQEndpointInterface] Protocol v4: Left hand joints set: [0.0000, 0.0041, 0.0000, -0.0078, 0.0000, -0.0039, 0.0000]
[ZMQEndpointInterface] Protocol v4: Right hand joints set: [0.0000, -0.0027, -0.0055, 0.0000, 0.0059, 0.0039, 0.0000]
[ZMQEndpointInterface] Received ZMQ message - topic: 'pose', protocol_version: 4, num_fields: 4, total_size: 4 buffers
[ZMQEndpointInterface] *** Starting ZMQ processing ***
[ZMQEndpointInterface] Protocol version: 4
[ZMQEndpointInterface] Protocol v4: Received 64D token (latent action), tokens[0]=0.0344, frame_index: 72
[ZMQEndpointInterface] Protocol v4: Left hand joints set: [0.0000, 0.0000, 0.0000, 0.0000, 0.0000, 0.0000, 0.0000]
[ZMQEndpointInterface] Protocol v4: Right hand joints set: [0.0000, 0.0000, -0.0068, 0.0000, 0.0059, 0.0000, 0.0000]
[ZMQEndpointInterface] Received ZMQ message - topic: 'pose', protocol_version: 4, num_fields: 4, total_size: 4 buffers
[ZMQEndpointInterface] *** Starting ZMQ processing ***
[ZMQEndpointInterface] Protocol version: 4
[ZMQEndpointInterface] Protocol v4: Received 64D token (latent action), tokens[0]=0.0348, frame_index: 73
[ZMQEndpointInterface] Protocol v4: Left hand joints set: [0.0000, 0.0000, 0.0027, -0.0039, 0.0000, 0.0000, -0.0059]
[ZMQEndpointInterface] Protocol v4: Right hand joints set: [0.0000, 0.0000, -0.0055, 0.0000, 0.0088, 0.0000, 0.0000]
[ZMQEndpointInterface] Received ZMQ message - topic: 'pose', protocol_version: 4, num_fields: 4, total_size: 4 buffers
[ZMQEndpointInterface] *** Starting ZMQ processing ***
[ZMQEndpointInterface] Protocol version: 4
[ZMQEndpointInterface] Protocol v4: Received 64D token (latent action), tokens[0]=0.0365, frame_index: 74
[ZMQEndpointInterface] Protocol v4: Left hand joints set: [0.0000, 0.0027, 0.0000, -0.0039, 0.0000, 0.0000, 0.0000]
[ZMQEndpointInterface] Protocol v4: Right hand joints set: [0.0000, 0.0000, -0.0068, 0.0000, 0.0117, 0.0039, 0.0000]
[ZMQEndpointInterface] Received ZMQ message - topic: 'pose', protocol_version: 4, num_fields: 4, total_size: 4 buffers
[ZMQEndpointInterface] *** Starting ZMQ processing ***
[ZMQEndpointInterface] Protocol version: 4
[ZMQEndpointInterface] Protocol v4: Received 64D token (latent action), tokens[0]=0.0365, frame_index: 75
[ZMQEndpointInterface] Protocol v4: Left hand joints set: [0.0000, 0.0000, 0.0000, 0.0000, 0.0000, -0.0039, -0.0059]
[ZMQEndpointInterface] Protocol v4: Right hand joints set: [0.0000, 0.0000, -0.0082, 0.0000, 0.0029, 0.0020, 0.0000]
[ZMQEndpointInterface] Received ZMQ message - topic: 'pose', protocol_version: 4, num_fields: 4, total_size: 4 buffers
[ZMQEndpointInterface] *** Starting ZMQ processing ***
[ZMQEndpointInterface] Protocol version: 4
[ZMQEndpointInterface] Protocol v4: Received 64D token (latent action), tokens[0]=0.0361, frame_index: 76
[ZMQEndpointInterface] Protocol v4: Left hand joints set: [0.0000, 0.0014, 0.0041, -0.0039, 0.0000, 0.0000, -0.0117]
[ZMQEndpointInterface] Protocol v4: Right hand joints set: [0.0000, -0.0041, -0.0055, 0.0000, 0.0059, 0.0078, 0.0000]
[ZMQEndpointInterface] Received ZMQ message - topic: 'pose', protocol_version: 4, num_fields: 4, total_size: 4 buffers
[ZMQEndpointInterface] *** Starting ZMQ processing ***
[ZMQEndpointInterface] Protocol version: 4
[ZMQEndpointInterface] Protocol v4: Received 64D token (latent action), tokens[0]=0.0356, frame_index: 77
[ZMQEndpointInterface] Protocol v4: Left hand joints set: [0.0000, 0.0014, 0.0027, 0.0000, 0.0000, -0.0039, 0.0000]
[ZMQEndpointInterface] Protocol v4: Right hand joints set: [0.0000, -0.0027, -0.0041, 0.0000, 0.0059, 0.0039, 0.0000]
[ZMQEndpointInterface] Received ZMQ message - topic: 'pose', protocol_version: 4, num_fields: 4, total_size: 4 buffers
[ZMQEndpointInterface] *** Starting ZMQ processing ***
[ZMQEndpointInterface] Protocol version: 4
[ZMQEndpointInterface] Protocol v4: Received 64D token (latent action), tokens[0]=0.0391, frame_index: 78
[ZMQEndpointInterface] Protocol v4: Left hand joints set: [0.0000, 0.0000, 0.0027, 0.0000, 0.0000, 0.0000, -0.0088]
[ZMQEndpointInterface] Protocol v4: Right hand joints set: [0.0000, -0.0027, -0.0014, 0.0000, 0.0059, 0.0000, 0.0000]
[ZMQEndpointInterface] Received ZMQ message - topic: 'pose', protocol_version: 4, num_fields: 4, total_size: 4 buffers
[ZMQEndpointInterface] *** Starting ZMQ processing ***
[ZMQEndpointInterface] Protocol version: 4
[ZMQEndpointInterface] Protocol v4: Received 64D token (latent action), tokens[0]=0.0361, frame_index: 79
[ZMQEndpointInterface] Protocol v4: Left hand joints set: [0.0000, 0.0027, 0.0000, 0.0000, 0.0000, -0.0039, 0.0000]
[ZMQEndpointInterface] Protocol v4: Right hand joints set: [0.0000, -0.0027, 0.0000, 0.0000, 0.0059, 0.0020, 0.0000]
[ZMQEndpointInterface] Received ZMQ message - topic: 'pose', protocol_version: 4, num_fields: 4, total_size: 4 buffers
[ZMQEndpointInterface] *** Starting ZMQ processing ***
[ZMQEndpointInterface] Protocol version: 4
[ZMQEndpointInterface] Protocol v4: Received 64D token (latent action), tokens[0]=0.0365, frame_index: 80
[ZMQEndpointInterface] Protocol v4: Left hand joints set: [0.0000, 0.0014, 0.0027, 0.0000, -0.0029, -0.0078, -0.0029]
[ZMQEndpointInterface] Protocol v4: Right hand joints set: [0.0000, -0.0041, -0.0041, 0.0020, 0.0000, 0.0039, 0.0029]
[ZMQEndpointInterface] Received ZMQ message - topic: 'pose', protocol_version: 4, num_fields: 4, total_size: 4 buffers
[ZMQEndpointInterface] *** Starting ZMQ processing ***
[ZMQEndpointInterface] Protocol version: 4
[ZMQEndpointInterface] Protocol v4: Received 64D token (latent action), tokens[0]=0.0348, frame_index: 81
[ZMQEndpointInterface] Protocol v4: Left hand joints set: [0.0000, 0.0014, 0.0000, 0.0000, 0.0000, 0.0000, 0.0000]
[ZMQEndpointInterface] Protocol v4: Right hand joints set: [0.0000, 0.0000, 0.0000, 0.0020, 0.0000, 0.0078, 0.0000]
[ZMQEndpointInterface] Received ZMQ message - topic: 'pose', protocol_version: 4, num_fields: 4, total_size: 4 buffers
[ZMQEndpointInterface] *** Starting ZMQ processing ***
[ZMQEndpointInterface] Protocol version: 4
[ZMQEndpointInterface] Protocol v4: Received 64D token (latent action), tokens[0]=0.0339, frame_index: 82
[ZMQEndpointInterface] Protocol v4: Left hand joints set: [0.0000, 0.0000, 0.0014, 0.0000, 0.0000, -0.0039, 0.0000]
[ZMQEndpointInterface] Protocol v4: Right hand joints set: [0.0000, -0.0014, 0.0000, 0.0000, 0.0000, 0.0000, 0.0000]
[ZMQEndpointInterface] Received ZMQ message - topic: 'pose', protocol_version: 4, num_fields: 4, total_size: 4 buffers
[ZMQEndpointInterface] *** Starting ZMQ processing ***
[ZMQEndpointInterface] Protocol version: 4
[ZMQEndpointInterface] Protocol v4: Received 64D token (latent action), tokens[0]=0.0331, frame_index: 83
[ZMQEndpointInterface] Protocol v4: Left hand joints set: [0.0000, 0.0000, 0.0027, 0.0000, 0.0000, -0.0059, 0.0000]
[ZMQEndpointInterface] Protocol v4: Right hand joints set: [0.0000, -0.0014, -0.0014, 0.0000, 0.0088, 0.0078, 0.0059]
[ZMQEndpointInterface] Received ZMQ message - topic: 'pose', protocol_version: 4, num_fields: 4, total_size: 4 buffers
[ZMQEndpointInterface] *** Starting ZMQ processing ***
[ZMQEndpointInterface] Protocol version: 4
[ZMQEndpointInterface] Protocol v4: Received 64D token (latent action), tokens[0]=0.0348, frame_index: 84
[ZMQEndpointInterface] Protocol v4: Left hand joints set: [0.0000, 0.0000, 0.0027, -0.0059, -0.0117, -0.0098, 0.0000]
[ZMQEndpointInterface] Protocol v4: Right hand joints set: [0.0000, 0.0000, -0.0027, 0.0000, 0.0000, 0.0039, 0.0000]
[ZMQEndpointInterface] Received ZMQ message - topic: 'pose', protocol_version: 4, num_fields: 4, total_size: 4 buffers
[ZMQEndpointInterface] *** Starting ZMQ processing ***
[ZMQEndpointInterface] Protocol version: 4
[ZMQEndpointInterface] Protocol v4: Received 64D token (latent action), tokens[0]=0.0382, frame_index: 85
[ZMQEndpointInterface] Protocol v4: Left hand joints set: [0.0000, 0.0027, 0.0000, -0.0039, -0.0029, -0.0117, -0.0117]
[ZMQEndpointInterface] Protocol v4: Right hand joints set: [0.0000, -0.0068, -0.0041, 0.0000, 0.0117, 0.0039, 0.0000]
[ZMQEndpointInterface] Received ZMQ message - topic: 'pose', protocol_version: 4, num_fields: 4, total_size: 4 buffers
[ZMQEndpointInterface] *** Starting ZMQ processing ***
[ZMQEndpointInterface] Protocol version: 4
[ZMQEndpointInterface] Protocol v4: Received 64D token (latent action), tokens[0]=0.0391, frame_index: 86
[ZMQEndpointInterface] Protocol v4: Left hand joints set: [0.0000, 0.0000, 0.0000, -0.0039, 0.0000, -0.0059, -0.0117]
[ZMQEndpointInterface] Protocol v4: Right hand joints set: [0.0000, -0.0109, -0.0027, 0.0000, 0.0000, 0.0000, 0.0000]
[ZMQEndpointInterface] Received ZMQ message - topic: 'pose', protocol_version: 4, num_fields: 4, total_size: 4 buffers
[ZMQEndpointInterface] *** Starting ZMQ processing ***
[ZMQEndpointInterface] Protocol version: 4
[ZMQEndpointInterface] Protocol v4: Received 64D token (latent action), tokens[0]=0.0435, frame_index: 87
[ZMQEndpointInterface] Protocol v4: Left hand joints set: [0.0000, 0.0000, 0.0000, -0.0020, 0.0000, -0.0039, -0.0059]
[ZMQEndpointInterface] Protocol v4: Right hand joints set: [0.0000, -0.0027, 0.0000, 0.0000, 0.0059, 0.0000, 0.0000]
[ZMQEndpointInterface] Received ZMQ message - topic: 'pose', protocol_version: 4, num_fields: 4, total_size: 4 buffers
[ZMQEndpointInterface] *** Starting ZMQ processing ***
[ZMQEndpointInterface] Protocol version: 4
[ZMQEndpointInterface] Protocol v4: Received 64D token (latent action), tokens[0]=0.0399, frame_index: 88
[ZMQEndpointInterface] Protocol v4: Left hand joints set: [0.0000, 0.0000, 0.0000, -0.0059, 0.0000, 0.0000, -0.0059]
[ZMQEndpointInterface] Protocol v4: Right hand joints set: [0.0000, 0.0000, -0.0041, 0.0000, 0.0029, 0.0000, 0.0000]
[ZMQEndpointInterface] Received ZMQ message - topic: 'pose', protocol_version: 4, num_fields: 4, total_size: 4 buffers
[ZMQEndpointInterface] *** Starting ZMQ processing ***
[ZMQEndpointInterface] Protocol version: 4
[ZMQEndpointInterface] Protocol v4: Received 64D token (latent action), tokens[0]=0.0438, frame_index: 89
[ZMQEndpointInterface] Protocol v4: Left hand joints set: [0.0000, 0.0000, 0.0000, -0.0059, 0.0000, 0.0000, 0.0000]
[ZMQEndpointInterface] Protocol v4: Right hand joints set: [0.0000, -0.0041, -0.0041, 0.0000, 0.0088, 0.0000, 0.0059]
[ZMQEndpointInterface] Received ZMQ message - topic: 'pose', protocol_version: 4, num_fields: 4, total_size: 4 buffers
[ZMQEndpointInterface] *** Starting ZMQ processing ***
[ZMQEndpointInterface] Protocol version: 4
[ZMQEndpointInterface] Protocol v4: Received 64D token (latent action), tokens[0]=0.0455, frame_index: 90
[ZMQEndpointInterface] Protocol v4: Left hand joints set: [0.0000, 0.0000, 0.0000, -0.0020, -0.0029, 0.0000, -0.0029]
[ZMQEndpointInterface] Protocol v4: Right hand joints set: [0.0000, -0.0055, -0.0027, 0.0000, 0.0000, 0.0000, 0.0000]
[ZMQEndpointInterface] Received ZMQ message - topic: 'pose', protocol_version: 4, num_fields: 4, total_size: 4 buffers
[ZMQEndpointInterface] *** Starting ZMQ processing ***
[ZMQEndpointInterface] Protocol version: 4
[ZMQEndpointInterface] Protocol v4: Received 64D token (latent action), tokens[0]=0.0425, frame_index: 91
[ZMQEndpointInterface] Protocol v4: Left hand joints set: [0.0000, 0.0041, 0.0027, 0.0000, -0.0059, 0.0000, 0.0000]
[ZMQEndpointInterface] Protocol v4: Right hand joints set: [0.0000, -0.0055, 0.0000, 0.0000, 0.0000, 0.0000, 0.0000]
[ZMQEndpointInterface] Received ZMQ message - topic: 'pose', protocol_version: 4, num_fields: 4, total_size: 4 buffers
[ZMQEndpointInterface] *** Starting ZMQ processing ***
[ZMQEndpointInterface] Protocol version: 4
[ZMQEndpointInterface] Protocol v4: Received 64D token (latent action), tokens[0]=0.0433, frame_index: 92
[ZMQEndpointInterface] Protocol v4: Left hand joints set: [0.0000, 0.0055, 0.0000, -0.0020, 0.0000, 0.0000, 0.0000]
[ZMQEndpointInterface] Protocol v4: Right hand joints set: [0.0000, -0.0027, 0.0000, 0.0039, 0.0000, 0.0000, 0.0000]
[ZMQEndpointInterface] Received ZMQ message - topic: 'pose', protocol_version: 4, num_fields: 4, total_size: 4 buffers
[ZMQEndpointInterface] *** Starting ZMQ processing ***
[ZMQEndpointInterface] Protocol version: 4
[ZMQEndpointInterface] Protocol v4: Received 64D token (latent action), tokens[0]=0.0425, frame_index: 93
[ZMQEndpointInterface] Protocol v4: Left hand joints set: [0.0000, 0.0027, 0.0014, -0.0078, -0.0059, 0.0000, 0.0000]
[ZMQEndpointInterface] Protocol v4: Right hand joints set: [0.0000, -0.0027, 0.0000, 0.0000, 0.0000, 0.0020, 0.0000]
[ZMQEndpointInterface] Received ZMQ message - topic: 'pose', protocol_version: 4, num_fields: 4, total_size: 4 buffers
[ZMQEndpointInterface] *** Starting ZMQ processing ***
[ZMQEndpointInterface] Protocol version: 4
[ZMQEndpointInterface] Protocol v4: Received 64D token (latent action), tokens[0]=0.0427, frame_index: 94
[ZMQEndpointInterface] Protocol v4: Left hand joints set: [0.0000, 0.0014, 0.0000, 0.0000, 0.0000, 0.0000, 0.0000]
[ZMQEndpointInterface] Protocol v4: Right hand joints set: [0.0000, -0.0055, 0.0000, 0.0000, 0.0000, 0.0039, 0.0000]
[ZMQEndpointInterface] Received ZMQ message - topic: 'pose', protocol_version: 4, num_fields: 4, total_size: 4 buffers
[ZMQEndpointInterface] *** Starting ZMQ processing ***
[ZMQEndpointInterface] Protocol version: 4
[ZMQEndpointInterface] Protocol v4: Received 64D token (latent action), tokens[0]=0.0463, frame_index: 95
[ZMQEndpointInterface] Protocol v4: Left hand joints set: [0.0000, 0.0027, 0.0000, -0.0039, 0.0000, 0.0000, 0.0000]
[ZMQEndpointInterface] Protocol v4: Right hand joints set: [0.0000, -0.0041, 0.0000, 0.0020, 0.0000, 0.0020, 0.0000]
[ZMQEndpointInterface] Received ZMQ message - topic: 'pose', protocol_version: 4, num_fields: 4, total_size: 4 buffers
[ZMQEndpointInterface] *** Starting ZMQ processing ***
[ZMQEndpointInterface] Protocol version: 4
[ZMQEndpointInterface] Protocol v4: Received 64D token (latent action), tokens[0]=0.0474, frame_index: 96
[ZMQEndpointInterface] Protocol v4: Left hand joints set: [0.0000, 0.0055, 0.0014, -0.0098, -0.0029, 0.0000, 0.0000]
[ZMQEndpointInterface] Protocol v4: Right hand joints set: [0.0000, -0.0041, 0.0000, 0.0000, 0.0000, 0.0039, 0.0000]
[ZMQEndpointInterface] Received ZMQ message - topic: 'pose', protocol_version: 4, num_fields: 4, total_size: 4 buffers
[ZMQEndpointInterface] *** Starting ZMQ processing ***
[ZMQEndpointInterface] Protocol version: 4
[ZMQEndpointInterface] Protocol v4: Received 64D token (latent action), tokens[0]=0.0478, frame_index: 97
[ZMQEndpointInterface] Protocol v4: Left hand joints set: [0.0000, 0.0014, 0.0027, -0.0020, 0.0000, 0.0000, 0.0000]
[ZMQEndpointInterface] Protocol v4: Right hand joints set: [0.0000, -0.0055, 0.0000, 0.0000, 0.0000, 0.0039, 0.0000]
[ZMQEndpointInterface] Received ZMQ message - topic: 'pose', protocol_version: 4, num_fields: 4, total_size: 4 buffers
[ZMQEndpointInterface] *** Starting ZMQ processing ***
[ZMQEndpointInterface] Protocol version: 4
[ZMQEndpointInterface] Protocol v4: Received 64D token (latent action), tokens[0]=0.0457, frame_index: 98
[ZMQEndpointInterface] Protocol v4: Left hand joints set: [0.0000, 0.0014, 0.0000, 0.0000, 0.0000, 0.0000, 0.0000]
[ZMQEndpointInterface] Protocol v4: Right hand joints set: [0.0000, -0.0068, 0.0000, 0.0000, 0.0000, 0.0078, 0.0000]
[ZMQEndpointInterface] Received ZMQ message - topic: 'pose', protocol_version: 4, num_fields: 4, total_size: 4 buffers
[ZMQEndpointInterface] *** Starting ZMQ processing ***
[ZMQEndpointInterface] Protocol version: 4
[ZMQEndpointInterface] Protocol v4: Received 64D token (latent action), tokens[0]=0.0459, frame_index: 99
[ZMQEndpointInterface] Protocol v4: Left hand joints set: [0.0000, 0.0000, 0.0000, 0.0000, 0.0000, 0.0000, 0.0000]
[ZMQEndpointInterface] Protocol v4: Right hand joints set: [0.0000, -0.0096, 0.0000, 0.0000, 0.0000, 0.0059, 0.0000]
[ZMQEndpointInterface] Received ZMQ message - topic: 'pose', protocol_version: 4, num_fields: 4, total_size: 4 buffers
[ZMQEndpointInterface] *** Starting ZMQ processing ***
[ZMQEndpointInterface] Protocol version: 4
[ZMQEndpointInterface] Protocol v4: Received 64D token (latent action), tokens[0]=0.0459, frame_index: 100
[ZMQEndpointInterface] Protocol v4: Left hand joints set: [0.0000, 0.0027, 0.0014, 0.0000, 0.0000, 0.0000, 0.0000]
[ZMQEndpointInterface] Protocol v4: Right hand joints set: [0.0000, -0.0096, 0.0000, 0.0000, 0.0000, 0.0078, 0.0000]
[Token Flow] Copied external tokens, tokens[0]=0.0459
[ZMQEndpointInterface] Received ZMQ message - topic: 'pose', protocol_version: 4, num_fields: 4, total_size: 4 buffers
[ZMQEndpointInterface] *** Starting ZMQ processing ***
[ZMQEndpointInterface] Protocol version: 4
[ZMQEndpointInterface] Protocol v4: Received 64D token (latent action), tokens[0]=0.0463, frame_index: 101
[ZMQEndpointInterface] Protocol v4: Left hand joints set: [0.0000, 0.0014, 0.0000, 0.0000, 0.0000, 0.0000, 0.0000]
[ZMQEndpointInterface] Protocol v4: Right hand joints set: [0.0000, -0.0082, 0.0000, 0.0020, 0.0000, 0.0039, 0.0000]
[ZMQEndpointInterface] Received ZMQ message - topic: 'pose', protocol_version: 4, num_fields: 4, total_size: 4 buffers
[ZMQEndpointInterface] *** Starting ZMQ processing ***
[ZMQEndpointInterface] Protocol version: 4
[ZMQEndpointInterface] Protocol v4: Received 64D token (latent action), tokens[0]=0.0470, frame_index: 102
[ZMQEndpointInterface] Protocol v4: Left hand joints set: [0.0000, 0.0027, 0.0055, 0.0000, 0.0000, 0.0000, 0.0000]
[ZMQEndpointInterface] Protocol v4: Right hand joints set: [0.0000, -0.0096, -0.0027, 0.0000, 0.0000, 0.0078, 0.0000]
[ZMQEndpointInterface] Received ZMQ message - topic: 'pose', protocol_version: 4, num_fields: 4, total_size: 4 buffers
[ZMQEndpointInterface] *** Starting ZMQ processing ***
[ZMQEndpointInterface] Protocol version: 4
[ZMQEndpointInterface] Protocol v4: Received 64D token (latent action), tokens[0]=0.0468, frame_index: 103
[ZMQEndpointInterface] Protocol v4: Left hand joints set: [0.0000, 0.0027, 0.0027, -0.0020, 0.0000, 0.0000, 0.0000]
[ZMQEndpointInterface] Protocol v4: Right hand joints set: [0.0000, -0.0055, -0.0055, 0.0000, 0.0000, 0.0039, 0.0059]
[ZMQEndpointInterface] Received ZMQ message - topic: 'pose', protocol_version: 4, num_fields: 4, total_size: 4 buffers
[ZMQEndpointInterface] *** Starting ZMQ processing ***
[ZMQEndpointInterface] Protocol version: 4
[ZMQEndpointInterface] Protocol v4: Received 64D token (latent action), tokens[0]=0.0502, frame_index: 104
[ZMQEndpointInterface] Protocol v4: Left hand joints set: [0.0000, 0.0055, 0.0000, 0.0000, 0.0000, 0.0000, 0.0000]
[ZMQEndpointInterface] Protocol v4: Right hand joints set: [0.0000, -0.0068, -0.0027, 0.0000, 0.0000, 0.0078, 0.0000]
[ZMQEndpointInterface] Received ZMQ message - topic: 'pose', protocol_version: 4, num_fields: 4, total_size: 4 buffers
[ZMQEndpointInterface] *** Starting ZMQ processing ***
[ZMQEndpointInterface] Protocol version: 4
[ZMQEndpointInterface] Protocol v4: Received 64D token (latent action), tokens[0]=0.0485, frame_index: 105
[ZMQEndpointInterface] Protocol v4: Left hand joints set: [0.0000, 0.0027, 0.0014, -0.0059, -0.0059, 0.0000, 0.0000]
[ZMQEndpointInterface] Protocol v4: Right hand joints set: [0.0000, -0.0055, -0.0027, 0.0000, 0.0000, 0.0000, 0.0000]
[ZMQEndpointInterface] Received ZMQ message - topic: 'pose', protocol_version: 4, num_fields: 4, total_size: 4 buffers
[ZMQEndpointInterface] *** Starting ZMQ processing ***
[ZMQEndpointInterface] Protocol version: 4
[ZMQEndpointInterface] Protocol v4: Received 64D token (latent action), tokens[0]=0.0502, frame_index: 106
[ZMQEndpointInterface] Protocol v4: Left hand joints set: [0.0000, 0.0000, 0.0027, 0.0000, 0.0000, 0.0000, 0.0000]
[ZMQEndpointInterface] Protocol v4: Right hand joints set: [0.0000, -0.0068, -0.0014, 0.0000, 0.0000, 0.0039, 0.0000]
[ZMQEndpointInterface] Received ZMQ message - topic: 'pose', protocol_version: 4, num_fields: 4, total_size: 4 buffers
[ZMQEndpointInterface] *** Starting ZMQ processing ***
[ZMQEndpointInterface] Protocol version: 4
[ZMQEndpointInterface] Protocol v4: Received 64D token (latent action), tokens[0]=0.0523, frame_index: 107
[ZMQEndpointInterface] Protocol v4: Left hand joints set: [0.0000, 0.0055, 0.0027, -0.0078, -0.0059, 0.0000, 0.0000]
[ZMQEndpointInterface] Protocol v4: Right hand joints set: [0.0000, -0.0055, 0.0000, 0.0000, 0.0000, 0.0000, 0.0059]
[ZMQEndpointInterface] Received ZMQ message - topic: 'pose', protocol_version: 4, num_fields: 4, total_size: 4 buffers
[ZMQEndpointInterface] *** Starting ZMQ processing ***
[ZMQEndpointInterface] Protocol version: 4
[ZMQEndpointInterface] Protocol v4: Received 64D token (latent action), tokens[0]=0.0529, frame_index: 108
[ZMQEndpointInterface] Protocol v4: Left hand joints set: [0.0000, 0.0055, 0.0000, 0.0000, 0.0000, 0.0000, 0.0000]
[ZMQEndpointInterface] Protocol v4: Right hand joints set: [0.0000, -0.0096, -0.0027, 0.0000, 0.0000, 0.0059, 0.0000]
[ZMQEndpointInterface] Received ZMQ message - topic: 'pose', protocol_version: 4, num_fields: 4, total_size: 4 buffers
[ZMQEndpointInterface] *** Starting ZMQ processing ***
[ZMQEndpointInterface] Protocol version: 4
[ZMQEndpointInterface] Protocol v4: Received 64D token (latent action), tokens[0]=0.0562, frame_index: 109
[ZMQEndpointInterface] Protocol v4: Left hand joints set: [0.0000, 0.0027, 0.0055, -0.0117, -0.0059, -0.0020, 0.0000]
[ZMQEndpointInterface] Protocol v4: Right hand joints set: [0.0000, -0.0082, -0.0027, 0.0000, 0.0000, 0.0000, 0.0029]
[ZMQEndpointInterface] Received ZMQ message - topic: 'pose', protocol_version: 4, num_fields: 4, total_size: 4 buffers
[ZMQEndpointInterface] *** Starting ZMQ processing ***
[ZMQEndpointInterface] Protocol version: 4
[ZMQEndpointInterface] Protocol v4: Received 64D token (latent action), tokens[0]=0.0566, frame_index: 110
[ZMQEndpointInterface] Protocol v4: Left hand joints set: [0.0000, 0.0027, 0.0027, -0.0059, 0.0000, -0.0039, 0.0000]
[ZMQEndpointInterface] Protocol v4: Right hand joints set: [0.0000, -0.0123, -0.0014, 0.0000, 0.0000, 0.0059, 0.0029]
[ZMQEndpointInterface] Received ZMQ message - topic: 'pose', protocol_version: 4, num_fields: 4, total_size: 4 buffers
[ZMQEndpointInterface] *** Starting ZMQ processing ***
[ZMQEndpointInterface] Protocol version: 4
[ZMQEndpointInterface] Protocol v4: Received 64D token (latent action), tokens[0]=0.0562, frame_index: 111
[ZMQEndpointInterface] Protocol v4: Left hand joints set: [0.0000, 0.0082, 0.0000, -0.0098, 0.0000, 0.0000, -0.0059]
[ZMQEndpointInterface] Protocol v4: Right hand joints set: [0.0000, -0.0109, -0.0027, 0.0000, 0.0000, 0.0000, 0.0000]
[ZMQEndpointInterface] Received ZMQ message - topic: 'pose', protocol_version: 4, num_fields: 4, total_size: 4 buffers
[ZMQEndpointInterface] *** Starting ZMQ processing ***
[ZMQEndpointInterface] Protocol version: 4
[ZMQEndpointInterface] Protocol v4: Received 64D token (latent action), tokens[0]=0.0617, frame_index: 112
[ZMQEndpointInterface] Protocol v4: Left hand joints set: [0.0000, 0.0027, 0.0000, -0.0078, 0.0000, 0.0000, -0.0029]
[ZMQEndpointInterface] Protocol v4: Right hand joints set: [0.0000, -0.0123, -0.0055, 0.0020, 0.0000, 0.0020, 0.0059]
[ZMQEndpointInterface] Received ZMQ message - topic: 'pose', protocol_version: 4, num_fields: 4, total_size: 4 buffers
[ZMQEndpointInterface] *** Starting ZMQ processing ***
[ZMQEndpointInterface] Protocol version: 4
[ZMQEndpointInterface] Protocol v4: Received 64D token (latent action), tokens[0]=0.0600, frame_index: 113
[ZMQEndpointInterface] Protocol v4: Left hand joints set: [0.0000, 0.0000, 0.0014, -0.0039, -0.0059, 0.0000, 0.0000]
[ZMQEndpointInterface] Protocol v4: Right hand joints set: [0.0000, -0.0123, -0.0014, 0.0059, 0.0000, 0.0000, 0.0000]
[ZMQEndpointInterface] Received ZMQ message - topic: 'pose', protocol_version: 4, num_fields: 4, total_size: 4 buffers
[ZMQEndpointInterface] *** Starting ZMQ processing ***
[ZMQEndpointInterface] Protocol version: 4
[ZMQEndpointInterface] Protocol v4: Received 64D token (latent action), tokens[0]=0.0574, frame_index: 114
[ZMQEndpointInterface] Protocol v4: Left hand joints set: [0.0000, 0.0055, 0.0027, 0.0000, -0.0029, 0.0000, -0.0059]
[ZMQEndpointInterface] Protocol v4: Right hand joints set: [0.0000, -0.0109, 0.0000, 0.0059, 0.0000, 0.0020, 0.0000]
[ZMQEndpointInterface] Received ZMQ message - topic: 'pose', protocol_version: 4, num_fields: 4, total_size: 4 buffers
[ZMQEndpointInterface] *** Starting ZMQ processing ***
[ZMQEndpointInterface] Protocol version: 4
[ZMQEndpointInterface] Protocol v4: Received 64D token (latent action), tokens[0]=0.0547, frame_index: 115
[ZMQEndpointInterface] Protocol v4: Left hand joints set: [0.0000, 0.0082, 0.0027, -0.0020, -0.0117, 0.0000, 0.0000]
[ZMQEndpointInterface] Protocol v4: Right hand joints set: [0.0000, -0.0109, 0.0000, 0.0020, 0.0000, 0.0020, 0.0000]
Loop timing - LowState age: 2.6450ms, Streaming data mean delay: 8.2414ms, Streaming data std delay: 2.5278ms, IMU age: 2.5950ms, Obs: 71us, Policy: 613us, Obs 2 Motor Command: 684us, Post processing: 42us | HandCloseRatio: 1.0000
[ZMQEndpointInterface] Received ZMQ message - topic: 'pose', protocol_version: 4, num_fields: 4, total_size: 4 buffers
[ZMQEndpointInterface] *** Starting ZMQ processing ***
[ZMQEndpointInterface] Protocol version: 4
[ZMQEndpointInterface] Protocol v4: Received 64D token (latent action), tokens[0]=0.0544, frame_index: 116
[ZMQEndpointInterface] Protocol v4: Left hand joints set: [0.0000, 0.0068, 0.0027, -0.0078, 0.0000, 0.0000, 0.0000]
[ZMQEndpointInterface] Protocol v4: Right hand joints set: [0.0000, -0.0137, -0.0027, 0.0039, 0.0000, 0.0078, 0.0176]
[ZMQEndpointInterface] Received ZMQ message - topic: 'pose', protocol_version: 4, num_fields: 4, total_size: 4 buffers
[ZMQEndpointInterface] *** Starting ZMQ processing ***
[ZMQEndpointInterface] Protocol version: 4
[ZMQEndpointInterface] Protocol v4: Received 64D token (latent action), tokens[0]=0.0314, frame_index: 117
[ZMQEndpointInterface] Protocol v4: Left hand joints set: [0.0000, 0.0027, 0.0000, 0.0000, 0.0000, -0.0039, 0.0000]
[ZMQEndpointInterface] Protocol v4: Right hand joints set: [0.0000, -0.0109, -0.0027, 0.0000, 0.0117, 0.0000, 0.0000]
[ZMQEndpointInterface] Received ZMQ message - topic: 'pose', protocol_version: 4, num_fields: 4, total_size: 4 buffers
[ZMQEndpointInterface] *** Starting ZMQ processing ***
[ZMQEndpointInterface] Protocol version: 4
[ZMQEndpointInterface] Protocol v4: Received 64D token (latent action), tokens[0]=0.0301, frame_index: 118
[ZMQEndpointInterface] Protocol v4: Left hand joints set: [0.0000, 0.0000, 0.0027, 0.0000, 0.0000, 0.0000, 0.0000]
[ZMQEndpointInterface] Protocol v4: Right hand joints set: [0.0000, -0.0041, -0.0027, 0.0000, 0.0117, 0.0000, 0.0000]
[ZMQEndpointInterface] Received ZMQ message - topic: 'pose', protocol_version: 4, num_fields: 4, total_size: 4 buffers
[ZMQEndpointInterface] *** Starting ZMQ processing ***
[ZMQEndpointInterface] Protocol version: 4
[ZMQEndpointInterface] Protocol v4: Received 64D token (latent action), tokens[0]=0.0280, frame_index: 119
[ZMQEndpointInterface] Protocol v4: Left hand joints set: [0.0000, 0.0000, 0.0000, -0.0020, 0.0000, 0.0000, 0.0000]
[ZMQEndpointInterface] Protocol v4: Right hand joints set: [0.0000, -0.0082, -0.0027, 0.0000, 0.0146, 0.0000, 0.0000]
[ZMQEndpointInterface] Received ZMQ message - topic: 'pose', protocol_version: 4, num_fields: 4, total_size: 4 buffers
[ZMQEndpointInterface] *** Starting ZMQ processing ***
[ZMQEndpointInterface] Protocol version: 4
[ZMQEndpointInterface] Protocol v4: Received 64D token (latent action), tokens[0]=0.0271, frame_index: 120
[ZMQEndpointInterface] Protocol v4: Left hand joints set: [0.0000, 0.0000, 0.0000, 0.0000, 0.0000, 0.0000, 0.0000]
[ZMQEndpointInterface] Protocol v4: Right hand joints set: [0.0000, -0.0068, 0.0000, 0.0000, 0.0059, 0.0059, 0.0000]
[ZMQEndpointInterface] Received ZMQ message - topic: 'pose', protocol_version: 4, num_fields: 4, total_size: 4 buffers
[ZMQEndpointInterface] *** Starting ZMQ processing ***
[ZMQEndpointInterface] Protocol version: 4
[ZMQEndpointInterface] Protocol v4: Received 64D token (latent action), tokens[0]=0.0288, frame_index: 121
[ZMQEndpointInterface] Protocol v4: Left hand joints set: [0.0000, 0.0027, 0.0000, 0.0000, 0.0000, 0.0000, 0.0000]
[ZMQEndpointInterface] Protocol v4: Right hand joints set: [0.0000, -0.0055, -0.0027, 0.0000, 0.0059, 0.0000, 0.0000]
[ZMQEndpointInterface] Received ZMQ message - topic: 'pose', protocol_version: 4, num_fields: 4, total_size: 4 buffers
[ZMQEndpointInterface] *** Starting ZMQ processing ***
[ZMQEndpointInterface] Protocol version: 4
[ZMQEndpointInterface] Protocol v4: Received 64D token (latent action), tokens[0]=0.0258, frame_index: 122
[ZMQEndpointInterface] Protocol v4: Left hand joints set: [0.0000, 0.0000, 0.0027, 0.0000, 0.0000, 0.0000, -0.0117]
[ZMQEndpointInterface] Protocol v4: Right hand joints set: [0.0000, -0.0055, 0.0000, 0.0000, 0.0000, 0.0020, 0.0000]
[ZMQEndpointInterface] Received ZMQ message - topic: 'pose', protocol_version: 4, num_fields: 4, total_size: 4 buffers
[ZMQEndpointInterface] *** Starting ZMQ processing ***
[ZMQEndpointInterface] Protocol version: 4
[ZMQEndpointInterface] Protocol v4: Received 64D token (latent action), tokens[0]=0.0224, frame_index: 123
[ZMQEndpointInterface] Protocol v4: Left hand joints set: [0.0000, 0.0014, 0.0014, 0.0000, 0.0000, 0.0000, 0.0000]
[ZMQEndpointInterface] Protocol v4: Right hand joints set: [0.0000, -0.0082, -0.0014, 0.0000, 0.0117, 0.0000, 0.0000]
[ZMQEndpointInterface] Received ZMQ message - topic: 'pose', protocol_version: 4, num_fields: 4, total_size: 4 buffers
[ZMQEndpointInterface] *** Starting ZMQ processing ***
[ZMQEndpointInterface] Protocol version: 4
[ZMQEndpointInterface] Protocol v4: Received 64D token (latent action), tokens[0]=0.0262, frame_index: 124
[ZMQEndpointInterface] Protocol v4: Left hand joints set: [0.0000, 0.0027, 0.0027, -0.0059, 0.0000, 0.0000, 0.0000]
[ZMQEndpointInterface] Protocol v4: Right hand joints set: [0.0000, -0.0109, 0.0000, 0.0000, 0.0146, 0.0059, 0.0000]
Temporary motion completed.
Reset to frame 0.
[ZMQEndpointInterface] Received ZMQ message - topic: 'pose', protocol_version: 4, num_fields: 4, total_size: 4 buffers
[ZMQEndpointInterface] *** Starting ZMQ processing ***
[ZMQEndpointInterface] Protocol version: 4
[ZMQEndpointInterface] Protocol v4: Received 64D token (latent action), tokens[0]=0.0237, frame_index: 125
[ZMQEndpointInterface] Protocol v4: Left hand joints set: [0.0000, 0.0000, 0.0000, -0.0059, 0.0000, 0.0000, 0.0000]
[ZMQEndpointInterface] Protocol v4: Right hand joints set: [0.0000, -0.0055, -0.0027, 0.0000, 0.0117, 0.0000, 0.0000]
Reset heading state to 0.9977, -0.0037, -0.0504, -0.0451
Reset delta heading to 0
Reset init reference data root rotation to current frame: 0.9997, -0.0016, -0.0223, -0.0045
**********************************************************
Reference motion name: temporary_motion
**********************************************************
[ZMQEndpointInterface] Received ZMQ message - topic: 'pose', protocol_version: 4, num_fields: 4, total_size: 4 buffers
[ZMQEndpointInterface] *** Starting ZMQ processing ***
[ZMQEndpointInterface] Protocol version: 4
[ZMQEndpointInterface] Protocol v4: Received 64D token (latent action), tokens[0]=0.0224, frame_index: 126
[ZMQEndpointInterface] Protocol v4: Left hand joints set: [0.0000, 0.0000, 0.0000, -0.0039, 0.0000, 0.0000, 0.0000]
[ZMQEndpointInterface] Protocol v4: Right hand joints set: [0.0000, -0.0055, 0.0000, 0.0000, 0.0088, 0.0000, 0.0000]
[ZMQEndpointInterface] Received ZMQ message - topic: 'pose', protocol_version: 4, num_fields: 4, total_size: 4 buffers
[ZMQEndpointInterface] *** Starting ZMQ processing ***
[ZMQEndpointInterface] Protocol version: 4
[ZMQEndpointInterface] Protocol v4: Received 64D token (latent action), tokens[0]=0.0190, frame_index: 127
[ZMQEndpointInterface] Protocol v4: Left hand joints set: [0.0000, 0.0027, 0.0000, 0.0000, 0.0000, 0.0000, -0.0117]
[ZMQEndpointInterface] Protocol v4: Right hand joints set: [0.0000, -0.0096, -0.0055, 0.0000, 0.0029, 0.0000, 0.0000]
[ZMQEndpointInterface] Received ZMQ message - topic: 'pose', protocol_version: 4, num_fields: 4, total_size: 4 buffers
[ZMQEndpointInterface] *** Starting ZMQ processing ***
[ZMQEndpointInterface] Protocol version: 4
[ZMQEndpointInterface] Protocol v4: Received 64D token (latent action), tokens[0]=0.0233, frame_index: 128
[ZMQEndpointInterface] Protocol v4: Left hand joints set: [0.0000, 0.0027, 0.0000, -0.0137, 0.0000, 0.0000, -0.0029]
[ZMQEndpointInterface] Protocol v4: Right hand joints set: [0.0000, -0.0027, 0.0000, 0.0000, 0.0029, 0.0020, 0.0000]
[ZMQEndpointInterface] Received ZMQ message - topic: 'pose', protocol_version: 4, num_fields: 4, total_size: 4 buffers
[ZMQEndpointInterface] *** Starting ZMQ processing ***
[ZMQEndpointInterface] Protocol version: 4
[ZMQEndpointInterface] Protocol v4: Received 64D token (latent action), tokens[0]=0.0220, frame_index: 129
[ZMQEndpointInterface] Protocol v4: Left hand joints set: [0.0000, 0.0027, 0.0041, 0.0000, 0.0000, -0.0039, 0.0000]
[ZMQEndpointInterface] Protocol v4: Right hand joints set: [0.0000, -0.0014, -0.0027, 0.0000, 0.0000, 0.0000, 0.0000]
[ZMQEndpointInterface] Received ZMQ message - topic: 'pose', protocol_version: 4, num_fields: 4, total_size: 4 buffers
[ZMQEndpointInterface] *** Starting ZMQ processing ***
[ZMQEndpointInterface] Protocol version: 4
[ZMQEndpointInterface] Protocol v4: Received 64D token (latent action), tokens[0]=0.0254, frame_index: 130
[ZMQEndpointInterface] Protocol v4: Left hand joints set: [0.0000, 0.0027, 0.0014, -0.0117, 0.0000, 0.0000, -0.0059]
[ZMQEndpointInterface] Protocol v4: Right hand joints set: [0.0000, -0.0068, 0.0000, 0.0000, 0.0000, 0.0020, 0.0000]
[ZMQEndpointInterface] Received ZMQ message - topic: 'pose', protocol_version: 4, num_fields: 4, total_size: 4 buffers
[ZMQEndpointInterface] *** Starting ZMQ processing ***
[ZMQEndpointInterface] Protocol version: 4
[ZMQEndpointInterface] Protocol v4: Received 64D token (latent action), tokens[0]=0.0250, frame_index: 131
[ZMQEndpointInterface] Protocol v4: Left hand joints set: [0.0000, 0.0027, 0.0000, -0.0098, 0.0000, -0.0020, 0.0000]
[ZMQEndpointInterface] Protocol v4: Right hand joints set: [0.0000, -0.0027, -0.0055, 0.0000, 0.0059, 0.0000, 0.0000]
[ZMQEndpointInterface] Received ZMQ message - topic: 'pose', protocol_version: 4, num_fields: 4, total_size: 4 buffers
[ZMQEndpointInterface] *** Starting ZMQ processing ***
[ZMQEndpointInterface] Protocol version: 4
[ZMQEndpointInterface] Protocol v4: Received 64D token (latent action), tokens[0]=0.0258, frame_index: 132
[ZMQEndpointInterface] Protocol v4: Left hand joints set: [0.0000, 0.0027, 0.0082, -0.0156, 0.0000, -0.0059, -0.0059]
[ZMQEndpointInterface] Protocol v4: Right hand joints set: [0.0000, -0.0014, 0.0000, 0.0020, 0.0117, 0.0000, 0.0000]
[ZMQEndpointInterface] Received ZMQ message - topic: 'pose', protocol_version: 4, num_fields: 4, total_size: 4 buffers
[ZMQEndpointInterface] *** Starting ZMQ processing ***
[ZMQEndpointInterface] Protocol version: 4
[ZMQEndpointInterface] Protocol v4: Received 64D token (latent action), tokens[0]=0.0254, frame_index: 133
[ZMQEndpointInterface] Protocol v4: Left hand joints set: [0.0000, 0.0014, 0.0014, -0.0039, 0.0000, -0.0059, -0.0088]
[ZMQEndpointInterface] Protocol v4: Right hand joints set: [0.0000, -0.0027, 0.0000, 0.0000, 0.0176, 0.0000, 0.0000]
[ZMQEndpointInterface] Received ZMQ message - topic: 'pose', protocol_version: 4, num_fields: 4, total_size: 4 buffers
[ZMQEndpointInterface] *** Starting ZMQ processing ***
[ZMQEndpointInterface] Protocol version: 4
[ZMQEndpointInterface] Protocol v4: Received 64D token (latent action), tokens[0]=0.0262, frame_index: 134
[ZMQEndpointInterface] Protocol v4: Left hand joints set: [0.0000, 0.0068, 0.0000, 0.0000, 0.0000, 0.0000, 0.0000]
[ZMQEndpointInterface] Protocol v4: Right hand joints set: [0.0000, -0.0027, -0.0055, 0.0000, 0.0117, 0.0000, 0.0000]
[ZMQEndpointInterface] Received ZMQ message - topic: 'pose', protocol_version: 4, num_fields: 4, total_size: 4 buffers
[ZMQEndpointInterface] *** Starting ZMQ processing ***
[ZMQEndpointInterface] Protocol version: 4
[ZMQEndpointInterface] Protocol v4: Received 64D token (latent action), tokens[0]=0.0284, frame_index: 135
[ZMQEndpointInterface] Protocol v4: Left hand joints set: [0.0000, 0.0068, 0.0055, -0.0078, 0.0000, 0.0000, -0.0029]
[ZMQEndpointInterface] Protocol v4: Right hand joints set: [0.0000, -0.0055, 0.0000, 0.0000, 0.0000, 0.0020, 0.0000]
[ZMQEndpointInterface] Received ZMQ message - topic: 'pose', protocol_version: 4, num_fields: 4, total_size: 4 buffers
[ZMQEndpointInterface] *** Starting ZMQ processing ***
[ZMQEndpointInterface] Protocol version: 4
[ZMQEndpointInterface] Protocol v4: Received 64D token (latent action), tokens[0]=0.0305, frame_index: 136
[ZMQEndpointInterface] Protocol v4: Left hand joints set: [0.0000, 0.0014, 0.0068, -0.0039, 0.0000, 0.0000, -0.0059]
[ZMQEndpointInterface] Protocol v4: Right hand joints set: [0.0000, -0.0082, -0.0027, 0.0000, 0.0088, 0.0000, 0.0000]
[ZMQEndpointInterface] Received ZMQ message - topic: 'pose', protocol_version: 4, num_fields: 4, total_size: 4 buffers
[ZMQEndpointInterface] *** Starting ZMQ processing ***
[ZMQEndpointInterface] Protocol version: 4
[ZMQEndpointInterface] Protocol v4: Received 64D token (latent action), tokens[0]=0.0327, frame_index: 137
[ZMQEndpointInterface] Protocol v4: Left hand joints set: [0.0000, 0.0055, 0.0041, -0.0039, 0.0000, -0.0059, 0.0000]
[ZMQEndpointInterface] Protocol v4: Right hand joints set: [0.0000, -0.0055, -0.0041, 0.0000, 0.0117, 0.0000, 0.0000]
[ZMQEndpointInterface] Received ZMQ message - topic: 'pose', protocol_version: 4, num_fields: 4, total_size: 4 buffers
[ZMQEndpointInterface] *** Starting ZMQ processing ***
[ZMQEndpointInterface] Protocol version: 4
[ZMQEndpointInterface] Protocol v4: Received 64D token (latent action), tokens[0]=0.0348, frame_index: 138
[ZMQEndpointInterface] Protocol v4: Left hand joints set: [0.0000, 0.0000, 0.0055, 0.0000, 0.0000, 0.0000, -0.0059]
[ZMQEndpointInterface] Protocol v4: Right hand joints set: [0.0000, -0.0055, -0.0055, 0.0000, 0.0117, 0.0039, 0.0000]
[ZMQEndpointInterface] Received ZMQ message - topic: 'pose', protocol_version: 4, num_fields: 4, total_size: 4 buffers
[ZMQEndpointInterface] *** Starting ZMQ processing ***
[ZMQEndpointInterface] Protocol version: 4
[ZMQEndpointInterface] Protocol v4: Received 64D token (latent action), tokens[0]=0.0322, frame_index: 139
[ZMQEndpointInterface] Protocol v4: Left hand joints set: [0.0000, 0.0000, 0.0014, 0.0000, 0.0000, 0.0000, 0.0000]
[ZMQEndpointInterface] Protocol v4: Right hand joints set: [0.0000, -0.0055, -0.0055, 0.0000, 0.0176, 0.0000, 0.0000]
[ZMQEndpointInterface] Received ZMQ message - topic: 'pose', protocol_version: 4, num_fields: 4, total_size: 4 buffers
[ZMQEndpointInterface] *** Starting ZMQ processing ***
[ZMQEndpointInterface] Protocol version: 4
[ZMQEndpointInterface] Protocol v4: Received 64D token (latent action), tokens[0]=0.0356, frame_index: 140
[ZMQEndpointInterface] Protocol v4: Left hand joints set: [0.0000, 0.0000, 0.0055, 0.0000, 0.0000, -0.0039, 0.0000]
[ZMQEndpointInterface] Protocol v4: Right hand joints set: [0.0000, 0.0000, -0.0068, 0.0000, 0.0117, 0.0039, 0.0000]
[ZMQEndpointInterface] Received ZMQ message - topic: 'pose', protocol_version: 4, num_fields: 4, total_size: 4 buffers
[ZMQEndpointInterface] *** Starting ZMQ processing ***
[ZMQEndpointInterface] Protocol version: 4
[ZMQEndpointInterface] Protocol v4: Received 64D token (latent action), tokens[0]=0.0403, frame_index: 141
[ZMQEndpointInterface] Protocol v4: Left hand joints set: [0.0000, 0.0055, 0.0000, -0.0098, 0.0000, -0.0039, -0.0146]
[ZMQEndpointInterface] Protocol v4: Right hand joints set: [0.0000, -0.0055, -0.0055, 0.0000, 0.0117, 0.0000, 0.0000]
[ZMQEndpointInterface] Received ZMQ message - topic: 'pose', protocol_version: 4, num_fields: 4, total_size: 4 buffers
[ZMQEndpointInterface] *** Starting ZMQ processing ***
[ZMQEndpointInterface] Protocol version: 4
[ZMQEndpointInterface] Protocol v4: Received 64D token (latent action), tokens[0]=0.0416, frame_index: 142
[ZMQEndpointInterface] Protocol v4: Left hand joints set: [0.0000, 0.0055, 0.0055, -0.0039, -0.0029, -0.0039, 0.0000]
[ZMQEndpointInterface] Protocol v4: Right hand joints set: [0.0000, -0.0027, -0.0027, 0.0000, 0.0146, 0.0000, 0.0000]
[ZMQEndpointInterface] Received ZMQ message - topic: 'pose', protocol_version: 4, num_fields: 4, total_size: 4 buffers
[ZMQEndpointInterface] *** Starting ZMQ processing ***
[ZMQEndpointInterface] Protocol version: 4
[ZMQEndpointInterface] Protocol v4: Received 64D token (latent action), tokens[0]=0.0427, frame_index: 143
[ZMQEndpointInterface] Protocol v4: Left hand joints set: [0.0000, 0.0055, 0.0014, -0.0039, 0.0000, 0.0000, -0.0117]
[ZMQEndpointInterface] Protocol v4: Right hand joints set: [0.0000, -0.0055, 0.0000, 0.0039, 0.0146, 0.0000, 0.0000]
[ZMQEndpointInterface] Received ZMQ message - topic: 'pose', protocol_version: 4, num_fields: 4, total_size: 4 buffers
[ZMQEndpointInterface] *** Starting ZMQ processing ***
[ZMQEndpointInterface] Protocol version: 4
[ZMQEndpointInterface] Protocol v4: Received 64D token (latent action), tokens[0]=0.0369, frame_index: 144
[ZMQEndpointInterface] Protocol v4: Left hand joints set: [0.0000, 0.0055, 0.0055, 0.0000, 0.0000, 0.0000, 0.0000]
[ZMQEndpointInterface] Protocol v4: Right hand joints set: [0.0000, 0.0000, 0.0000, 0.0000, 0.0000, 0.0000, 0.0000]
[ZMQEndpointInterface] Received ZMQ message - topic: 'pose', protocol_version: 4, num_fields: 4, total_size: 4 buffers
[ZMQEndpointInterface] *** Starting ZMQ processing ***
[ZMQEndpointInterface] Protocol version: 4
[ZMQEndpointInterface] Protocol v4: Received 64D token (latent action), tokens[0]=0.0365, frame_index: 145
[ZMQEndpointInterface] Protocol v4: Left hand joints set: [0.0000, 0.0000, 0.0055, 0.0000, 0.0000, 0.0000, 0.0000]
[ZMQEndpointInterface] Protocol v4: Right hand joints set: [0.0000, -0.0082, 0.0000, 0.0000, 0.0000, 0.0000, 0.0000]
[ZMQEndpointInterface] Received ZMQ message - topic: 'pose', protocol_version: 4, num_fields: 4, total_size: 4 buffers
[ZMQEndpointInterface] *** Starting ZMQ processing ***
[ZMQEndpointInterface] Protocol version: 4
[ZMQEndpointInterface] Protocol v4: Received 64D token (latent action), tokens[0]=0.0356, frame_index: 146
[ZMQEndpointInterface] Protocol v4: Left hand joints set: [0.0000, 0.0014, 0.0027, 0.0000, -0.0059, 0.0000, 0.0000]
[ZMQEndpointInterface] Protocol v4: Right hand joints set: [0.0000, 0.0000, 0.0000, 0.0000, 0.0000, 0.0000, 0.0000]
[ZMQEndpointInterface] Received ZMQ message - topic: 'pose', protocol_version: 4, num_fields: 4, total_size: 4 buffers
[ZMQEndpointInterface] *** Starting ZMQ processing ***
[ZMQEndpointInterface] Protocol version: 4
[ZMQEndpointInterface] Protocol v4: Received 64D token (latent action), tokens[0]=0.0374, frame_index: 147
[ZMQEndpointInterface] Protocol v4: Left hand joints set: [0.0000, 0.0027, 0.0055, 0.0000, 0.0000, 0.0000, 0.0000]
[ZMQEndpointInterface] Protocol v4: Right hand joints set: [0.0000, -0.0027, 0.0000, 0.0039, 0.0000, 0.0000, 0.0000]
[ZMQEndpointInterface] Received ZMQ message - topic: 'pose', protocol_version: 4, num_fields: 4, total_size: 4 buffers
[ZMQEndpointInterface] *** Starting ZMQ processing ***
[ZMQEndpointInterface] Protocol version: 4
[ZMQEndpointInterface] Protocol v4: Received 64D token (latent action), tokens[0]=0.0374, frame_index: 148
[ZMQEndpointInterface] Protocol v4: Left hand joints set: [0.0000, 0.0082, 0.0000, 0.0000, 0.0000, 0.0000, 0.0000]
[ZMQEndpointInterface] Protocol v4: Right hand joints set: [0.0000, 0.0000, 0.0000, 0.0020, 0.0000, 0.0000, 0.0000]
[ZMQEndpointInterface] Received ZMQ message - topic: 'pose', protocol_version: 4, num_fields: 4, total_size: 4 buffers
[ZMQEndpointInterface] *** Starting ZMQ processing ***
[ZMQEndpointInterface] Protocol version: 4
[ZMQEndpointInterface] Protocol v4: Received 64D token (latent action), tokens[0]=0.0374, frame_index: 149
[ZMQEndpointInterface] Protocol v4: Left hand joints set: [0.0000, 0.0041, 0.0000, -0.0039, 0.0000, 0.0000, 0.0000]
[ZMQEndpointInterface] Protocol v4: Right hand joints set: [0.0000, 0.0000, 0.0000, 0.0000, 0.0000, 0.0000, 0.0000]
[ZMQEndpointInterface] Received ZMQ message - topic: 'pose', protocol_version: 4, num_fields: 4, total_size: 4 buffers
[ZMQEndpointInterface] *** Starting ZMQ processing ***
[ZMQEndpointInterface] Protocol version: 4
[ZMQEndpointInterface] Protocol v4: Received 64D token (latent action), tokens[0]=0.0378, frame_index: 150
[ZMQEndpointInterface] Protocol v4: Left hand joints set: [0.0000, 0.0027, 0.0000, 0.0000, 0.0000, 0.0000, 0.0000]
[ZMQEndpointInterface] Protocol v4: Right hand joints set: [0.0000, -0.0014, 0.0000, 0.0000, 0.0000, 0.0000, 0.0000]
[Token Flow] Copied external tokens, tokens[0]=0.0378
[ZMQEndpointInterface] Received ZMQ message - topic: 'pose', protocol_version: 4, num_fields: 4, total_size: 4 buffers
[ZMQEndpointInterface] *** Starting ZMQ processing ***
[ZMQEndpointInterface] Protocol version: 4
[ZMQEndpointInterface] Protocol v4: Received 64D token (latent action), tokens[0]=0.0378, frame_index: 151
[ZMQEndpointInterface] Protocol v4: Left hand joints set: [0.0000, 0.0041, 0.0000, 0.0000, -0.0029, 0.0000, 0.0000]
[ZMQEndpointInterface] Protocol v4: Right hand joints set: [0.0000, 0.0000, 0.0000, 0.0000, 0.0000, 0.0000, 0.0000]
[ZMQEndpointInterface] Received ZMQ message - topic: 'pose', protocol_version: 4, num_fields: 4, total_size: 4 buffers
[ZMQEndpointInterface] *** Starting ZMQ processing ***
[ZMQEndpointInterface] Protocol version: 4
[ZMQEndpointInterface] Protocol v4: Received 64D token (latent action), tokens[0]=0.0391, frame_index: 152
[ZMQEndpointInterface] Protocol v4: Left hand joints set: [0.0000, 0.0068, 0.0027, 0.0000, 0.0000, -0.0020, 0.0000]
[ZMQEndpointInterface] Protocol v4: Right hand joints set: [0.0000, 0.0000, 0.0000, 0.0039, 0.0000, 0.0000, 0.0000]
[ZMQEndpointInterface] Received ZMQ message - topic: 'pose', protocol_version: 4, num_fields: 4, total_size: 4 buffers
[ZMQEndpointInterface] *** Starting ZMQ processing ***
[ZMQEndpointInterface] Protocol version: 4
[ZMQEndpointInterface] Protocol v4: Received 64D token (latent action), tokens[0]=0.0352, frame_index: 153
[ZMQEndpointInterface] Protocol v4: Left hand joints set: [0.0000, 0.0027, 0.0027, 0.0000, 0.0000, 0.0000, 0.0000]
[ZMQEndpointInterface] Protocol v4: Right hand joints set: [0.0000, 0.0000, 0.0000, 0.0020, 0.0000, 0.0000, 0.0000]
[ZMQEndpointInterface] Received ZMQ message - topic: 'pose', protocol_version: 4, num_fields: 4, total_size: 4 buffers
[ZMQEndpointInterface] *** Starting ZMQ processing ***
[ZMQEndpointInterface] Protocol version: 4
[ZMQEndpointInterface] Protocol v4: Received 64D token (latent action), tokens[0]=0.0408, frame_index: 154
[ZMQEndpointInterface] Protocol v4: Left hand joints set: [0.0000, 0.0000, 0.0000, 0.0000, 0.0000, 0.0000, 0.0000]
[ZMQEndpointInterface] Protocol v4: Right hand joints set: [0.0000, 0.0000, 0.0000, 0.0000, 0.0000, 0.0000, 0.0000]
[ZMQEndpointInterface] Received ZMQ message - topic: 'pose', protocol_version: 4, num_fields: 4, total_size: 4 buffers
[ZMQEndpointInterface] *** Starting ZMQ processing ***
[ZMQEndpointInterface] Protocol version: 4
[ZMQEndpointInterface] Protocol v4: Received 64D token (latent action), tokens[0]=0.0399, frame_index: 155
[ZMQEndpointInterface] Protocol v4: Left hand joints set: [0.0000, 0.0014, 0.0055, 0.0000, 0.0000, 0.0000, 0.0000]
[ZMQEndpointInterface] Protocol v4: Right hand joints set: [0.0000, -0.0027, 0.0000, 0.0000, 0.0000, 0.0000, 0.0000]
[ZMQEndpointInterface] Received ZMQ message - topic: 'pose', protocol_version: 4, num_fields: 4, total_size: 4 buffers
[ZMQEndpointInterface] *** Starting ZMQ processing ***
[ZMQEndpointInterface] Protocol version: 4
[ZMQEndpointInterface] Protocol v4: Received 64D token (latent action), tokens[0]=0.0408, frame_index: 156
[ZMQEndpointInterface] Protocol v4: Left hand joints set: [0.0000, 0.0000, 0.0027, 0.0000, 0.0000, 0.0000, -0.0059]
[ZMQEndpointInterface] Protocol v4: Right hand joints set: [0.0000, 0.0000, 0.0000, 0.0000, 0.0000, 0.0000, 0.0000]
[ZMQEndpointInterface] Received ZMQ message - topic: 'pose', protocol_version: 4, num_fields: 4, total_size: 4 buffers
[ZMQEndpointInterface] *** Starting ZMQ processing ***
[ZMQEndpointInterface] Protocol version: 4
[ZMQEndpointInterface] Protocol v4: Received 64D token (latent action), tokens[0]=0.0421, frame_index: 157
[ZMQEndpointInterface] Protocol v4: Left hand joints set: [0.0000, 0.0000, 0.0027, -0.0020, 0.0000, 0.0000, -0.0059]
[ZMQEndpointInterface] Protocol v4: Right hand joints set: [0.0000, 0.0000, 0.0000, 0.0000, 0.0000, 0.0000, 0.0000]
[ZMQEndpointInterface] Received ZMQ message - topic: 'pose', protocol_version: 4, num_fields: 4, total_size: 4 buffers
[ZMQEndpointInterface] *** Starting ZMQ processing ***
[ZMQEndpointInterface] Protocol version: 4
[ZMQEndpointInterface] Protocol v4: Received 64D token (latent action), tokens[0]=0.0435, frame_index: 158
[ZMQEndpointInterface] Protocol v4: Left hand joints set: [0.0000, 0.0014, 0.0000, 0.0000, 0.0000, 0.0000, -0.0029]
[ZMQEndpointInterface] Protocol v4: Right hand joints set: [0.0000, 0.0000, 0.0000, 0.0000, 0.0000, 0.0000, 0.0000]
[ZMQEndpointInterface] Received ZMQ message - topic: 'pose', protocol_version: 4, num_fields: 4, total_size: 4 buffers
[ZMQEndpointInterface] *** Starting ZMQ processing ***
[ZMQEndpointInterface] Protocol version: 4
[ZMQEndpointInterface] Protocol v4: Received 64D token (latent action), tokens[0]=0.0425, frame_index: 159
[ZMQEndpointInterface] Protocol v4: Left hand joints set: [0.0000, 0.0096, 0.0041, 0.0000, 0.0000, 0.0000, 0.0000]
[ZMQEndpointInterface] Protocol v4: Right hand joints set: [0.0000, -0.0041, 0.0000, 0.0000, 0.0000, 0.0000, 0.0000]
[ZMQEndpointInterface] Received ZMQ message - topic: 'pose', protocol_version: 4, num_fields: 4, total_size: 4 buffers
[ZMQEndpointInterface] *** Starting ZMQ processing ***
[ZMQEndpointInterface] Protocol version: 4
[ZMQEndpointInterface] Protocol v4: Received 64D token (latent action), tokens[0]=0.0412, frame_index: 160
[ZMQEndpointInterface] Protocol v4: Left hand joints set: [0.0000, 0.0014, 0.0027, 0.0000, 0.0000, 0.0000, 0.0000]
[ZMQEndpointInterface] Protocol v4: Right hand joints set: [0.0000, -0.0014, 0.0000, 0.0000, 0.0000, 0.0000, 0.0000]
[ZMQEndpointInterface] Received ZMQ message - topic: 'pose', protocol_version: 4, num_fields: 4, total_size: 4 buffers
[ZMQEndpointInterface] *** Starting ZMQ processing ***
[ZMQEndpointInterface] Protocol version: 4
[ZMQEndpointInterface] Protocol v4: Received 64D token (latent action), tokens[0]=0.0433, frame_index: 161
[ZMQEndpointInterface] Protocol v4: Left hand joints set: [0.0000, 0.0055, 0.0055, 0.0000, 0.0000, -0.0020, 0.0000]
[ZMQEndpointInterface] Protocol v4: Right hand joints set: [0.0000, 0.0000, 0.0000, 0.0020, 0.0000, 0.0000, 0.0000]
[ZMQEndpointInterface] Received ZMQ message - topic: 'pose', protocol_version: 4, num_fields: 4, total_size: 4 buffers
[ZMQEndpointInterface] *** Starting ZMQ processing ***
[ZMQEndpointInterface] Protocol version: 4
[ZMQEndpointInterface] Protocol v4: Received 64D token (latent action), tokens[0]=0.0440, frame_index: 162
[ZMQEndpointInterface] Protocol v4: Left hand joints set: [0.0000, 0.0068, 0.0041, 0.0000, 0.0000, -0.0039, -0.0088]
[ZMQEndpointInterface] Protocol v4: Right hand joints set: [0.0000, 0.0000, 0.0000, 0.0000, 0.0000, 0.0000, 0.0000]
[ZMQEndpointInterface] Received ZMQ message - topic: 'pose', protocol_version: 4, num_fields: 4, total_size: 4 buffers
[ZMQEndpointInterface] *** Starting ZMQ processing ***
[ZMQEndpointInterface] Protocol version: 4
[ZMQEndpointInterface] Protocol v4: Received 64D token (latent action), tokens[0]=0.0463, frame_index: 163
[ZMQEndpointInterface] Protocol v4: Left hand joints set: [0.0000, 0.0000, 0.0055, 0.0000, 0.0000, -0.0059, 0.0000]
[ZMQEndpointInterface] Protocol v4: Right hand joints set: [0.0000, 0.0000, 0.0000, 0.0000, 0.0000, 0.0000, 0.0000]
[ZMQEndpointInterface] Received ZMQ message - topic: 'pose', protocol_version: 4, num_fields: 4, total_size: 4 buffers
[ZMQEndpointInterface] *** Starting ZMQ processing ***
[ZMQEndpointInterface] Protocol version: 4
[ZMQEndpointInterface] Protocol v4: Received 64D token (latent action), tokens[0]=0.0453, frame_index: 164
[ZMQEndpointInterface] Protocol v4: Left hand joints set: [0.0000, 0.0068, 0.0014, 0.0000, 0.0000, 0.0000, 0.0000]
[ZMQEndpointInterface] Protocol v4: Right hand joints set: [0.0000, 0.0000, 0.0000, 0.0000, 0.0000, 0.0000, 0.0000]
[ZMQEndpointInterface] Received ZMQ message - topic: 'pose', protocol_version: 4, num_fields: 4, total_size: 4 buffers
[ZMQEndpointInterface] *** Starting ZMQ processing ***
[ZMQEndpointInterface] Protocol version: 4
[ZMQEndpointInterface] Protocol v4: Received 64D token (latent action), tokens[0]=0.0459, frame_index: 165
[ZMQEndpointInterface] Protocol v4: Left hand joints set: [0.0000, 0.0027, 0.0000, 0.0000, 0.0000, 0.0000, 0.0000]
[ZMQEndpointInterface] Protocol v4: Right hand joints set: [0.0000, 0.0000, 0.0000, 0.0039, 0.0000, 0.0000, 0.0000]
Loop timing - LowState age: 2.4380ms, Streaming data mean delay: 6.3795ms, Streaming data std delay: 3.5981ms, IMU age: 2.4390ms, Obs: 83us, Policy: 618us, Obs 2 Motor Command: 701us, Post processing: 34us | HandCloseRatio: 1.0000
[ZMQEndpointInterface] Received ZMQ message - topic: 'pose', protocol_version: 4, num_fields: 4, total_size: 4 buffers
[ZMQEndpointInterface] *** Starting ZMQ processing ***
[ZMQEndpointInterface] Protocol version: 4
[ZMQEndpointInterface] Protocol v4: Received 64D token (latent action), tokens[0]=0.0433, frame_index: 166
[ZMQEndpointInterface] Protocol v4: Left hand joints set: [0.0000, 0.0027, 0.0068, 0.0000, 0.0000, 0.0000, 0.0000]
[ZMQEndpointInterface] Protocol v4: Right hand joints set: [0.0000, -0.0027, 0.0000, 0.0020, 0.0000, 0.0000, 0.0000]
[ZMQEndpointInterface] Received ZMQ message - topic: 'pose', protocol_version: 4, num_fields: 4, total_size: 4 buffers
[ZMQEndpointInterface] *** Starting ZMQ processing ***
[ZMQEndpointInterface] Protocol version: 4
[ZMQEndpointInterface] Protocol v4: Received 64D token (latent action), tokens[0]=0.0433, frame_index: 167
[ZMQEndpointInterface] Protocol v4: Left hand joints set: [0.0000, 0.0068, 0.0027, -0.0039, 0.0000, 0.0000, 0.0000]
[ZMQEndpointInterface] Protocol v4: Right hand joints set: [0.0000, 0.0000, 0.0000, 0.0000, 0.0000, 0.0000, 0.0000]
[ZMQEndpointInterface] Received ZMQ message - topic: 'pose', protocol_version: 4, num_fields: 4, total_size: 4 buffers
[ZMQEndpointInterface] *** Starting ZMQ processing ***
[ZMQEndpointInterface] Protocol version: 4
[ZMQEndpointInterface] Protocol v4: Received 64D token (latent action), tokens[0]=0.0472, frame_index: 168
[ZMQEndpointInterface] Protocol v4: Left hand joints set: [0.0000, 0.0068, 0.0027, 0.0000, 0.0000, 0.0000, 0.0000]
[ZMQEndpointInterface] Protocol v4: Right hand joints set: [0.0000, -0.0027, 0.0000, 0.0000, 0.0000, 0.0000, 0.0000]
[ZMQEndpointInterface] Received ZMQ message - topic: 'pose', protocol_version: 4, num_fields: 4, total_size: 4 buffers
[ZMQEndpointInterface] *** Starting ZMQ processing ***
[ZMQEndpointInterface] Protocol version: 4
[ZMQEndpointInterface] Protocol v4: Received 64D token (latent action), tokens[0]=0.0442, frame_index: 169
[ZMQEndpointInterface] Protocol v4: Left hand joints set: [0.0000, 0.0082, 0.0096, -0.0039, -0.0029, 0.0000, -0.0117]
[ZMQEndpointInterface] Protocol v4: Right hand joints set: [0.0000, -0.0014, 0.0000, 0.0000, 0.0000, 0.0000, 0.0000]
[ZMQEndpointInterface] Received ZMQ message - topic: 'pose', protocol_version: 4, num_fields: 4, total_size: 4 buffers
[ZMQEndpointInterface] *** Starting ZMQ processing ***
[ZMQEndpointInterface] Protocol version: 4
[ZMQEndpointInterface] Protocol v4: Received 64D token (latent action), tokens[0]=0.0444, frame_index: 170
[ZMQEndpointInterface] Protocol v4: Left hand joints set: [0.0000, 0.0027, 0.0055, -0.0059, -0.0117, 0.0000, -0.0059]
[ZMQEndpointInterface] Protocol v4: Right hand joints set: [0.0000, -0.0027, 0.0000, 0.0000, 0.0000, 0.0000, 0.0000]
[ZMQEndpointInterface] Received ZMQ message - topic: 'pose', protocol_version: 4, num_fields: 4, total_size: 4 buffers
[ZMQEndpointInterface] *** Starting ZMQ processing ***
[ZMQEndpointInterface] Protocol version: 4
[ZMQEndpointInterface] Protocol v4: Received 64D token (latent action), tokens[0]=0.0771, frame_index: 171
[ZMQEndpointInterface] Protocol v4: Left hand joints set: [0.0000, 0.0014, 0.0068, -0.0039, -0.0146, -0.0039, 0.0000]
[ZMQEndpointInterface] Protocol v4: Right hand joints set: [0.0000, -0.0027, 0.0000, 0.0000, 0.0000, 0.0000, 0.0000]
[ZMQEndpointInterface] Received ZMQ message - topic: 'pose', protocol_version: 4, num_fields: 4, total_size: 4 buffers
[ZMQEndpointInterface] *** Starting ZMQ processing ***
[ZMQEndpointInterface] Protocol version: 4
[ZMQEndpointInterface] Protocol v4: Received 64D token (latent action), tokens[0]=0.0743, frame_index: 172
[ZMQEndpointInterface] Protocol v4: Left hand joints set: [0.0000, 0.0041, 0.0041, -0.0020, -0.0029, -0.0098, 0.0000]
[ZMQEndpointInterface] Protocol v4: Right hand joints set: [0.0000, -0.0014, 0.0000, 0.0000, 0.0000, 0.0000, 0.0000]
[ZMQEndpointInterface] Received ZMQ message - topic: 'pose', protocol_version: 4, num_fields: 4, total_size: 4 buffers
[ZMQEndpointInterface] *** Starting ZMQ processing ***
[ZMQEndpointInterface] Protocol version: 4
[ZMQEndpointInterface] Protocol v4: Received 64D token (latent action), tokens[0]=0.0726, frame_index: 173
[ZMQEndpointInterface] Protocol v4: Left hand joints set: [0.0000, 0.0000, 0.0000, 0.0000, -0.0029, -0.0020, 0.0000]
[ZMQEndpointInterface] Protocol v4: Right hand joints set: [0.0000, -0.0027, 0.0000, 0.0000, 0.0029, 0.0000, 0.0000]
[ZMQEndpointInterface] Received ZMQ message - topic: 'pose', protocol_version: 4, num_fields: 4, total_size: 4 buffers
[ZMQEndpointInterface] *** Starting ZMQ processing ***
[ZMQEndpointInterface] Protocol version: 4
[ZMQEndpointInterface] Protocol v4: Received 64D token (latent action), tokens[0]=0.0728, frame_index: 174
[ZMQEndpointInterface] Protocol v4: Left hand joints set: [0.0000, 0.0027, 0.0068, 0.0000, 0.0000, -0.0078, -0.0059]
[ZMQEndpointInterface] Protocol v4: Right hand joints set: [0.0000, -0.0068, 0.0000, 0.0000, 0.0000, 0.0000, 0.0000]
[ZMQEndpointInterface] Received ZMQ message - topic: 'pose', protocol_version: 4, num_fields: 4, total_size: 4 buffers
[ZMQEndpointInterface] *** Starting ZMQ processing ***
[ZMQEndpointInterface] Protocol version: 4
[ZMQEndpointInterface] Protocol v4: Received 64D token (latent action), tokens[0]=0.0758, frame_index: 175
[ZMQEndpointInterface] Protocol v4: Left hand joints set: [0.0000, 0.0000, 0.0041, 0.0000, -0.0059, -0.0078, 0.0000]
[ZMQEndpointInterface] Protocol v4: Right hand joints set: [0.0000, -0.0027, 0.0000, 0.0000, 0.0000, 0.0039, 0.0000]
[ZMQEndpointInterface] Received ZMQ message - topic: 'pose', protocol_version: 4, num_fields: 4, total_size: 4 buffers
[ZMQEndpointInterface] *** Starting ZMQ processing ***
[ZMQEndpointInterface] Protocol version: 4
[ZMQEndpointInterface] Protocol v4: Received 64D token (latent action), tokens[0]=0.0771, frame_index: 176
[ZMQEndpointInterface] Protocol v4: Left hand joints set: [0.0000, 0.0000, 0.0055, 0.0000, 0.0000, -0.0020, 0.0000]
[ZMQEndpointInterface] Protocol v4: Right hand joints set: [0.0000, -0.0027, -0.0041, 0.0000, 0.0000, 0.0000, 0.0000]
[ZMQEndpointInterface] Received ZMQ message - topic: 'pose', protocol_version: 4, num_fields: 4, total_size: 4 buffers
[ZMQEndpointInterface] *** Starting ZMQ processing ***
[ZMQEndpointInterface] Protocol version: 4
[ZMQEndpointInterface] Protocol v4: Received 64D token (latent action), tokens[0]=0.0692, frame_index: 177
[ZMQEndpointInterface] Protocol v4: Left hand joints set: [0.0000, 0.0000, 0.0014, 0.0000, -0.0059, -0.0078, 0.0000]
[ZMQEndpointInterface] Protocol v4: Right hand joints set: [0.0000, -0.0014, 0.0000, 0.0000, 0.0000, 0.0020, 0.0000]
[ZMQEndpointInterface] Received ZMQ message - topic: 'pose', protocol_version: 4, num_fields: 4, total_size: 4 buffers
[ZMQEndpointInterface] *** Starting ZMQ processing ***
[ZMQEndpointInterface] Protocol version: 4
[ZMQEndpointInterface] Protocol v4: Received 64D token (latent action), tokens[0]=0.0728, frame_index: 178
[ZMQEndpointInterface] Protocol v4: Left hand joints set: [0.0000, 0.0000, 0.0000, 0.0000, 0.0000, -0.0039, 0.0000]
[ZMQEndpointInterface] Protocol v4: Right hand joints set: [0.0000, -0.0041, 0.0000, 0.0000, 0.0000, 0.0059, 0.0000]
[ZMQEndpointInterface] Received ZMQ message - topic: 'pose', protocol_version: 4, num_fields: 4, total_size: 4 buffers
[ZMQEndpointInterface] *** Starting ZMQ processing ***
[ZMQEndpointInterface] Protocol version: 4
[ZMQEndpointInterface] Protocol v4: Received 64D token (latent action), tokens[0]=0.0724, frame_index: 179
[ZMQEndpointInterface] Protocol v4: Left hand joints set: [0.0000, 0.0000, 0.0000, 0.0000, 0.0000, -0.0078, 0.0000]
[ZMQEndpointInterface] Protocol v4: Right hand joints set: [0.0000, 0.0000, 0.0000, 0.0000, 0.0000, 0.0039, 0.0000]
[ZMQEndpointInterface] Received ZMQ message - topic: 'pose', protocol_version: 4, num_fields: 4, total_size: 4 buffers
[ZMQEndpointInterface] *** Starting ZMQ processing ***
[ZMQEndpointInterface] Protocol version: 4
[ZMQEndpointInterface] Protocol v4: Received 64D token (latent action), tokens[0]=0.0715, frame_index: 180
[ZMQEndpointInterface] Protocol v4: Left hand joints set: [0.0000, 0.0000, 0.0000, 0.0000, 0.0000, -0.0078, 0.0000]
[ZMQEndpointInterface] Protocol v4: Right hand joints set: [0.0000, -0.0014, 0.0000, 0.0000, 0.0000, 0.0059, 0.0000]
[ZMQEndpointInterface] Received ZMQ message - topic: 'pose', protocol_version: 4, num_fields: 4, total_size: 4 buffers
[ZMQEndpointInterface] *** Starting ZMQ processing ***
[ZMQEndpointInterface] Protocol version: 4
[ZMQEndpointInterface] Protocol v4: Received 64D token (latent action), tokens[0]=0.0711, frame_index: 181
[ZMQEndpointInterface] Protocol v4: Left hand joints set: [0.0000, 0.0000, 0.0000, 0.0000, 0.0000, -0.0078, 0.0000]
[ZMQEndpointInterface] Protocol v4: Right hand joints set: [0.0000, -0.0068, 0.0000, 0.0000, 0.0000, 0.0059, 0.0000]
[ZMQEndpointInterface] Received ZMQ message - topic: 'pose', protocol_version: 4, num_fields: 4, total_size: 4 buffers
[ZMQEndpointInterface] *** Starting ZMQ processing ***
[ZMQEndpointInterface] Protocol version: 4
[ZMQEndpointInterface] Protocol v4: Received 64D token (latent action), tokens[0]=0.0745, frame_index: 182
[ZMQEndpointInterface] Protocol v4: Left hand joints set: [0.0000, 0.0000, 0.0027, 0.0000, 0.0000, -0.0137, -0.0117]
[ZMQEndpointInterface] Protocol v4: Right hand joints set: [0.0000, -0.0041, 0.0000, 0.0000, 0.0000, 0.0020, 0.0000]
[ZMQEndpointInterface] Received ZMQ message - topic: 'pose', protocol_version: 4, num_fields: 4, total_size: 4 buffers
[ZMQEndpointInterface] *** Starting ZMQ processing ***
[ZMQEndpointInterface] Protocol version: 4
[ZMQEndpointInterface] Protocol v4: Received 64D token (latent action), tokens[0]=0.0722, frame_index: 183
[ZMQEndpointInterface] Protocol v4: Left hand joints set: [0.0000, 0.0000, 0.0027, 0.0000, 0.0000, -0.0059, 0.0000]
[ZMQEndpointInterface] Protocol v4: Right hand joints set: [0.0000, -0.0041, 0.0000, 0.0000, 0.0000, 0.0000, 0.0000]
[ZMQEndpointInterface] Received ZMQ message - topic: 'pose', protocol_version: 4, num_fields: 4, total_size: 4 buffers
[ZMQEndpointInterface] *** Starting ZMQ processing ***
[ZMQEndpointInterface] Protocol version: 4
[ZMQEndpointInterface] Protocol v4: Received 64D token (latent action), tokens[0]=0.0737, frame_index: 184
[ZMQEndpointInterface] Protocol v4: Left hand joints set: [0.0000, 0.0000, 0.0055, -0.0020, -0.0059, -0.0078, 0.0000]
[ZMQEndpointInterface] Protocol v4: Right hand joints set: [0.0000, -0.0014, 0.0000, 0.0000, 0.0000, 0.0020, 0.0000]
[ZMQEndpointInterface] Received ZMQ message - topic: 'pose', protocol_version: 4, num_fields: 4, total_size: 4 buffers
[ZMQEndpointInterface] *** Starting ZMQ processing ***
[ZMQEndpointInterface] Protocol version: 4
[ZMQEndpointInterface] Protocol v4: Received 64D token (latent action), tokens[0]=0.0705, frame_index: 185
[ZMQEndpointInterface] Protocol v4: Left hand joints set: [0.0000, 0.0000, 0.0000, 0.0000, 0.0000, -0.0059, 0.0000]
[ZMQEndpointInterface] Protocol v4: Right hand joints set: [0.0000, 0.0000, -0.0014, 0.0000, 0.0000, 0.0000, 0.0000]
[ZMQEndpointInterface] Received ZMQ message - topic: 'pose', protocol_version: 4, num_fields: 4, total_size: 4 buffers
Temporary motion completed.
Reset to frame 0.
[ZMQEndpointInterface] *** Starting ZMQ processing ***
[ZMQEndpointInterface] Protocol version: 4
[ZMQEndpointInterface] Protocol v4: Received 64D token (latent action), tokens[0]=0.0705, frame_index: 186
[ZMQEndpointInterface] Protocol v4: Left hand joints set: [0.0000, 0.0014, 0.0041, 0.0000, 0.0000, -0.0098, 0.0000]
[ZMQEndpointInterface] Protocol v4: Right hand joints set: [0.0000, 0.0000, 0.0000, 0.0000, 0.0029, 0.0078, 0.0000]
Reset heading state to 0.9976, -0.0035, -0.0456, -0.0510
Reset delta heading to 0
Reset init reference data root rotation to current frame: 0.9997, -0.0016, -0.0223, -0.0045
**********************************************************
Reference motion name: temporary_motion
**********************************************************
[ZMQEndpointInterface] Received ZMQ message - topic: 'pose', protocol_version: 4, num_fields: 4, total_size: 4 buffers
[ZMQEndpointInterface] *** Starting ZMQ processing ***
[ZMQEndpointInterface] Protocol version: 4
[ZMQEndpointInterface] Protocol v4: Received 64D token (latent action), tokens[0]=0.0681, frame_index: 187
[ZMQEndpointInterface] Protocol v4: Left hand joints set: [0.0000, 0.0014, 0.0000, -0.0039, 0.0000, -0.0039, 0.0000]
[ZMQEndpointInterface] Protocol v4: Right hand joints set: [0.0000, -0.0055, -0.0014, 0.0000, 0.0000, 0.0000, 0.0000]
[ZMQEndpointInterface] Received ZMQ message - topic: 'pose', protocol_version: 4, num_fields: 4, total_size: 4 buffers
[ZMQEndpointInterface] *** Starting ZMQ processing ***
[ZMQEndpointInterface] Protocol version: 4
[ZMQEndpointInterface] Protocol v4: Received 64D token (latent action), tokens[0]=0.0731, frame_index: 188
[ZMQEndpointInterface] Protocol v4: Left hand joints set: [0.0000, 0.0014, 0.0000, -0.0078, -0.0029, -0.0176, -0.0029]
[ZMQEndpointInterface] Protocol v4: Right hand joints set: [0.0000, 0.0000, -0.0027, 0.0000, 0.0059, 0.0078, 0.0000]
[ZMQEndpointInterface] Received ZMQ message - topic: 'pose', protocol_version: 4, num_fields: 4, total_size: 4 buffers
[ZMQEndpointInterface] *** Starting ZMQ processing ***
[ZMQEndpointInterface] Protocol version: 4
[ZMQEndpointInterface] Protocol v4: Received 64D token (latent action), tokens[0]=0.0681, frame_index: 189
[ZMQEndpointInterface] Protocol v4: Left hand joints set: [0.0000, 0.0000, 0.0000, 0.0000, -0.0059, -0.0039, -0.0059]
[ZMQEndpointInterface] Protocol v4: Right hand joints set: [0.0000, -0.0027, 0.0000, 0.0098, 0.0000, 0.0098, 0.0000]
[ZMQEndpointInterface] Received ZMQ message - topic: 'pose', protocol_version: 4, num_fields: 4, total_size: 4 buffers
[ZMQEndpointInterface] *** Starting ZMQ processing ***
[ZMQEndpointInterface] Protocol version: 4
[ZMQEndpointInterface] Protocol v4: Received 64D token (latent action), tokens[0]=0.0704, frame_index: 190
[ZMQEndpointInterface] Protocol v4: Left hand joints set: [0.0000, 0.0000, 0.0000, 0.0000, -0.0059, -0.0078, 0.0000]
[ZMQEndpointInterface] Protocol v4: Right hand joints set: [0.0000, -0.0027, 0.0000, 0.0039, 0.0000, 0.0039, 0.0000]
[ZMQEndpointInterface] Received ZMQ message - topic: 'pose', protocol_version: 4, num_fields: 4, total_size: 4 buffers
[ZMQEndpointInterface] *** Starting ZMQ processing ***
[ZMQEndpointInterface] Protocol version: 4
[ZMQEndpointInterface] Protocol v4: Received 64D token (latent action), tokens[0]=0.0732, frame_index: 191
[ZMQEndpointInterface] Protocol v4: Left hand joints set: [0.0000, 0.0109, 0.0000, -0.0020, 0.0000, -0.0039, 0.0000]
[ZMQEndpointInterface] Protocol v4: Right hand joints set: [0.0000, -0.0055, 0.0000, 0.0078, 0.0000, 0.0059, 0.0000]
[ZMQEndpointInterface] Received ZMQ message - topic: 'pose', protocol_version: 4, num_fields: 4, total_size: 4 buffers
[ZMQEndpointInterface] *** Starting ZMQ processing ***
[ZMQEndpointInterface] Protocol version: 4
[ZMQEndpointInterface] Protocol v4: Received 64D token (latent action), tokens[0]=0.0732, frame_index: 192
[ZMQEndpointInterface] Protocol v4: Left hand joints set: [0.0000, 0.0041, 0.0014, 0.0000, -0.0205, -0.0117, -0.0059]
[ZMQEndpointInterface] Protocol v4: Right hand joints set: [0.0000, -0.0014, 0.0000, 0.0000, 0.0000, 0.0039, 0.0000]
[ZMQEndpointInterface] Received ZMQ message - topic: 'pose', protocol_version: 4, num_fields: 4, total_size: 4 buffers
[ZMQEndpointInterface] *** Starting ZMQ processing ***
[ZMQEndpointInterface] Protocol version: 4
[ZMQEndpointInterface] Protocol v4: Received 64D token (latent action), tokens[0]=0.0711, frame_index: 193
[ZMQEndpointInterface] Protocol v4: Left hand joints set: [0.0000, 0.0055, 0.0014, 0.0000, 0.0000, -0.0078, 0.0000]
[ZMQEndpointInterface] Protocol v4: Right hand joints set: [0.0000, -0.0027, -0.0055, 0.0000, 0.0029, 0.0059, 0.0000]
[ZMQEndpointInterface] Received ZMQ message - topic: 'pose', protocol_version: 4, num_fields: 4, total_size: 4 buffers
[ZMQEndpointInterface] *** Starting ZMQ processing ***
[ZMQEndpointInterface] Protocol version: 4
[ZMQEndpointInterface] Protocol v4: Received 64D token (latent action), tokens[0]=0.0741, frame_index: 194
[ZMQEndpointInterface] Protocol v4: Left hand joints set: [0.0000, 0.0014, 0.0027, -0.0039, -0.0059, -0.0039, -0.0088]
[ZMQEndpointInterface] Protocol v4: Right hand joints set: [0.0000, -0.0027, 0.0000, 0.0020, 0.0000, 0.0020, 0.0000]
[ZMQEndpointInterface] Received ZMQ message - topic: 'pose', protocol_version: 4, num_fields: 4, total_size: 4 buffers
[ZMQEndpointInterface] *** Starting ZMQ processing ***
[ZMQEndpointInterface] Protocol version: 4
[ZMQEndpointInterface] Protocol v4: Received 64D token (latent action), tokens[0]=0.0735, frame_index: 195
[ZMQEndpointInterface] Protocol v4: Left hand joints set: [0.0000, 0.0055, 0.0027, -0.0039, 0.0000, -0.0098, -0.0059]
[ZMQEndpointInterface] Protocol v4: Right hand joints set: [0.0000, 0.0000, -0.0027, 0.0000, 0.0000, 0.0020, 0.0000]
[ZMQEndpointInterface] Received ZMQ message - topic: 'pose', protocol_version: 4, num_fields: 4, total_size: 4 buffers
[ZMQEndpointInterface] *** Starting ZMQ processing ***
[ZMQEndpointInterface] Protocol version: 4
[ZMQEndpointInterface] Protocol v4: Received 64D token (latent action), tokens[0]=0.0739, frame_index: 196
[ZMQEndpointInterface] Protocol v4: Left hand joints set: [0.0000, 0.0082, 0.0068, 0.0000, 0.0000, -0.0059, -0.0059]
[ZMQEndpointInterface] Protocol v4: Right hand joints set: [0.0000, 0.0000, 0.0000, 0.0039, 0.0000, 0.0039, 0.0000]
[ZMQEndpointInterface] Received ZMQ message - topic: 'pose', protocol_version: 4, num_fields: 4, total_size: 4 buffers
[ZMQEndpointInterface] *** Starting ZMQ processing ***
[ZMQEndpointInterface] Protocol version: 4
[ZMQEndpointInterface] Protocol v4: Received 64D token (latent action), tokens[0]=0.0741, frame_index: 197
[ZMQEndpointInterface] Protocol v4: Left hand joints set: [0.0000, 0.0027, 0.0014, -0.0039, -0.0117, -0.0078, -0.0117]
[ZMQEndpointInterface] Protocol v4: Right hand joints set: [0.0000, 0.0000, -0.0014, 0.0020, 0.0000, 0.0000, 0.0000]
[ZMQEndpointInterface] Received ZMQ message - topic: 'pose', protocol_version: 4, num_fields: 4, total_size: 4 buffers
[ZMQEndpointInterface] *** Starting ZMQ processing ***
[ZMQEndpointInterface] Protocol version: 4
[ZMQEndpointInterface] Protocol v4: Received 64D token (latent action), tokens[0]=0.0198, frame_index: 198
[ZMQEndpointInterface] Protocol v4: Left hand joints set: [0.0000, 0.0000, 0.0000, 0.0000, 0.0000, 0.0000, 0.0000]
[ZMQEndpointInterface] Protocol v4: Right hand joints set: [0.0000, 0.0000, 0.0000, 0.0000, 0.0000, 0.0000, 0.0000]
[ZMQEndpointInterface] Received ZMQ message - topic: 'pose', protocol_version: 4, num_fields: 4, total_size: 4 buffers
[ZMQEndpointInterface] *** Starting ZMQ processing ***
[ZMQEndpointInterface] Protocol version: 4
[ZMQEndpointInterface] Protocol v4: Received 64D token (latent action), tokens[0]=0.0194, frame_index: 199
[ZMQEndpointInterface] Protocol v4: Left hand joints set: [0.0000, 0.0027, 0.0000, -0.0039, 0.0000, 0.0000, -0.0117]
[ZMQEndpointInterface] Protocol v4: Right hand joints set: [0.0000, 0.0000, -0.0041, 0.0000, 0.0088, 0.0000, 0.0000]
[Token Flow] Copied external tokens, tokens[0]=0.0194
[ZMQEndpointInterface] Received ZMQ message - topic: 'pose', protocol_version: 4, num_fields: 4, total_size: 4 buffers
[ZMQEndpointInterface] *** Starting ZMQ processing ***
[ZMQEndpointInterface] Protocol version: 4
[ZMQEndpointInterface] Protocol v4: Received 64D token (latent action), tokens[0]=0.0194, frame_index: 200
[ZMQEndpointInterface] Protocol v4: Left hand joints set: [0.0000, 0.0000, 0.0027, 0.0000, 0.0000, -0.0039, 0.0000]
[ZMQEndpointInterface] Protocol v4: Right hand joints set: [0.0000, 0.0000, 0.0000, 0.0000, 0.0000, 0.0020, 0.0000]
[ZMQEndpointInterface] Received ZMQ message - topic: 'pose', protocol_version: 4, num_fields: 4, total_size: 4 buffers
[ZMQEndpointInterface] *** Starting ZMQ processing ***
[ZMQEndpointInterface] Protocol version: 4
[ZMQEndpointInterface] Protocol v4: Received 64D token (latent action), tokens[0]=0.0177, frame_index: 201
[ZMQEndpointInterface] Protocol v4: Left hand joints set: [0.0000, 0.0000, 0.0027, 0.0000, 0.0000, -0.0039, 0.0000]
[ZMQEndpointInterface] Protocol v4: Right hand joints set: [0.0000, -0.0027, 0.0000, 0.0020, 0.0117, 0.0000, 0.0000]
[ZMQEndpointInterface] Received ZMQ message - topic: 'pose', protocol_version: 4, num_fields: 4, total_size: 4 buffers
[ZMQEndpointInterface] *** Starting ZMQ processing ***
[ZMQEndpointInterface] Protocol version: 4
[ZMQEndpointInterface] Protocol v4: Received 64D token (latent action), tokens[0]=0.0215, frame_index: 202
[ZMQEndpointInterface] Protocol v4: Left hand joints set: [0.0000, 0.0000, 0.0000, 0.0000, 0.0000, 0.0000, 0.0000]
[ZMQEndpointInterface] Protocol v4: Right hand joints set: [0.0000, 0.0000, 0.0000, 0.0000, 0.0176, 0.0059, 0.0000]
[ZMQEndpointInterface] Received ZMQ message - topic: 'pose', protocol_version: 4, num_fields: 4, total_size: 4 buffers
[ZMQEndpointInterface] *** Starting ZMQ processing ***
[ZMQEndpointInterface] Protocol version: 4
[ZMQEndpointInterface] Protocol v4: Received 64D token (latent action), tokens[0]=0.0190, frame_index: 203
[ZMQEndpointInterface] Protocol v4: Left hand joints set: [0.0000, 0.0000, 0.0027, 0.0000, 0.0000, 0.0000, 0.0000]
[ZMQEndpointInterface] Protocol v4: Right hand joints set: [0.0000, -0.0055, 0.0000, 0.0000, 0.0029, 0.0000, 0.0000]
[ZMQEndpointInterface] Received ZMQ message - topic: 'pose', protocol_version: 4, num_fields: 4, total_size: 4 buffers
[ZMQEndpointInterface] *** Starting ZMQ processing ***
[ZMQEndpointInterface] Protocol version: 4
[ZMQEndpointInterface] Protocol v4: Received 64D token (latent action), tokens[0]=0.0177, frame_index: 204
[ZMQEndpointInterface] Protocol v4: Left hand joints set: [0.0000, 0.0000, 0.0014, 0.0000, -0.0029, -0.0020, 0.0000]
[ZMQEndpointInterface] Protocol v4: Right hand joints set: [0.0000, 0.0000, -0.0027, 0.0000, 0.0059, 0.0000, 0.0000]
[ZMQEndpointInterface] Received ZMQ message - topic: 'pose', protocol_version: 4, num_fields: 4, total_size: 4 buffers
[ZMQEndpointInterface] *** Starting ZMQ processing ***
[ZMQEndpointInterface] Protocol version: 4
[ZMQEndpointInterface] Protocol v4: Received 64D token (latent action), tokens[0]=0.0194, frame_index: 205
[ZMQEndpointInterface] Protocol v4: Left hand joints set: [0.0000, 0.0014, 0.0027, 0.0000, 0.0000, 0.0000, 0.0000]
[ZMQEndpointInterface] Protocol v4: Right hand joints set: [0.0000, 0.0000, -0.0014, 0.0000, 0.0000, 0.0000, 0.0000]
[ZMQEndpointInterface] Received ZMQ message - topic: 'pose', protocol_version: 4, num_fields: 4, total_size: 4 buffers
[ZMQEndpointInterface] *** Starting ZMQ processing ***
[ZMQEndpointInterface] Protocol version: 4
[ZMQEndpointInterface] Protocol v4: Received 64D token (latent action), tokens[0]=0.0220, frame_index: 206
[ZMQEndpointInterface] Protocol v4: Left hand joints set: [0.0000, 0.0014, 0.0000, 0.0000, 0.0000, 0.0000, 0.0000]
[ZMQEndpointInterface] Protocol v4: Right hand joints set: [0.0000, -0.0055, -0.0137, 0.0000, 0.0059, 0.0059, 0.0059]
[ZMQEndpointInterface] Received ZMQ message - topic: 'pose', protocol_version: 4, num_fields: 4, total_size: 4 buffers
[ZMQEndpointInterface] *** Starting ZMQ processing ***
[ZMQEndpointInterface] Protocol version: 4
[ZMQEndpointInterface] Protocol v4: Received 64D token (latent action), tokens[0]=0.0211, frame_index: 207
[ZMQEndpointInterface] Protocol v4: Left hand joints set: [0.0000, 0.0000, 0.0041, 0.0000, 0.0000, 0.0000, 0.0000]
[ZMQEndpointInterface] Protocol v4: Right hand joints set: [0.0000, 0.0000, -0.0014, 0.0000, 0.0000, 0.0039, 0.0000]
[ZMQEndpointInterface] Received ZMQ message - topic: 'pose', protocol_version: 4, num_fields: 4, total_size: 4 buffers
[ZMQEndpointInterface] *** Starting ZMQ processing ***
[ZMQEndpointInterface] Protocol version: 4
[ZMQEndpointInterface] Protocol v4: Received 64D token (latent action), tokens[0]=0.0254, frame_index: 208
[ZMQEndpointInterface] Protocol v4: Left hand joints set: [0.0000, 0.0027, 0.0000, 0.0000, 0.0000, 0.0000, 0.0000]
[ZMQEndpointInterface] Protocol v4: Right hand joints set: [0.0000, -0.0027, -0.0027, 0.0000, 0.0146, 0.0039, 0.0176]
[ZMQEndpointInterface] Received ZMQ message - topic: 'pose', protocol_version: 4, num_fields: 4, total_size: 4 buffers
[ZMQEndpointInterface] *** Starting ZMQ processing ***
[ZMQEndpointInterface] Protocol version: 4
[ZMQEndpointInterface] Protocol v4: Received 64D token (latent action), tokens[0]=0.0220, frame_index: 209
[ZMQEndpointInterface] Protocol v4: Left hand joints set: [0.0000, 0.0000, 0.0000, 0.0000, 0.0000, 0.0000, 0.0000]
[ZMQEndpointInterface] Protocol v4: Right hand joints set: [0.0000, -0.0055, -0.0055, 0.0000, 0.0059, 0.0000, 0.0000]
[ZMQEndpointInterface] Received ZMQ message - topic: 'pose', protocol_version: 4, num_fields: 4, total_size: 4 buffers
[ZMQEndpointInterface] *** Starting ZMQ processing ***
[ZMQEndpointInterface] Protocol version: 4
[ZMQEndpointInterface] Protocol v4: Received 64D token (latent action), tokens[0]=0.0224, frame_index: 210
[ZMQEndpointInterface] Protocol v4: Left hand joints set: [0.0000, 0.0000, 0.0014, 0.0000, 0.0000, 0.0000, 0.0000]
[ZMQEndpointInterface] Protocol v4: Right hand joints set: [0.0000, -0.0014, 0.0000, 0.0000, 0.0029, 0.0000, 0.0000]
[ZMQEndpointInterface] Received ZMQ message - topic: 'pose', protocol_version: 4, num_fields: 4, total_size: 4 buffers
[ZMQEndpointInterface] *** Starting ZMQ processing ***
[ZMQEndpointInterface] Protocol version: 4
[ZMQEndpointInterface] Protocol v4: Received 64D token (latent action), tokens[0]=0.0237, frame_index: 211
[ZMQEndpointInterface] Protocol v4: Left hand joints set: [0.0000, 0.0000, 0.0000, 0.0000, -0.0059, 0.0000, 0.0000]
[ZMQEndpointInterface] Protocol v4: Right hand joints set: [0.0000, -0.0027, -0.0055, 0.0000, 0.0059, 0.0000, 0.0000]
[ZMQEndpointInterface] Received ZMQ message - topic: 'pose', protocol_version: 4, num_fields: 4, total_size: 4 buffers
[ZMQEndpointInterface] *** Starting ZMQ processing ***
[ZMQEndpointInterface] Protocol version: 4
[ZMQEndpointInterface] Protocol v4: Received 64D token (latent action), tokens[0]=0.0258, frame_index: 212
[ZMQEndpointInterface] Protocol v4: Left hand joints set: [0.0000, 0.0000, 0.0000, 0.0000, 0.0000, 0.0000, 0.0000]
[ZMQEndpointInterface] Protocol v4: Right hand joints set: [0.0000, -0.0014, -0.0027, 0.0059, 0.0059, 0.0039, 0.0000]
[ZMQEndpointInterface] Received ZMQ message - topic: 'pose', protocol_version: 4, num_fields: 4, total_size: 4 buffers
[ZMQEndpointInterface] *** Starting ZMQ processing ***
[ZMQEndpointInterface] Protocol version: 4
[ZMQEndpointInterface] Protocol v4: Received 64D token (latent action), tokens[0]=0.0233, frame_index: 213
[ZMQEndpointInterface] Protocol v4: Left hand joints set: [0.0000, 0.0000, 0.0041, 0.0000, 0.0000, 0.0000, 0.0000]
[ZMQEndpointInterface] Protocol v4: Right hand joints set: [0.0000, -0.0027, 0.0000, 0.0000, 0.0000, 0.0000, 0.0000]
[ZMQEndpointInterface] Received ZMQ message - topic: 'pose', protocol_version: 4, num_fields: 4, total_size: 4 buffers
[ZMQEndpointInterface] *** Starting ZMQ processing ***
[ZMQEndpointInterface] Protocol version: 4
[ZMQEndpointInterface] Protocol v4: Received 64D token (latent action), tokens[0]=0.0258, frame_index: 214
[ZMQEndpointInterface] Protocol v4: Left hand joints set: [0.0000, 0.0000, 0.0041, -0.0078, -0.0029, -0.0059, -0.0176]
[ZMQEndpointInterface] Protocol v4: Right hand joints set: [0.0000, -0.0014, -0.0027, 0.0000, 0.0117, 0.0020, 0.0059]
Loop timing - LowState age: 0.8920ms, Streaming data mean delay: 8.0370ms, Streaming data std delay: 5.8388ms, IMU age: 0.8830ms, Obs: 77us, Policy: 605us, Obs 2 Motor Command: 683us, Post processing: 24us | HandCloseRatio: 1.0000
[ZMQEndpointInterface] Received ZMQ message - topic: 'pose', protocol_version: 4, num_fields: 4, total_size: 4 buffers
[ZMQEndpointInterface] *** Starting ZMQ processing ***
[ZMQEndpointInterface] Protocol version: 4
[ZMQEndpointInterface] Protocol v4: Received 64D token (latent action), tokens[0]=0.0224, frame_index: 215
[ZMQEndpointInterface] Protocol v4: Left hand joints set: [0.0000, 0.0000, 0.0000, 0.0000, 0.0000, 0.0000, -0.0029]
[ZMQEndpointInterface] Protocol v4: Right hand joints set: [0.0000, 0.0000, 0.0000, 0.0000, 0.0000, 0.0000, 0.0000]
[ZMQEndpointInterface] Received ZMQ message - topic: 'pose', protocol_version: 4, num_fields: 4, total_size: 4 buffers
[ZMQEndpointInterface] *** Starting ZMQ processing ***
[ZMQEndpointInterface] Protocol version: 4
[ZMQEndpointInterface] Protocol v4: Received 64D token (latent action), tokens[0]=0.0245, frame_index: 216
[ZMQEndpointInterface] Protocol v4: Left hand joints set: [0.0000, 0.0000, 0.0000, 0.0000, 0.0000, 0.0000, 0.0000]
[ZMQEndpointInterface] Protocol v4: Right hand joints set: [0.0000, -0.0014, -0.0068, 0.0039, 0.0000, 0.0000, 0.0000]
[ZMQEndpointInterface] Received ZMQ message - topic: 'pose', protocol_version: 4, num_fields: 4, total_size: 4 buffers
[ZMQEndpointInterface] *** Starting ZMQ processing ***
[ZMQEndpointInterface] Protocol version: 4
[ZMQEndpointInterface] Protocol v4: Received 64D token (latent action), tokens[0]=0.0237, frame_index: 217
[ZMQEndpointInterface] Protocol v4: Left hand joints set: [0.0000, 0.0000, 0.0000, 0.0000, 0.0000, 0.0000, -0.0117]
[ZMQEndpointInterface] Protocol v4: Right hand joints set: [0.0000, 0.0000, -0.0014, 0.0000, 0.0000, 0.0000, 0.0029]
[ZMQEndpointInterface] Received ZMQ message - topic: 'pose', protocol_version: 4, num_fields: 4, total_size: 4 buffers
[ZMQEndpointInterface] *** Starting ZMQ processing ***
[ZMQEndpointInterface] Protocol version: 4
[ZMQEndpointInterface] Protocol v4: Received 64D token (latent action), tokens[0]=0.0241, frame_index: 218
[ZMQEndpointInterface] Protocol v4: Left hand joints set: [0.0000, 0.0027, 0.0000, 0.0000, 0.0000, -0.0020, 0.0000]
[ZMQEndpointInterface] Protocol v4: Right hand joints set: [0.0000, 0.0000, 0.0000, 0.0000, 0.0000, 0.0000, 0.0000]
[ZMQEndpointInterface] Received ZMQ message - topic: 'pose', protocol_version: 4, num_fields: 4, total_size: 4 buffers
[ZMQEndpointInterface] *** Starting ZMQ processing ***
[ZMQEndpointInterface] Protocol version: 4
[ZMQEndpointInterface] Protocol v4: Received 64D token (latent action), tokens[0]=0.0207, frame_index: 219
[ZMQEndpointInterface] Protocol v4: Left hand joints set: [0.0000, 0.0000, 0.0000, 0.0000, -0.0029, 0.0000, -0.0029]
[ZMQEndpointInterface] Protocol v4: Right hand joints set: [0.0000, 0.0000, 0.0000, 0.0000, 0.0059, 0.0000, 0.0000]
[ZMQEndpointInterface] Received ZMQ message - topic: 'pose', protocol_version: 4, num_fields: 4, total_size: 4 buffers
[ZMQEndpointInterface] *** Starting ZMQ processing ***
[ZMQEndpointInterface] Protocol version: 4
[ZMQEndpointInterface] Protocol v4: Received 64D token (latent action), tokens[0]=0.0211, frame_index: 220
[ZMQEndpointInterface] Protocol v4: Left hand joints set: [0.0000, 0.0027, 0.0000, 0.0000, -0.0029, 0.0000, 0.0000]
[ZMQEndpointInterface] Protocol v4: Right hand joints set: [0.0000, -0.0027, -0.0027, 0.0000, 0.0000, 0.0000, 0.0000]
[ZMQEndpointInterface] Received ZMQ message - topic: 'pose', protocol_version: 4, num_fields: 4, total_size: 4 buffers
[ZMQEndpointInterface] *** Starting ZMQ processing ***
[ZMQEndpointInterface] Protocol version: 4
[ZMQEndpointInterface] Protocol v4: Received 64D token (latent action), tokens[0]=0.0177, frame_index: 221
[ZMQEndpointInterface] Protocol v4: Left hand joints set: [0.0000, 0.0027, 0.0000, 0.0000, -0.0029, -0.0020, 0.0000]
[ZMQEndpointInterface] Protocol v4: Right hand joints set: [0.0000, -0.0027, -0.0068, 0.0039, 0.0088, 0.0000, 0.0000]
[ZMQEndpointInterface] Received ZMQ message - topic: 'pose', protocol_version: 4, num_fields: 4, total_size: 4 buffers
[ZMQEndpointInterface] *** Starting ZMQ processing ***
[ZMQEndpointInterface] Protocol version: 4
[ZMQEndpointInterface] Protocol v4: Received 64D token (latent action), tokens[0]=0.0224, frame_index: 222
[ZMQEndpointInterface] Protocol v4: Left hand joints set: [0.0000, 0.0027, 0.0000, -0.0020, 0.0000, 0.0000, 0.0000]
[ZMQEndpointInterface] Protocol v4: Right hand joints set: [0.0000, -0.0055, -0.0082, 0.0137, 0.0000, 0.0000, 0.0117]
[ZMQEndpointInterface] Received ZMQ message - topic: 'pose', protocol_version: 4, num_fields: 4, total_size: 4 buffers
[ZMQEndpointInterface] *** Starting ZMQ processing ***
[ZMQEndpointInterface] Protocol version: 4
[ZMQEndpointInterface] Protocol v4: Received 64D token (latent action), tokens[0]=0.0224, frame_index: 223
[ZMQEndpointInterface] Protocol v4: Left hand joints set: [0.0000, 0.0014, 0.0000, 0.0000, 0.0000, 0.0000, 0.0000]
[ZMQEndpointInterface] Protocol v4: Right hand joints set: [0.0000, -0.0096, -0.0041, 0.0000, 0.0146, 0.0000, 0.0000]
[ZMQEndpointInterface] Received ZMQ message - topic: 'pose', protocol_version: 4, num_fields: 4, total_size: 4 buffers
[ZMQEndpointInterface] *** Starting ZMQ processing ***
[ZMQEndpointInterface] Protocol version: 4
[ZMQEndpointInterface] Protocol v4: Received 64D token (latent action), tokens[0]=0.0147, frame_index: 224
[ZMQEndpointInterface] Protocol v4: Left hand joints set: [0.0000, 0.0000, 0.0082, -0.0059, 0.0000, -0.0059, 0.0000]
[ZMQEndpointInterface] Protocol v4: Right hand joints set: [0.0000, -0.0096, -0.0082, 0.0000, 0.0000, 0.0000, 0.0000]
[ZMQEndpointInterface] Received ZMQ message - topic: 'pose', protocol_version: 4, num_fields: 4, total_size: 4 buffers
[ZMQEndpointInterface] *** Starting ZMQ processing ***
[ZMQEndpointInterface] Protocol version: 4
[ZMQEndpointInterface] Protocol v4: Received 64D token (latent action), tokens[0]=0.0378, frame_index: 225
[ZMQEndpointInterface] Protocol v4: Left hand joints set: [0.0000, 0.0027, 0.0000, 0.0000, 0.0000, 0.0000, 0.0000]
[ZMQEndpointInterface] Protocol v4: Right hand joints set: [0.0000, 0.0000, 0.0000, 0.0000, 0.0000, 0.0000, 0.0000]
[ZMQEndpointInterface] Received ZMQ message - topic: 'pose', protocol_version: 4, num_fields: 4, total_size: 4 buffers
[ZMQEndpointInterface] *** Starting ZMQ processing ***
[ZMQEndpointInterface] Protocol version: 4
[ZMQEndpointInterface] Protocol v4: Received 64D token (latent action), tokens[0]=0.0391, frame_index: 226
[ZMQEndpointInterface] Protocol v4: Left hand joints set: [0.0000, 0.0000, 0.0000, 0.0000, -0.0059, 0.0000, 0.0000]
[ZMQEndpointInterface] Protocol v4: Right hand joints set: [0.0000, 0.0000, 0.0000, 0.0000, 0.0059, 0.0000, 0.0000]
[ZMQEndpointInterface] Received ZMQ message - topic: 'pose', protocol_version: 4, num_fields: 4, total_size: 4 buffers
[ZMQEndpointInterface] *** Starting ZMQ processing ***
[ZMQEndpointInterface] Protocol version: 4
[ZMQEndpointInterface] Protocol v4: Received 64D token (latent action), tokens[0]=0.0399, frame_index: 227
[ZMQEndpointInterface] Protocol v4: Left hand joints set: [0.0000, 0.0000, 0.0000, 0.0000, 0.0000, 0.0000, 0.0000]
[ZMQEndpointInterface] Protocol v4: Right hand joints set: [0.0000, -0.0041, 0.0000, 0.0000, 0.0088, 0.0059, 0.0000]
[ZMQEndpointInterface] Received ZMQ message - topic: 'pose', protocol_version: 4, num_fields: 4, total_size: 4 buffers
[ZMQEndpointInterface] *** Starting ZMQ processing ***
[ZMQEndpointInterface] Protocol version: 4
[ZMQEndpointInterface] Protocol v4: Received 64D token (latent action), tokens[0]=0.0421, frame_index: 228
[ZMQEndpointInterface] Protocol v4: Left hand joints set: [0.0000, 0.0000, 0.0000, -0.0039, 0.0000, 0.0000, 0.0000]
[ZMQEndpointInterface] Protocol v4: Right hand joints set: [0.0000, 0.0000, 0.0000, 0.0000, 0.0000, 0.0000, 0.0000]
[ZMQEndpointInterface] Received ZMQ message - topic: 'pose', protocol_version: 4, num_fields: 4, total_size: 4 buffers
[ZMQEndpointInterface] *** Starting ZMQ processing ***
[ZMQEndpointInterface] Protocol version: 4
[ZMQEndpointInterface] Protocol v4: Received 64D token (latent action), tokens[0]=0.0393, frame_index: 229
[ZMQEndpointInterface] Protocol v4: Left hand joints set: [0.0000, 0.0000, 0.0014, 0.0000, 0.0000, 0.0000, 0.0000]
[ZMQEndpointInterface] Protocol v4: Right hand joints set: [0.0000, -0.0027, 0.0000, 0.0000, 0.0000, 0.0020, 0.0029]
[ZMQEndpointInterface] Received ZMQ message - topic: 'pose', protocol_version: 4, num_fields: 4, total_size: 4 buffers
[ZMQEndpointInterface] *** Starting ZMQ processing ***
[ZMQEndpointInterface] Protocol version: 4
[ZMQEndpointInterface] Protocol v4: Received 64D token (latent action), tokens[0]=0.0433, frame_index: 230
[ZMQEndpointInterface] Protocol v4: Left hand joints set: [0.0000, 0.0000, 0.0027, -0.0039, 0.0000, 0.0000, 0.0000]
[ZMQEndpointInterface] Protocol v4: Right hand joints set: [0.0000, 0.0000, 0.0000, 0.0000, 0.0000, 0.0000, 0.0000]
[ZMQEndpointInterface] Received ZMQ message - topic: 'pose', protocol_version: 4, num_fields: 4, total_size: 4 buffers
[ZMQEndpointInterface] *** Starting ZMQ processing ***
[ZMQEndpointInterface] Protocol version: 4
[ZMQEndpointInterface] Protocol v4: Received 64D token (latent action), tokens[0]=0.0412, frame_index: 231
[ZMQEndpointInterface] Protocol v4: Left hand joints set: [0.0000, 0.0000, 0.0014, 0.0000, 0.0000, 0.0000, 0.0000]
[ZMQEndpointInterface] Protocol v4: Right hand joints set: [0.0000, 0.0000, 0.0000, 0.0000, 0.0000, 0.0000, 0.0000]
[ZMQEndpointInterface] Received ZMQ message - topic: 'pose', protocol_version: 4, num_fields: 4, total_size: 4 buffers
[ZMQEndpointInterface] *** Starting ZMQ processing ***
[ZMQEndpointInterface] Protocol version: 4
[ZMQEndpointInterface] Protocol v4: Received 64D token (latent action), tokens[0]=0.0416, frame_index: 232
[ZMQEndpointInterface] Protocol v4: Left hand joints set: [0.0000, 0.0000, 0.0014, 0.0000, -0.0029, 0.0000, 0.0000]
[ZMQEndpointInterface] Protocol v4: Right hand joints set: [0.0000, 0.0000, 0.0000, 0.0000, 0.0000, 0.0000, 0.0000]
[ZMQEndpointInterface] Received ZMQ message - topic: 'pose', protocol_version: 4, num_fields: 4, total_size: 4 buffers
[ZMQEndpointInterface] *** Starting ZMQ processing ***
[ZMQEndpointInterface] Protocol version: 4
[ZMQEndpointInterface] Protocol v4: Received 64D token (latent action), tokens[0]=0.0412, frame_index: 233
[ZMQEndpointInterface] Protocol v4: Left hand joints set: [0.0000, 0.0000, 0.0055, 0.0000, 0.0000, 0.0000, 0.0000]
[ZMQEndpointInterface] Protocol v4: Right hand joints set: [0.0000, -0.0014, 0.0000, 0.0000, 0.0000, 0.0000, 0.0000]
[ZMQEndpointInterface] Received ZMQ message - topic: 'pose', protocol_version: 4, num_fields: 4, total_size: 4 buffers
[ZMQEndpointInterface] *** Starting ZMQ processing ***
[ZMQEndpointInterface] Protocol version: 4
[ZMQEndpointInterface] Protocol v4: Received 64D token (latent action), tokens[0]=0.0440, frame_index: 234
[ZMQEndpointInterface] Protocol v4: Left hand joints set: [0.0000, 0.0000, 0.0000, 0.0000, 0.0000, 0.0000, 0.0000]
[ZMQEndpointInterface] Protocol v4: Right hand joints set: [0.0000, 0.0000, 0.0000, 0.0000, 0.0000, 0.0000, 0.0000]
[ZMQEndpointInterface] Received ZMQ message - topic: 'pose', protocol_version: 4, num_fields: 4, total_size: 4 buffers
[ZMQEndpointInterface] *** Starting ZMQ processing ***
[ZMQEndpointInterface] Protocol version: 4
[ZMQEndpointInterface] Protocol v4: Received 64D token (latent action), tokens[0]=0.0403, frame_index: 235
[ZMQEndpointInterface] Protocol v4: Left hand joints set: [0.0000, 0.0000, 0.0000, 0.0000, 0.0000, 0.0000, 0.0000]
[ZMQEndpointInterface] Protocol v4: Right hand joints set: [0.0000, 0.0000, 0.0000, 0.0000, 0.0000, 0.0000, 0.0000]
[ZMQEndpointInterface] Received ZMQ message - topic: 'pose', protocol_version: 4, num_fields: 4, total_size: 4 buffers
[ZMQEndpointInterface] *** Starting ZMQ processing ***
[ZMQEndpointInterface] Protocol version: 4
[ZMQEndpointInterface] Protocol v4: Received 64D token (latent action), tokens[0]=0.0438, frame_index: 236
[ZMQEndpointInterface] Protocol v4: Left hand joints set: [0.0000, 0.0000, 0.0027, -0.0059, 0.0000, 0.0000, 0.0000]
[ZMQEndpointInterface] Protocol v4: Right hand joints set: [0.0000, -0.0027, 0.0000, 0.0000, 0.0000, 0.0000, 0.0000]
[ZMQEndpointInterface] Received ZMQ message - topic: 'pose', protocol_version: 4, num_fields: 4, total_size: 4 buffers
[ZMQEndpointInterface] *** Starting ZMQ processing ***
[ZMQEndpointInterface] Protocol version: 4
[ZMQEndpointInterface] Protocol v4: Received 64D token (latent action), tokens[0]=0.0418, frame_index: 237
[ZMQEndpointInterface] Protocol v4: Left hand joints set: [0.0000, 0.0000, 0.0000, -0.0039, 0.0000, 0.0000, 0.0000]
[ZMQEndpointInterface] Protocol v4: Right hand joints set: [0.0000, 0.0000, 0.0000, 0.0000, 0.0000, 0.0000, 0.0000]
[ZMQEndpointInterface] Received ZMQ message - topic: 'pose', protocol_version: 4, num_fields: 4, total_size: 4 buffers
[ZMQEndpointInterface] *** Starting ZMQ processing ***
[ZMQEndpointInterface] Protocol version: 4
[ZMQEndpointInterface] Protocol v4: Received 64D token (latent action), tokens[0]=0.0425, frame_index: 238
[ZMQEndpointInterface] Protocol v4: Left hand joints set: [0.0000, 0.0014, 0.0000, 0.0000, 0.0000, 0.0000, 0.0000]
[ZMQEndpointInterface] Protocol v4: Right hand joints set: [0.0000, 0.0000, 0.0000, 0.0000, 0.0000, 0.0000, 0.0000]
[ZMQEndpointInterface] Received ZMQ message - topic: 'pose', protocol_version: 4, num_fields: 4, total_size: 4 buffers
[ZMQEndpointInterface] *** Starting ZMQ processing ***
[ZMQEndpointInterface] Protocol version: 4
[ZMQEndpointInterface] Protocol v4: Received 64D token (latent action), tokens[0]=0.0416, frame_index: 239
[ZMQEndpointInterface] Protocol v4: Left hand joints set: [0.0000, 0.0000, 0.0014, -0.0039, 0.0000, 0.0000, -0.0029]
[ZMQEndpointInterface] Protocol v4: Right hand joints set: [0.0000, -0.0041, 0.0000, 0.0000, 0.0000, 0.0000, 0.0000]
[ZMQEndpointInterface] Received ZMQ message - topic: 'pose', protocol_version: 4, num_fields: 4, total_size: 4 buffers
[ZMQEndpointInterface] *** Starting ZMQ processing ***
[ZMQEndpointInterface] Protocol version: 4
[ZMQEndpointInterface] Protocol v4: Received 64D token (latent action), tokens[0]=0.0412, frame_index: 240
[ZMQEndpointInterface] Protocol v4: Left hand joints set: [0.0000, 0.0000, 0.0014, 0.0000, 0.0000, 0.0000, 0.0000]
[ZMQEndpointInterface] Protocol v4: Right hand joints set: [0.0000, -0.0041, 0.0000, 0.0000, 0.0000, 0.0000, 0.0000]
[ZMQEndpointInterface] Received ZMQ message - topic: 'pose', protocol_version: 4, num_fields: 4, total_size: 4 buffers
[ZMQEndpointInterface] *** Starting ZMQ processing ***
[ZMQEndpointInterface] Protocol version: 4
[ZMQEndpointInterface] Protocol v4: Received 64D token (latent action), tokens[0]=0.0416, frame_index: 241
[ZMQEndpointInterface] Protocol v4: Left hand joints set: [0.0000, 0.0000, 0.0000, -0.0020, 0.0000, 0.0000, 0.0000]
[ZMQEndpointInterface] Protocol v4: Right hand joints set: [0.0000, 0.0000, 0.0000, 0.0000, 0.0000, 0.0000, 0.0000]
[ZMQEndpointInterface] Received ZMQ message - topic: 'pose', protocol_version: 4, num_fields: 4, total_size: 4 buffers
[ZMQEndpointInterface] *** Starting ZMQ processing ***
[ZMQEndpointInterface] Protocol version: 4
[ZMQEndpointInterface] Protocol v4: Received 64D token (latent action), tokens[0]=0.0429, frame_index: 242
[ZMQEndpointInterface] Protocol v4: Left hand joints set: [0.0000, 0.0000, 0.0000, -0.0039, 0.0000, 0.0000, 0.0000]
[ZMQEndpointInterface] Protocol v4: Right hand joints set: [0.0000, -0.0014, 0.0000, 0.0000, 0.0000, 0.0000, 0.0000]
[ZMQEndpointInterface] Received ZMQ message - topic: 'pose', protocol_version: 4, num_fields: 4, total_size: 4 buffers
[ZMQEndpointInterface] *** Starting ZMQ processing ***
[ZMQEndpointInterface] Protocol version: 4
[ZMQEndpointInterface] Protocol v4: Received 64D token (latent action), tokens[0]=0.0425, frame_index: 243
[ZMQEndpointInterface] Protocol v4: Left hand joints set: [0.0000, 0.0000, 0.0000, 0.0000, 0.0000, 0.0000, -0.0029]
[ZMQEndpointInterface] Protocol v4: Right hand joints set: [0.0000, -0.0055, -0.0027, 0.0000, 0.0000, 0.0000, 0.0000]
[ZMQEndpointInterface] Received ZMQ message - topic: 'pose', protocol_version: 4, num_fields: 4, total_size: 4 buffers
[ZMQEndpointInterface] *** Starting ZMQ processing ***
[ZMQEndpointInterface] Protocol version: 4
[ZMQEndpointInterface] Protocol v4: Received 64D token (latent action), tokens[0]=0.0429, frame_index: 244
[ZMQEndpointInterface] Protocol v4: Left hand joints set: [0.0000, 0.0000, 0.0014, -0.0020, 0.0000, 0.0000, 0.0000]
[ZMQEndpointInterface] Protocol v4: Right hand joints set: [0.0000, -0.0014, -0.0027, 0.0000, 0.0000, 0.0000, 0.0000]
[ZMQEndpointInterface] Received ZMQ message - topic: 'pose', protocol_version: 4, num_fields: 4, total_size: 4 buffers
[ZMQEndpointInterface] *** Starting ZMQ processing ***
[ZMQEndpointInterface] Protocol version: 4
[ZMQEndpointInterface] Protocol v4: Received 64D token (latent action), tokens[0]=0.0433, frame_index: 245
[ZMQEndpointInterface] Protocol v4: Left hand joints set: [0.0000, 0.0000, 0.0000, -0.0020, 0.0000, 0.0000, 0.0000]
[ZMQEndpointInterface] Protocol v4: Right hand joints set: [0.0000, -0.0027, -0.0014, 0.0000, 0.0000, 0.0000, 0.0000]
[ZMQEndpointInterface] Received ZMQ message - topic: 'pose', protocol_version: 4, num_fields: 4, total_size: 4 buffers
[ZMQEndpointInterface] *** Starting ZMQ processing ***
[ZMQEndpointInterface] Protocol version: 4
[ZMQEndpointInterface] Protocol v4: Received 64D token (latent action), tokens[0]=0.0444, frame_index: 246
[ZMQEndpointInterface] Protocol v4: Left hand joints set: [0.0000, 0.0000, 0.0000, -0.0020, 0.0000, 0.0000, -0.0029]
[ZMQEndpointInterface] Protocol v4: Right hand joints set: [0.0000, -0.0014, 0.0000, 0.0000, 0.0000, 0.0000, 0.0000]
[ZMQEndpointInterface] Received ZMQ message - topic: 'pose', protocol_version: 4, num_fields: 4, total_size: 4 buffers
[ZMQEndpointInterface] *** Starting ZMQ processing ***
[ZMQEndpointInterface] Protocol version: 4
[ZMQEndpointInterface] Protocol v4: Received 64D token (latent action), tokens[0]=0.0446, frame_index: 247
[ZMQEndpointInterface] Protocol v4: Left hand joints set: [0.0000, 0.0000, 0.0000, 0.0000, 0.0000, 0.0000, 0.0000]
[ZMQEndpointInterface] Protocol v4: Right hand joints set: [0.0000, -0.0041, 0.0000, 0.0000, 0.0000, 0.0000, 0.0000]
Temporary motion completed.
Reset to frame 0.
[ZMQEndpointInterface] Received ZMQ message - topic: 'pose', protocol_version: 4, num_fields: 4, total_size: 4 buffers
[ZMQEndpointInterface] *** Starting ZMQ processing ***
[ZMQEndpointInterface] Protocol version: 4
[ZMQEndpointInterface] Protocol v4: Received 64D token (latent action), tokens[0]=0.0429, frame_index: 248
[ZMQEndpointInterface] Protocol v4: Left hand joints set: [0.0000, 0.0000, 0.0000, 0.0000, 0.0000, 0.0000, 0.0000]
[ZMQEndpointInterface] Protocol v4: Right hand joints set: [0.0000, -0.0055, 0.0000, 0.0000, 0.0000, 0.0000, 0.0000]
Reset heading state to 0.9983, -0.0018, -0.0336, -0.0483
Reset delta heading to 0
Reset init reference data root rotation to current frame: 0.9997, -0.0016, -0.0223, -0.0045
**********************************************************
Reference motion name: temporary_motion
**********************************************************
[ZMQEndpointInterface] Received ZMQ message - topic: 'pose', protocol_version: 4, num_fields: 4, total_size: 4 buffers
[ZMQEndpointInterface] *** Starting ZMQ processing ***
[ZMQEndpointInterface] Protocol version: 4
[ZMQEndpointInterface] Protocol v4: Received 64D token (latent action), tokens[0]=0.0446, frame_index: 249
[ZMQEndpointInterface] Protocol v4: Left hand joints set: [0.0000, 0.0000, 0.0000, 0.0000, 0.0000, 0.0000, -0.0059]
[ZMQEndpointInterface] Protocol v4: Right hand joints set: [0.0000, -0.0041, -0.0041, 0.0000, 0.0000, 0.0000, 0.0000]
[Token Flow] Copied external tokens, tokens[0]=0.0446
[ZMQEndpointInterface] Received ZMQ message - topic: 'pose', protocol_version: 4, num_fields: 4, total_size: 4 buffers
[ZMQEndpointInterface] *** Starting ZMQ processing ***
[ZMQEndpointInterface] Protocol version: 4
[ZMQEndpointInterface] Protocol v4: Received 64D token (latent action), tokens[0]=0.0487, frame_index: 250
[ZMQEndpointInterface] Protocol v4: Left hand joints set: [0.0000, 0.0000, 0.0000, 0.0000, 0.0000, 0.0000, 0.0000]
[ZMQEndpointInterface] Protocol v4: Right hand joints set: [0.0000, -0.0027, 0.0000, 0.0020, 0.0000, 0.0000, 0.0000]
[ZMQEndpointInterface] Received ZMQ message - topic: 'pose', protocol_version: 4, num_fields: 4, total_size: 4 buffers
[ZMQEndpointInterface] *** Starting ZMQ processing ***
[ZMQEndpointInterface] Protocol version: 4
[ZMQEndpointInterface] Protocol v4: Received 64D token (latent action), tokens[0]=0.0463, frame_index: 251
[ZMQEndpointInterface] Protocol v4: Left hand joints set: [0.0000, 0.0000, 0.0055, 0.0000, 0.0000, 0.0000, 0.0000]
[ZMQEndpointInterface] Protocol v4: Right hand joints set: [0.0000, -0.0041, 0.0000, 0.0000, 0.0000, 0.0000, 0.0000]
[ZMQEndpointInterface] Received ZMQ message - topic: 'pose', protocol_version: 4, num_fields: 4, total_size: 4 buffers
[ZMQEndpointInterface] *** Starting ZMQ processing ***
[ZMQEndpointInterface] Protocol version: 4
[ZMQEndpointInterface] Protocol v4: Received 64D token (latent action), tokens[0]=0.0450, frame_index: 252
[ZMQEndpointInterface] Protocol v4: Left hand joints set: [0.0000, 0.0055, 0.0109, -0.0117, 0.0000, -0.0117, -0.0117]
[ZMQEndpointInterface] Protocol v4: Right hand joints set: [0.0000, -0.0055, 0.0000, 0.0039, 0.0000, 0.0000, 0.0000]
[ZMQEndpointInterface] Received ZMQ message - topic: 'pose', protocol_version: 4, num_fields: 4, total_size: 4 buffers
[ZMQEndpointInterface] *** Starting ZMQ processing ***
[ZMQEndpointInterface] Protocol version: 4
[ZMQEndpointInterface] Protocol v4: Received 64D token (latent action), tokens[0]=0.0453, frame_index: 253
[ZMQEndpointInterface] Protocol v4: Left hand joints set: [0.0000, 0.0027, 0.0082, -0.0020, -0.0117, -0.0020, -0.0059]
[ZMQEndpointInterface] Protocol v4: Right hand joints set: [0.0000, -0.0082, 0.0000, 0.0039, 0.0000, 0.0000, 0.0000]
[ZMQEndpointInterface] Received ZMQ message - topic: 'pose', protocol_version: 4, num_fields: 4, total_size: 4 buffers
[ZMQEndpointInterface] *** Starting ZMQ processing ***
[ZMQEndpointInterface] Protocol version: 4
[ZMQEndpointInterface] Protocol v4: Received 64D token (latent action), tokens[0]=0.0455, frame_index: 254
[ZMQEndpointInterface] Protocol v4: Left hand joints set: [0.0000, 0.0027, 0.0055, -0.0059, -0.0146, -0.0078, -0.0117]
[ZMQEndpointInterface] Protocol v4: Right hand joints set: [0.0000, -0.0027, -0.0027, 0.0078, 0.0000, 0.0000, 0.0000]
[ZMQEndpointInterface] Received ZMQ message - topic: 'pose', protocol_version: 4, num_fields: 4, total_size: 4 buffers
[ZMQEndpointInterface] *** Starting ZMQ processing ***
[ZMQEndpointInterface] Protocol version: 4
[ZMQEndpointInterface] Protocol v4: Received 64D token (latent action), tokens[0]=0.0431, frame_index: 255
[ZMQEndpointInterface] Protocol v4: Left hand joints set: [0.0000, 0.0014, 0.0068, -0.0078, -0.0117, 0.0000, -0.0117]
[ZMQEndpointInterface] Protocol v4: Right hand joints set: [0.0000, -0.0027, 0.0000, 0.0000, 0.0000, 0.0000, 0.0000]
[ZMQEndpointInterface] Received ZMQ message - topic: 'pose', protocol_version: 4, num_fields: 4, total_size: 4 buffers
[ZMQEndpointInterface] *** Starting ZMQ processing ***
[ZMQEndpointInterface] Protocol version: 4
[ZMQEndpointInterface] Protocol v4: Received 64D token (latent action), tokens[0]=0.0429, frame_index: 256
[ZMQEndpointInterface] Protocol v4: Left hand joints set: [0.0000, 0.0027, 0.0041, -0.0078, -0.0117, -0.0078, -0.0146]
[ZMQEndpointInterface] Protocol v4: Right hand joints set: [0.0000, -0.0055, 0.0000, 0.0020, 0.0059, 0.0000, 0.0000]
[ZMQEndpointInterface] Received ZMQ message - topic: 'pose', protocol_version: 4, num_fields: 4, total_size: 4 buffers
[ZMQEndpointInterface] *** Starting ZMQ processing ***
[ZMQEndpointInterface] Protocol version: 4
[ZMQEndpointInterface] Protocol v4: Received 64D token (latent action), tokens[0]=0.0425, frame_index: 257
[ZMQEndpointInterface] Protocol v4: Left hand joints set: [0.0000, 0.0014, 0.0027, -0.0020, -0.0117, -0.0039, -0.0146]
[ZMQEndpointInterface] Protocol v4: Right hand joints set: [0.0000, -0.0027, -0.0027, 0.0000, 0.0059, 0.0000, 0.0000]
[ZMQEndpointInterface] Received ZMQ message - topic: 'pose', protocol_version: 4, num_fields: 4, total_size: 4 buffers
[ZMQEndpointInterface] *** Starting ZMQ processing ***
[ZMQEndpointInterface] Protocol version: 4
[ZMQEndpointInterface] Protocol v4: Received 64D token (latent action), tokens[0]=0.0455, frame_index: 258
[ZMQEndpointInterface] Protocol v4: Left hand joints set: [0.0000, 0.0082, 0.0041, 0.0000, -0.0176, -0.0059, -0.0264]
[ZMQEndpointInterface] Protocol v4: Right hand joints set: [0.0000, -0.0027, 0.0000, 0.0000, 0.0000, 0.0000, 0.0000]
[ZMQEndpointInterface] Received ZMQ message - topic: 'pose', protocol_version: 4, num_fields: 4, total_size: 4 buffers
[ZMQEndpointInterface] *** Starting ZMQ processing ***
[ZMQEndpointInterface] Protocol version: 4
[ZMQEndpointInterface] Protocol v4: Received 64D token (latent action), tokens[0]=0.0480, frame_index: 259
[ZMQEndpointInterface] Protocol v4: Left hand joints set: [0.0000, 0.0027, 0.0014, -0.0137, -0.0264, -0.0117, -0.0176]
[ZMQEndpointInterface] Protocol v4: Right hand joints set: [0.0000, 0.0000, 0.0000, 0.0078, 0.0000, 0.0000, 0.0000]
[ZMQEndpointInterface] Received ZMQ message - topic: 'pose', protocol_version: 4, num_fields: 4, total_size: 4 buffers
[ZMQEndpointInterface] *** Starting ZMQ processing ***
[ZMQEndpointInterface] Protocol version: 4
[ZMQEndpointInterface] Protocol v4: Received 64D token (latent action), tokens[0]=0.0485, frame_index: 260
[ZMQEndpointInterface] Protocol v4: Left hand joints set: [0.0000, 0.0000, 0.0055, -0.0078, -0.0088, -0.0098, -0.0205]
[ZMQEndpointInterface] Protocol v4: Right hand joints set: [0.0000, -0.0055, 0.0000, 0.0000, 0.0000, 0.0000, 0.0000]
[ZMQEndpointInterface] Received ZMQ message - topic: 'pose', protocol_version: 4, num_fields: 4, total_size: 4 buffers
[ZMQEndpointInterface] *** Starting ZMQ processing ***
[ZMQEndpointInterface] Protocol version: 4
[ZMQEndpointInterface] Protocol v4: Received 64D token (latent action), tokens[0]=0.0463, frame_index: 261
[ZMQEndpointInterface] Protocol v4: Left hand joints set: [0.0000, 0.0014, 0.0041, -0.0117, -0.0117, -0.0078, -0.0117]
[ZMQEndpointInterface] Protocol v4: Right hand joints set: [0.0000, -0.0082, -0.0027, 0.0117, 0.0000, 0.0000, 0.0000]
[ZMQEndpointInterface] Received ZMQ message - topic: 'pose', protocol_version: 4, num_fields: 4, total_size: 4 buffers
[ZMQEndpointInterface] *** Starting ZMQ processing ***
[ZMQEndpointInterface] Protocol version: 4
[ZMQEndpointInterface] Protocol v4: Received 64D token (latent action), tokens[0]=0.0446, frame_index: 262
[ZMQEndpointInterface] Protocol v4: Left hand joints set: [0.0000, 0.0041, 0.0027, -0.0039, -0.0117, -0.0059, -0.0146]
[ZMQEndpointInterface] Protocol v4: Right hand joints set: [0.0000, -0.0027, 0.0000, 0.0000, 0.0000, 0.0000, 0.0000]
[ZMQEndpointInterface] Received ZMQ message - topic: 'pose', protocol_version: 4, num_fields: 4, total_size: 4 buffers
[ZMQEndpointInterface] *** Starting ZMQ processing ***
[ZMQEndpointInterface] Protocol version: 4
[ZMQEndpointInterface] Protocol v4: Received 64D token (latent action), tokens[0]=0.0459, frame_index: 263
[ZMQEndpointInterface] Protocol v4: Left hand joints set: [0.0000, 0.0027, 0.0055, -0.0098, -0.0176, -0.0117, -0.0176]
[ZMQEndpointInterface] Protocol v4: Right hand joints set: [0.0000, -0.0055, 0.0000, 0.0059, 0.0000, 0.0000, 0.0000]
[ZMQEndpointInterface] Received ZMQ message - topic: 'pose', protocol_version: 4, num_fields: 4, total_size: 4 buffers
[ZMQEndpointInterface] *** Starting ZMQ processing ***
[ZMQEndpointInterface] Protocol version: 4
[ZMQEndpointInterface] Protocol v4: Received 64D token (latent action), tokens[0]=0.0468, frame_index: 264
[ZMQEndpointInterface] Protocol v4: Left hand joints set: [0.0000, 0.0027, 0.0041, 0.0000, -0.0059, -0.0117, -0.0088]
[ZMQEndpointInterface] Protocol v4: Right hand joints set: [0.0000, -0.0041, 0.0000, 0.0000, 0.0000, 0.0000, 0.0000]
Loop timing - LowState age: 5.5930ms, Streaming data mean delay: 9.3534ms, Streaming data std delay: 5.9569ms, IMU age: 5.5910ms, Obs: 74us, Policy: 610us, Obs 2 Motor Command: 684us, Post processing: 36us | HandCloseRatio: 1.0000
[ZMQEndpointInterface] Received ZMQ message - topic: 'pose', protocol_version: 4, num_fields: 4, total_size: 4 buffers
[ZMQEndpointInterface] *** Starting ZMQ processing ***
[ZMQEndpointInterface] Protocol version: 4
[ZMQEndpointInterface] Protocol v4: Received 64D token (latent action), tokens[0]=0.0453, frame_index: 265
[ZMQEndpointInterface] Protocol v4: Left hand joints set: [0.0000, 0.0000, 0.0000, -0.0098, -0.0029, 0.0000, -0.0234]
[ZMQEndpointInterface] Protocol v4: Right hand joints set: [0.0000, -0.0082, -0.0055, 0.0098, 0.0029, 0.0000, 0.0000]
[ZMQEndpointInterface] Received ZMQ message - topic: 'pose', protocol_version: 4, num_fields: 4, total_size: 4 buffers
[ZMQEndpointInterface] *** Starting ZMQ processing ***
[ZMQEndpointInterface] Protocol version: 4
[ZMQEndpointInterface] Protocol v4: Received 64D token (latent action), tokens[0]=0.0446, frame_index: 266
[ZMQEndpointInterface] Protocol v4: Left hand joints set: [0.0000, 0.0027, 0.0055, 0.0000, -0.0205, -0.0098, -0.0234]
[ZMQEndpointInterface] Protocol v4: Right hand joints set: [0.0000, 0.0000, 0.0000, 0.0059, 0.0000, 0.0000, 0.0000]
[ZMQEndpointInterface] Received ZMQ message - topic: 'pose', protocol_version: 4, num_fields: 4, total_size: 4 buffers
[ZMQEndpointInterface] *** Starting ZMQ processing ***
[ZMQEndpointInterface] Protocol version: 4
[ZMQEndpointInterface] Protocol v4: Received 64D token (latent action), tokens[0]=0.0461, frame_index: 267
[ZMQEndpointInterface] Protocol v4: Left hand joints set: [0.0000, 0.0027, 0.0096, -0.0059, -0.0059, -0.0039, -0.0117]
[ZMQEndpointInterface] Protocol v4: Right hand joints set: [0.0000, 0.0000, 0.0000, 0.0020, 0.0000, 0.0000, 0.0000]
[ZMQEndpointInterface] Received ZMQ message - topic: 'pose', protocol_version: 4, num_fields: 4, total_size: 4 buffers
[ZMQEndpointInterface] *** Starting ZMQ processing ***
[ZMQEndpointInterface] Protocol version: 4
[ZMQEndpointInterface] Protocol v4: Received 64D token (latent action), tokens[0]=0.0442, frame_index: 268
[ZMQEndpointInterface] Protocol v4: Left hand joints set: [0.0000, 0.0041, 0.0055, -0.0039, -0.0088, -0.0098, -0.0205]
[ZMQEndpointInterface] Protocol v4: Right hand joints set: [0.0000, 0.0000, -0.0014, 0.0059, 0.0029, 0.0000, 0.0000]
[ZMQEndpointInterface] Received ZMQ message - topic: 'pose', protocol_version: 4, num_fields: 4, total_size: 4 buffers
[ZMQEndpointInterface] *** Starting ZMQ processing ***
[ZMQEndpointInterface] Protocol version: 4
[ZMQEndpointInterface] Protocol v4: Received 64D token (latent action), tokens[0]=0.0450, frame_index: 269
[ZMQEndpointInterface] Protocol v4: Left hand joints set: [0.0000, 0.0082, 0.0027, -0.0039, -0.0205, -0.0117, -0.0176]
[ZMQEndpointInterface] Protocol v4: Right hand joints set: [0.0000, 0.0000, -0.0027, 0.0039, 0.0029, 0.0000, 0.0000]
[ZMQEndpointInterface] Received ZMQ message - topic: 'pose', protocol_version: 4, num_fields: 4, total_size: 4 buffers
[ZMQEndpointInterface] *** Starting ZMQ processing ***
[ZMQEndpointInterface] Protocol version: 4
[ZMQEndpointInterface] Protocol v4: Received 64D token (latent action), tokens[0]=0.0461, frame_index: 270
[ZMQEndpointInterface] Protocol v4: Left hand joints set: [0.0000, 0.0000, 0.0000, -0.0078, -0.0059, -0.0078, -0.0146]
[ZMQEndpointInterface] Protocol v4: Right hand joints set: [0.0000, 0.0000, -0.0027, 0.0020, 0.0000, 0.0000, 0.0000]
[ZMQEndpointInterface] Received ZMQ message - topic: 'pose', protocol_version: 4, num_fields: 4, total_size: 4 buffers
[ZMQEndpointInterface] *** Starting ZMQ processing ***
[ZMQEndpointInterface] Protocol version: 4
[ZMQEndpointInterface] Protocol v4: Received 64D token (latent action), tokens[0]=0.0476, frame_index: 271
[ZMQEndpointInterface] Protocol v4: Left hand joints set: [0.0000, 0.0055, 0.0027, -0.0137, -0.0059, 0.0000, 0.0000]
[ZMQEndpointInterface] Protocol v4: Right hand joints set: [0.0000, 0.0000, 0.0000, 0.0078, 0.0029, 0.0039, 0.0000]
[ZMQEndpointInterface] Received ZMQ message - topic: 'pose', protocol_version: 4, num_fields: 4, total_size: 4 buffers
[ZMQEndpointInterface] *** Starting ZMQ processing ***
[ZMQEndpointInterface] Protocol version: 4
[ZMQEndpointInterface] Protocol v4: Received 64D token (latent action), tokens[0]=0.0480, frame_index: 272
[ZMQEndpointInterface] Protocol v4: Left hand joints set: [0.0000, 0.0041, 0.0014, -0.0117, 0.0000, 0.0000, -0.0205]
[ZMQEndpointInterface] Protocol v4: Right hand joints set: [0.0000, 0.0000, 0.0000, 0.0078, 0.0000, 0.0020, 0.0000]
[ZMQEndpointInterface] Received ZMQ message - topic: 'pose', protocol_version: 4, num_fields: 4, total_size: 4 buffers
[ZMQEndpointInterface] *** Starting ZMQ processing ***
[ZMQEndpointInterface] Protocol version: 4
[ZMQEndpointInterface] Protocol v4: Received 64D token (latent action), tokens[0]=0.0489, frame_index: 273
[ZMQEndpointInterface] Protocol v4: Left hand joints set: [0.0000, 0.0082, 0.0027, -0.0098, 0.0000, -0.0098, -0.0176]
[ZMQEndpointInterface] Protocol v4: Right hand joints set: [0.0000, 0.0000, -0.0027, 0.0020, 0.0000, 0.0000, 0.0000]
[ZMQEndpointInterface] Received ZMQ message - topic: 'pose', protocol_version: 4, num_fields: 4, total_size: 4 buffers
[ZMQEndpointInterface] *** Starting ZMQ processing ***
[ZMQEndpointInterface] Protocol version: 4
[ZMQEndpointInterface] Protocol v4: Received 64D token (latent action), tokens[0]=0.0485, frame_index: 274
[ZMQEndpointInterface] Protocol v4: Left hand joints set: [0.0000, 0.0055, 0.0000, -0.0059, -0.0088, -0.0078, -0.0117]
[ZMQEndpointInterface] Protocol v4: Right hand joints set: [0.0000, 0.0000, -0.0014, 0.0020, 0.0000, 0.0000, 0.0000]
[ZMQEndpointInterface] Received ZMQ message - topic: 'pose', protocol_version: 4, num_fields: 4, total_size: 4 buffers
[ZMQEndpointInterface] *** Starting ZMQ processing ***
[ZMQEndpointInterface] Protocol version: 4
[ZMQEndpointInterface] Protocol v4: Received 64D token (latent action), tokens[0]=0.0459, frame_index: 275
[ZMQEndpointInterface] Protocol v4: Left hand joints set: [0.0000, 0.0082, 0.0041, -0.0039, 0.0000, -0.0020, -0.0059]
[ZMQEndpointInterface] Protocol v4: Right hand joints set: [0.0000, -0.0027, -0.0014, 0.0039, 0.0000, 0.0000, 0.0000]
[ZMQEndpointInterface] Received ZMQ message - topic: 'pose', protocol_version: 4, num_fields: 4, total_size: 4 buffers
[ZMQEndpointInterface] *** Starting ZMQ processing ***
[ZMQEndpointInterface] Protocol version: 4
[ZMQEndpointInterface] Protocol v4: Received 64D token (latent action), tokens[0]=0.0510, frame_index: 276
[ZMQEndpointInterface] Protocol v4: Left hand joints set: [0.0000, 0.0096, 0.0027, -0.0117, -0.0059, -0.0078, -0.0059]
[ZMQEndpointInterface] Protocol v4: Right hand joints set: [0.0000, -0.0041, -0.0055, 0.0039, 0.0000, 0.0020, 0.0000]
[ZMQEndpointInterface] Received ZMQ message - topic: 'pose', protocol_version: 4, num_fields: 4, total_size: 4 buffers
[ZMQEndpointInterface] *** Starting ZMQ processing ***
[ZMQEndpointInterface] Protocol version: 4
[ZMQEndpointInterface] Protocol v4: Received 64D token (latent action), tokens[0]=0.0468, frame_index: 277
[ZMQEndpointInterface] Protocol v4: Left hand joints set: [0.0000, 0.0055, 0.0027, -0.0078, 0.0000, 0.0000, -0.0059]
[ZMQEndpointInterface] Protocol v4: Right hand joints set: [0.0000, -0.0027, -0.0014, 0.0000, 0.0000, 0.0000, 0.0000]
[ZMQEndpointInterface] Received ZMQ message - topic: 'pose', protocol_version: 4, num_fields: 4, total_size: 4 buffers
[ZMQEndpointInterface] *** Starting ZMQ processing ***
[ZMQEndpointInterface] Protocol version: 4
[ZMQEndpointInterface] Protocol v4: Received 64D token (latent action), tokens[0]=0.0502, frame_index: 278
[ZMQEndpointInterface] Protocol v4: Left hand joints set: [0.0000, 0.0137, 0.0000, -0.0195, 0.0000, -0.0117, 0.0000]
[ZMQEndpointInterface] Protocol v4: Right hand joints set: [0.0000, -0.0041, 0.0000, 0.0078, 0.0000, 0.0020, 0.0000]
[ZMQEndpointInterface] Received ZMQ message - topic: 'pose', protocol_version: 4, num_fields: 4, total_size: 4 buffers
[ZMQEndpointInterface] *** Starting ZMQ processing ***
[ZMQEndpointInterface] Protocol version: 4
[ZMQEndpointInterface] Protocol v4: Received 64D token (latent action), tokens[0]=0.0517, frame_index: 279
[ZMQEndpointInterface] Protocol v4: Left hand joints set: [0.0000, 0.0027, 0.0000, -0.0039, 0.0000, 0.0000, -0.0029]
[ZMQEndpointInterface] Protocol v4: Right hand joints set: [0.0000, -0.0096, 0.0000, 0.0020, 0.0000, 0.0000, 0.0000]
[ZMQEndpointInterface] Received ZMQ message - topic: 'pose', protocol_version: 4, num_fields: 4, total_size: 4 buffers
[ZMQEndpointInterface] *** Starting ZMQ processing ***
[ZMQEndpointInterface] Protocol version: 4
[ZMQEndpointInterface] Protocol v4: Received 64D token (latent action), tokens[0]=0.0532, frame_index: 280
[ZMQEndpointInterface] Protocol v4: Left hand joints set: [0.0000, 0.0027, 0.0041, -0.0039, 0.0000, 0.0000, -0.0029]
[ZMQEndpointInterface] Protocol v4: Right hand joints set: [0.0000, -0.0082, 0.0000, 0.0039, 0.0000, 0.0000, 0.0029]
[ZMQEndpointInterface] Received ZMQ message - topic: 'pose', protocol_version: 4, num_fields: 4, total_size: 4 buffers
[ZMQEndpointInterface] *** Starting ZMQ processing ***
[ZMQEndpointInterface] Protocol version: 4
[ZMQEndpointInterface] Protocol v4: Received 64D token (latent action), tokens[0]=0.0532, frame_index: 281
[ZMQEndpointInterface] Protocol v4: Left hand joints set: [0.0000, 0.0123, 0.0068, -0.0078, 0.0000, -0.0059, -0.0117]
[ZMQEndpointInterface] Protocol v4: Right hand joints set: [0.0000, -0.0082, 0.0000, 0.0039, 0.0000, 0.0039, 0.0000]
[ZMQEndpointInterface] Received ZMQ message - topic: 'pose', protocol_version: 4, num_fields: 4, total_size: 4 buffers
[ZMQEndpointInterface] *** Starting ZMQ processing ***
[ZMQEndpointInterface] Protocol version: 4
[ZMQEndpointInterface] Protocol v4: Received 64D token (latent action), tokens[0]=0.0540, frame_index: 282
[ZMQEndpointInterface] Protocol v4: Left hand joints set: [0.0000, 0.0109, 0.0027, -0.0020, 0.0000, 0.0000, -0.0088]
[ZMQEndpointInterface] Protocol v4: Right hand joints set: [0.0000, -0.0123, -0.0041, 0.0000, 0.0000, 0.0000, 0.0059]
[ZMQEndpointInterface] Received ZMQ message - topic: 'pose', protocol_version: 4, num_fields: 4, total_size: 4 buffers
[ZMQEndpointInterface] *** Starting ZMQ processing ***
[ZMQEndpointInterface] Protocol version: 4
[ZMQEndpointInterface] Protocol v4: Received 64D token (latent action), tokens[0]=0.0557, frame_index: 283
[ZMQEndpointInterface] Protocol v4: Left hand joints set: [0.0000, 0.0000, 0.0000, 0.0000, 0.0000, 0.0000, 0.0000]
[ZMQEndpointInterface] Protocol v4: Right hand joints set: [0.0000, -0.0082, 0.0000, 0.0039, 0.0029, 0.0000, 0.0029]
[ZMQEndpointInterface] Received ZMQ message - topic: 'pose', protocol_version: 4, num_fields: 4, total_size: 4 buffers
[ZMQEndpointInterface] *** Starting ZMQ processing ***
[ZMQEndpointInterface] Protocol version: 4
[ZMQEndpointInterface] Protocol v4: Received 64D token (latent action), tokens[0]=0.0527, frame_index: 284
[ZMQEndpointInterface] Protocol v4: Left hand joints set: [0.0000, 0.0014, 0.0000, 0.0000, -0.0029, -0.0020, 0.0000]
[ZMQEndpointInterface] Protocol v4: Right hand joints set: [0.0000, -0.0068, -0.0041, 0.0000, 0.0029, 0.0020, 0.0000]
[ZMQEndpointInterface] Received ZMQ message - topic: 'pose', protocol_version: 4, num_fields: 4, total_size: 4 buffers
[ZMQEndpointInterface] *** Starting ZMQ processing ***
[ZMQEndpointInterface] Protocol version: 4
[ZMQEndpointInterface] Protocol v4: Received 64D token (latent action), tokens[0]=0.0566, frame_index: 285
[ZMQEndpointInterface] Protocol v4: Left hand joints set: [0.0000, 0.0014, 0.0000, 0.0000, -0.0117, 0.0000, 0.0000]
[ZMQEndpointInterface] Protocol v4: Right hand joints set: [0.0000, -0.0109, -0.0055, 0.0078, 0.0029, 0.0000, 0.0000]
[ZMQEndpointInterface] Received ZMQ message - topic: 'pose', protocol_version: 4, num_fields: 4, total_size: 4 buffers
[ZMQEndpointInterface] *** Starting ZMQ processing ***
[ZMQEndpointInterface] Protocol version: 4
[ZMQEndpointInterface] Protocol v4: Received 64D token (latent action), tokens[0]=0.0591, frame_index: 286
[ZMQEndpointInterface] Protocol v4: Left hand joints set: [0.0000, 0.0000, 0.0000, 0.0000, 0.0000, -0.0078, 0.0000]
[ZMQEndpointInterface] Protocol v4: Right hand joints set: [0.0000, -0.0109, -0.0068, 0.0078, 0.0000, 0.0098, 0.0029]
[ZMQEndpointInterface] Received ZMQ message - topic: 'pose', protocol_version: 4, num_fields: 4, total_size: 4 buffers
[ZMQEndpointInterface] *** Starting ZMQ processing ***
[ZMQEndpointInterface] Protocol version: 4
[ZMQEndpointInterface] Protocol v4: Received 64D token (latent action), tokens[0]=0.0596, frame_index: 287
[ZMQEndpointInterface] Protocol v4: Left hand joints set: [0.0000, 0.0000, 0.0000, 0.0000, 0.0000, -0.0039, -0.0059]
[ZMQEndpointInterface] Protocol v4: Right hand joints set: [0.0000, -0.0109, -0.0068, 0.0000, 0.0029, 0.0000, 0.0000]
[ZMQEndpointInterface] Received ZMQ message - topic: 'pose', protocol_version: 4, num_fields: 4, total_size: 4 buffers
[ZMQEndpointInterface] *** Starting ZMQ processing ***
[ZMQEndpointInterface] Protocol version: 4
[ZMQEndpointInterface] Protocol v4: Received 64D token (latent action), tokens[0]=0.0591, frame_index: 288
[ZMQEndpointInterface] Protocol v4: Left hand joints set: [0.0000, 0.0123, 0.0055, -0.0078, -0.0059, -0.0078, -0.0117]
[ZMQEndpointInterface] Protocol v4: Right hand joints set: [0.0000, -0.0041, -0.0055, 0.0039, 0.0059, 0.0020, 0.0117]
[ZMQEndpointInterface] Received ZMQ message - topic: 'pose', protocol_version: 4, num_fields: 4, total_size: 4 buffers
[ZMQEndpointInterface] *** Starting ZMQ processing ***
[ZMQEndpointInterface] Protocol version: 4
[ZMQEndpointInterface] Protocol v4: Received 64D token (latent action), tokens[0]=0.0589, frame_index: 289
[ZMQEndpointInterface] Protocol v4: Left hand joints set: [0.0000, 0.0041, 0.0027, -0.0078, 0.0000, 0.0000, -0.0176]
[ZMQEndpointInterface] Protocol v4: Right hand joints set: [0.0000, -0.0068, -0.0082, 0.0000, 0.0000, 0.0000, 0.0088]
[ZMQEndpointInterface] Received ZMQ message - topic: 'pose', protocol_version: 4, num_fields: 4, total_size: 4 buffers
[ZMQEndpointInterface] *** Starting ZMQ processing ***
[ZMQEndpointInterface] Protocol version: 4
[ZMQEndpointInterface] Protocol v4: Received 64D token (latent action), tokens[0]=0.0645, frame_index: 290
[ZMQEndpointInterface] Protocol v4: Left hand joints set: [0.0000, 0.0000, 0.0000, -0.0078, -0.0059, 0.0000, -0.0029]
[ZMQEndpointInterface] Protocol v4: Right hand joints set: [0.0000, -0.0041, -0.0055, 0.0039, 0.0000, 0.0000, 0.0146]
[ZMQEndpointInterface] Received ZMQ message - topic: 'pose', protocol_version: 4, num_fields: 4, total_size: 4 buffers
[ZMQEndpointInterface] *** Starting ZMQ processing ***
[ZMQEndpointInterface] Protocol version: 4
[ZMQEndpointInterface] Protocol v4: Received 64D token (latent action), tokens[0]=0.0634, frame_index: 291
[ZMQEndpointInterface] Protocol v4: Left hand joints set: [0.0000, 0.0027, 0.0000, -0.0117, 0.0000, 0.0000, -0.0088]
[ZMQEndpointInterface] Protocol v4: Right hand joints set: [0.0000, -0.0027, -0.0068, 0.0098, 0.0000, 0.0000, 0.0146]
[ZMQEndpointInterface] Received ZMQ message - topic: 'pose', protocol_version: 4, num_fields: 4, total_size: 4 buffers
[ZMQEndpointInterface] *** Starting ZMQ processing ***
[ZMQEndpointInterface] Protocol version: 4
[ZMQEndpointInterface] Protocol v4: Received 64D token (latent action), tokens[0]=0.0690, frame_index: 292
[ZMQEndpointInterface] Protocol v4: Left hand joints set: [0.0000, 0.0055, 0.0027, -0.0039, -0.0029, 0.0000, 0.0000]
[ZMQEndpointInterface] Protocol v4: Right hand joints set: [0.0000, -0.0041, -0.0041, 0.0059, 0.0000, 0.0000, 0.0146]
[ZMQEndpointInterface] Received ZMQ message - topic: 'pose', protocol_version: 4, num_fields: 4, total_size: 4 buffers
[ZMQEndpointInterface] *** Starting ZMQ processing ***
[ZMQEndpointInterface] Protocol version: 4
[ZMQEndpointInterface] Protocol v4: Received 64D token (latent action), tokens[0]=0.0690, frame_index: 293
[ZMQEndpointInterface] Protocol v4: Left hand joints set: [0.0000, 0.0082, 0.0055, -0.0059, -0.0029, 0.0000, -0.0059]
[ZMQEndpointInterface] Protocol v4: Right hand joints set: [0.0000, -0.0055, -0.0055, 0.0039, 0.0088, 0.0000, 0.0117]
[ZMQEndpointInterface] Received ZMQ message - topic: 'pose', protocol_version: 4, num_fields: 4, total_size: 4 buffers
[ZMQEndpointInterface] *** Starting ZMQ processing ***
[ZMQEndpointInterface] Protocol version: 4
[ZMQEndpointInterface] Protocol v4: Received 64D token (latent action), tokens[0]=0.0656, frame_index: 294
[ZMQEndpointInterface] Protocol v4: Left hand joints set: [0.0000, 0.0041, 0.0000, -0.0059, 0.0000, 0.0000, 0.0000]
[ZMQEndpointInterface] Protocol v4: Right hand joints set: [0.0000, -0.0055, -0.0096, 0.0039, 0.0059, 0.0000, 0.0059]
[ZMQEndpointInterface] Received ZMQ message - topic: 'pose', protocol_version: 4, num_fields: 4, total_size: 4 buffers
[ZMQEndpointInterface] *** Starting ZMQ processing ***
[ZMQEndpointInterface] Protocol version: 4
[ZMQEndpointInterface] Protocol v4: Received 64D token (latent action), tokens[0]=0.0711, frame_index: 295
[ZMQEndpointInterface] Protocol v4: Left hand joints set: [0.0000, 0.0000, 0.0000, -0.0078, 0.0000, 0.0000, -0.0088]
[ZMQEndpointInterface] Protocol v4: Right hand joints set: [0.0000, -0.0082, -0.0096, 0.0020, 0.0088, 0.0000, 0.0059]
[ZMQEndpointInterface] Received ZMQ message - topic: 'pose', protocol_version: 4, num_fields: 4, total_size: 4 buffers
[ZMQEndpointInterface] *** Starting ZMQ processing ***
[ZMQEndpointInterface] Protocol version: 4
[ZMQEndpointInterface] Protocol v4: Received 64D token (latent action), tokens[0]=0.0694, frame_index: 296
[ZMQEndpointInterface] Protocol v4: Left hand joints set: [0.0000, 0.0055, 0.0000, -0.0098, 0.0000, -0.0020, 0.0000]
[ZMQEndpointInterface] Protocol v4: Right hand joints set: [0.0000, -0.0082, -0.0041, 0.0098, 0.0088, 0.0000, 0.0117]
[ZMQEndpointInterface] Received ZMQ message - topic: 'pose', protocol_version: 4, num_fields: 4, total_size: 4 buffers
[ZMQEndpointInterface] *** Starting ZMQ processing ***
[ZMQEndpointInterface] Protocol version: 4
[ZMQEndpointInterface] Protocol v4: Received 64D token (latent action), tokens[0]=0.0720, frame_index: 297
[ZMQEndpointInterface] Protocol v4: Left hand joints set: [0.0000, 0.0055, 0.0041, 0.0000, -0.0088, 0.0000, -0.0029]
[ZMQEndpointInterface] Protocol v4: Right hand joints set: [0.0000, -0.0068, -0.0014, 0.0078, 0.0059, 0.0117, 0.0029]
[ZMQEndpointInterface] Received ZMQ message - topic: 'pose', protocol_version: 4, num_fields: 4, total_size: 4 buffers
[ZMQEndpointInterface] *** Starting ZMQ processing ***
[ZMQEndpointInterface] Protocol version: 4
[ZMQEndpointInterface] Protocol v4: Received 64D token (latent action), tokens[0]=0.0728, frame_index: 298
[ZMQEndpointInterface] Protocol v4: Left hand joints set: [0.0000, 0.0055, 0.0014, 0.0000, 0.0000, 0.0000, 0.0000]
[ZMQEndpointInterface] Protocol v4: Right hand joints set: [0.0000, -0.0082, -0.0041, 0.0039, 0.0088, 0.0000, 0.0088]
[ZMQEndpointInterface] Received ZMQ message - topic: 'pose', protocol_version: 4, num_fields: 4, total_size: 4 buffers
[ZMQEndpointInterface] *** Starting ZMQ processing ***
[ZMQEndpointInterface] Protocol version: 4
[ZMQEndpointInterface] Protocol v4: Received 64D token (latent action), tokens[0]=0.0715, frame_index: 299
[ZMQEndpointInterface] Protocol v4: Left hand joints set: [0.0000, 0.0000, 0.0027, -0.0117, -0.0059, 0.0000, 0.0000]
[ZMQEndpointInterface] Protocol v4: Right hand joints set: [0.0000, -0.0123, -0.0041, 0.0039, 0.0117, 0.0098, 0.0234]
[Token Flow] Copied external tokens, tokens[0]=0.0715
[ZMQEndpointInterface] Received ZMQ message - topic: 'pose', protocol_version: 4, num_fields: 4, total_size: 4 buffers
[ZMQEndpointInterface] *** Starting ZMQ processing ***
[ZMQEndpointInterface] Protocol version: 4
[ZMQEndpointInterface] Protocol v4: Received 64D token (latent action), tokens[0]=0.0739, frame_index: 300
[ZMQEndpointInterface] Protocol v4: Left hand joints set: [0.0000, 0.0068, 0.0000, -0.0039, -0.0059, 0.0000, -0.0117]
[ZMQEndpointInterface] Protocol v4: Right hand joints set: [0.0000, -0.0027, -0.0096, 0.0078, 0.0059, 0.0020, 0.0059]
[ZMQEndpointInterface] Received ZMQ message - topic: 'pose', protocol_version: 4, num_fields: 4, total_size: 4 buffers
[ZMQEndpointInterface] *** Starting ZMQ processing ***
[ZMQEndpointInterface] Protocol version: 4
[ZMQEndpointInterface] Protocol v4: Received 64D token (latent action), tokens[0]=0.0748, frame_index: 301
[ZMQEndpointInterface] Protocol v4: Left hand joints set: [0.0000, 0.0027, 0.0000, -0.0020, 0.0000, 0.0000, -0.0117]
[ZMQEndpointInterface] Protocol v4: Right hand joints set: [0.0000, 0.0000, -0.0055, 0.0000, 0.0059, 0.0000, 0.0059]
[ZMQEndpointInterface] Received ZMQ message - topic: 'pose', protocol_version: 4, num_fields: 4, total_size: 4 buffers
[ZMQEndpointInterface] *** Starting ZMQ processing ***
[ZMQEndpointInterface] Protocol version: 4
[ZMQEndpointInterface] Protocol v4: Received 64D token (latent action), tokens[0]=0.0737, frame_index: 302
[ZMQEndpointInterface] Protocol v4: Left hand joints set: [0.0000, 0.0055, 0.0055, 0.0000, -0.0029, 0.0000, -0.0059]
[ZMQEndpointInterface] Protocol v4: Right hand joints set: [0.0000, -0.0082, -0.0055, 0.0078, 0.0117, 0.0020, 0.0117]
[ZMQEndpointInterface] Received ZMQ message - topic: 'pose', protocol_version: 4, num_fields: 4, total_size: 4 buffers
[ZMQEndpointInterface] *** Starting ZMQ processing ***
[ZMQEndpointInterface] Protocol version: 4
[ZMQEndpointInterface] Protocol v4: Received 64D token (latent action), tokens[0]=0.0715, frame_index: 303
[ZMQEndpointInterface] Protocol v4: Left hand joints set: [0.0000, 0.0068, 0.0109, -0.0039, -0.0029, 0.0000, 0.0000]
[ZMQEndpointInterface] Protocol v4: Right hand joints set: [0.0000, -0.0055, -0.0014, 0.0000, 0.0059, 0.0098, 0.0146]
[ZMQEndpointInterface] Received ZMQ message - topic: 'pose', protocol_version: 4, num_fields: 4, total_size: 4 buffers
[ZMQEndpointInterface] *** Starting ZMQ processing ***
[ZMQEndpointInterface] Protocol version: 4
[ZMQEndpointInterface] Protocol v4: Received 64D token (latent action), tokens[0]=0.0724, frame_index: 304
[ZMQEndpointInterface] Protocol v4: Left hand joints set: [0.0000, 0.0055, 0.0055, -0.0039, -0.0117, -0.0078, -0.0117]
[ZMQEndpointInterface] Protocol v4: Right hand joints set: [0.0000, -0.0068, -0.0041, 0.0000, 0.0059, 0.0020, 0.0029]
[ZMQEndpointInterface] Received ZMQ message - topic: 'pose', protocol_version: 4, num_fields: 4, total_size: 4 buffers
[ZMQEndpointInterface] *** Starting ZMQ processing ***
[ZMQEndpointInterface] Protocol version: 4
[ZMQEndpointInterface] Protocol v4: Received 64D token (latent action), tokens[0]=0.0712, frame_index: 305
[ZMQEndpointInterface] Protocol v4: Left hand joints set: [0.0000, 0.0014, 0.0041, -0.0020, -0.0059, 0.0000, 0.0000]
[ZMQEndpointInterface] Protocol v4: Right hand joints set: [0.0000, -0.0027, -0.0027, 0.0000, 0.0000, 0.0000, 0.0117]
[ZMQEndpointInterface] Received ZMQ message - topic: 'pose', protocol_version: 4, num_fields: 4, total_size: 4 buffers
[ZMQEndpointInterface] *** Starting ZMQ processing ***
[ZMQEndpointInterface] Protocol version: 4
[ZMQEndpointInterface] Protocol v4: Received 64D token (latent action), tokens[0]=0.0356, frame_index: 306
[ZMQEndpointInterface] Protocol v4: Left hand joints set: [0.0000, 0.0041, 0.0055, -0.0039, 0.0000, -0.0078, -0.0176]
[ZMQEndpointInterface] Protocol v4: Right hand joints set: [0.0000, 0.0000, 0.0000, 0.0000, 0.0000, 0.0000, 0.0000]
[ZMQEndpointInterface] Received ZMQ message - topic: 'pose', protocol_version: 4, num_fields: 4, total_size: 4 buffers
[ZMQEndpointInterface] *** Starting ZMQ processing ***
[ZMQEndpointInterface] Protocol version: 4
[ZMQEndpointInterface] Protocol v4: Received 64D token (latent action), tokens[0]=0.0401, frame_index: 307
[ZMQEndpointInterface] Protocol v4: Left hand joints set: [0.0000, 0.0027, 0.0000, 0.0000, 0.0000, -0.0078, -0.0117]
[ZMQEndpointInterface] Protocol v4: Right hand joints set: [0.0000, 0.0000, 0.0000, 0.0000, 0.0000, 0.0000, 0.0000]
[ZMQEndpointInterface] Received ZMQ message - topic: 'pose', protocol_version: 4, num_fields: 4, total_size: 4 buffers
[ZMQEndpointInterface] *** Starting ZMQ processing ***
[ZMQEndpointInterface] Protocol version: 4
[ZMQEndpointInterface] Protocol v4: Received 64D token (latent action), tokens[0]=0.0397, frame_index: 308
[ZMQEndpointInterface] Protocol v4: Left hand joints set: [0.0000, 0.0055, 0.0041, -0.0078, -0.0117, 0.0000, -0.0234]
[ZMQEndpointInterface] Protocol v4: Right hand joints set: [0.0000, -0.0027, 0.0000, 0.0000, 0.0000, 0.0000, 0.0000]
[ZMQEndpointInterface] Received ZMQ message - topic: 'pose', protocol_version: 4, num_fields: 4, total_size: 4 buffers
[ZMQEndpointInterface] *** Starting ZMQ processing ***
[ZMQEndpointInterface] Protocol version: 4
[ZMQEndpointInterface] Protocol v4: Received 64D token (latent action), tokens[0]=0.0438, frame_index: 309
[ZMQEndpointInterface] Protocol v4: Left hand joints set: [0.0000, 0.0041, 0.0041, -0.0039, -0.0059, 0.0000, -0.0117]
[ZMQEndpointInterface] Protocol v4: Right hand joints set: [0.0000, -0.0014, 0.0000, 0.0000, 0.0000, 0.0117, 0.0000]
Temporary motion completed.
Reset to frame 0.
[ZMQEndpointInterface] Received ZMQ message - topic: 'pose', protocol_version: 4, num_fields: 4, total_size: 4 buffers
[ZMQEndpointInterface] *** Starting ZMQ processing ***
[ZMQEndpointInterface] Protocol version: 4
[ZMQEndpointInterface] Protocol v4: Received 64D token (latent action), tokens[0]=0.0440, frame_index: 310
[ZMQEndpointInterface] Protocol v4: Left hand joints set: [0.0000, 0.0041, 0.0000, 0.0000, 0.0000, -0.0039, -0.0117]
[ZMQEndpointInterface] Protocol v4: Right hand joints set: [0.0000, -0.0055, -0.0027, 0.0000, 0.0000, 0.0000, 0.0000]
Reset heading state to 0.9982, -0.0016, -0.0400, -0.0451
Reset delta heading to 0
Reset init reference data root rotation to current frame: 0.9997, -0.0016, -0.0223, -0.0045
**********************************************************
Reference motion name: temporary_motion
**********************************************************
[ZMQEndpointInterface] Received ZMQ message - topic: 'pose', protocol_version: 4, num_fields: 4, total_size: 4 buffers
[ZMQEndpointInterface] *** Starting ZMQ processing ***
[ZMQEndpointInterface] Protocol version: 4
[ZMQEndpointInterface] Protocol v4: Received 64D token (latent action), tokens[0]=0.0399, frame_index: 311
[ZMQEndpointInterface] Protocol v4: Left hand joints set: [0.0000, 0.0041, 0.0000, -0.0078, 0.0000, -0.0078, -0.0117]
[ZMQEndpointInterface] Protocol v4: Right hand joints set: [0.0000, 0.0000, 0.0000, 0.0000, 0.0000, 0.0000, 0.0000]
[ZMQEndpointInterface] Received ZMQ message - topic: 'pose', protocol_version: 4, num_fields: 4, total_size: 4 buffers
[ZMQEndpointInterface] *** Starting ZMQ processing ***
[ZMQEndpointInterface] Protocol version: 4
[ZMQEndpointInterface] Protocol v4: Received 64D token (latent action), tokens[0]=0.0442, frame_index: 312
[ZMQEndpointInterface] Protocol v4: Left hand joints set: [0.0000, 0.0014, 0.0000, 0.0000, 0.0000, -0.0078, -0.0088]
[ZMQEndpointInterface] Protocol v4: Right hand joints set: [0.0000, 0.0000, 0.0000, 0.0000, 0.0000, 0.0000, 0.0000]
[ZMQEndpointInterface] Received ZMQ message - topic: 'pose', protocol_version: 4, num_fields: 4, total_size: 4 buffers
[ZMQEndpointInterface] *** Starting ZMQ processing ***
[ZMQEndpointInterface] Protocol version: 4
[ZMQEndpointInterface] Protocol v4: Received 64D token (latent action), tokens[0]=0.0418, frame_index: 313
[ZMQEndpointInterface] Protocol v4: Left hand joints set: [0.0000, 0.0014, 0.0000, 0.0000, 0.0000, -0.0117, 0.0000]
[ZMQEndpointInterface] Protocol v4: Right hand joints set: [0.0000, -0.0068, 0.0000, 0.0000, 0.0000, 0.0000, 0.0000]
[ZMQEndpointInterface] Received ZMQ message - topic: 'pose', protocol_version: 4, num_fields: 4, total_size: 4 buffers
[ZMQEndpointInterface] *** Starting ZMQ processing ***
[ZMQEndpointInterface] Protocol version: 4
[ZMQEndpointInterface] Protocol v4: Received 64D token (latent action), tokens[0]=0.0435, frame_index: 314
[ZMQEndpointInterface] Protocol v4: Left hand joints set: [0.0000, 0.0055, 0.0000, -0.0078, 0.0000, -0.0117, -0.0117]
[ZMQEndpointInterface] Protocol v4: Right hand joints set: [0.0000, 0.0000, 0.0000, 0.0000, 0.0000, 0.0000, 0.0000]
Loop timing - LowState age: 3.6740ms, Streaming data mean delay: 9.6614ms, Streaming data std delay: 5.5269ms, IMU age: 3.6730ms, Obs: 68us, Policy: 595us, Obs 2 Motor Command: 664us, Post processing: 28us | HandCloseRatio: 1.0000
[ZMQEndpointInterface] Received ZMQ message - topic: 'pose', protocol_version: 4, num_fields: 4, total_size: 4 buffers
[ZMQEndpointInterface] *** Starting ZMQ processing ***
[ZMQEndpointInterface] Protocol version: 4
[ZMQEndpointInterface] Protocol v4: Received 64D token (latent action), tokens[0]=0.0416, frame_index: 315
[ZMQEndpointInterface] Protocol v4: Left hand joints set: [0.0000, 0.0027, 0.0000, 0.0000, 0.0000, 0.0000, 0.0000]
[ZMQEndpointInterface] Protocol v4: Right hand joints set: [0.0000, 0.0000, 0.0000, 0.0000, 0.0000, 0.0000, 0.0000]
[ZMQEndpointInterface] Received ZMQ message - topic: 'pose', protocol_version: 4, num_fields: 4, total_size: 4 buffers
[ZMQEndpointInterface] *** Starting ZMQ processing ***
[ZMQEndpointInterface] Protocol version: 4
[ZMQEndpointInterface] Protocol v4: Received 64D token (latent action), tokens[0]=0.0444, frame_index: 316
[ZMQEndpointInterface] Protocol v4: Left hand joints set: [0.0000, 0.0000, 0.0027, 0.0000, 0.0000, -0.0039, -0.0088]
[ZMQEndpointInterface] Protocol v4: Right hand joints set: [0.0000, -0.0014, 0.0000, 0.0000, 0.0000, 0.0000, 0.0029]
[ZMQEndpointInterface] Received ZMQ message - topic: 'pose', protocol_version: 4, num_fields: 4, total_size: 4 buffers
[ZMQEndpointInterface] *** Starting ZMQ processing ***
[ZMQEndpointInterface] Protocol version: 4
[ZMQEndpointInterface] Protocol v4: Received 64D token (latent action), tokens[0]=0.0418, frame_index: 317
[ZMQEndpointInterface] Protocol v4: Left hand joints set: [0.0000, 0.0027, 0.0000, -0.0039, 0.0000, -0.0039, -0.0088]
[ZMQEndpointInterface] Protocol v4: Right hand joints set: [0.0000, 0.0000, 0.0000, 0.0000, 0.0000, 0.0000, 0.0000]
[ZMQEndpointInterface] Received ZMQ message - topic: 'pose', protocol_version: 4, num_fields: 4, total_size: 4 buffers
[ZMQEndpointInterface] *** Starting ZMQ processing ***
[ZMQEndpointInterface] Protocol version: 4
[ZMQEndpointInterface] Protocol v4: Received 64D token (latent action), tokens[0]=0.0429, frame_index: 318
[ZMQEndpointInterface] Protocol v4: Left hand joints set: [0.0000, 0.0041, 0.0014, -0.0098, -0.0029, -0.0039, -0.0059]
[ZMQEndpointInterface] Protocol v4: Right hand joints set: [0.0000, 0.0000, 0.0000, 0.0000, 0.0000, 0.0000, 0.0000]
[ZMQEndpointInterface] Received ZMQ message - topic: 'pose', protocol_version: 4, num_fields: 4, total_size: 4 buffers
[ZMQEndpointInterface] *** Starting ZMQ processing ***
[ZMQEndpointInterface] Protocol version: 4
[ZMQEndpointInterface] Protocol v4: Received 64D token (latent action), tokens[0]=0.0416, frame_index: 319
[ZMQEndpointInterface] Protocol v4: Left hand joints set: [0.0000, 0.0027, 0.0000, -0.0039, 0.0000, -0.0078, -0.0117]
[ZMQEndpointInterface] Protocol v4: Right hand joints set: [0.0000, -0.0055, -0.0014, 0.0000, 0.0000, 0.0000, 0.0000]
[ZMQEndpointInterface] Received ZMQ message - topic: 'pose', protocol_version: 4, num_fields: 4, total_size: 4 buffers
[ZMQEndpointInterface] *** Starting ZMQ processing ***
[ZMQEndpointInterface] Protocol version: 4
[ZMQEndpointInterface] Protocol v4: Received 64D token (latent action), tokens[0]=0.0438, frame_index: 320
[ZMQEndpointInterface] Protocol v4: Left hand joints set: [0.0000, 0.0027, 0.0000, 0.0000, 0.0000, -0.0039, 0.0000]
[ZMQEndpointInterface] Protocol v4: Right hand joints set: [0.0000, 0.0000, 0.0000, 0.0000, 0.0000, 0.0000, 0.0000]
[ZMQEndpointInterface] Received ZMQ message - topic: 'pose', protocol_version: 4, num_fields: 4, total_size: 4 buffers
[ZMQEndpointInterface] *** Starting ZMQ processing ***
[ZMQEndpointInterface] Protocol version: 4
[ZMQEndpointInterface] Protocol v4: Received 64D token (latent action), tokens[0]=0.0365, frame_index: 321
[ZMQEndpointInterface] Protocol v4: Left hand joints set: [0.0000, 0.0000, 0.0055, 0.0000, 0.0000, -0.0059, -0.0146]
[ZMQEndpointInterface] Protocol v4: Right hand joints set: [0.0000, -0.0014, 0.0000, 0.0000, 0.0000, 0.0000, 0.0000]
[ZMQEndpointInterface] Received ZMQ message - topic: 'pose', protocol_version: 4, num_fields: 4, total_size: 4 buffers
[ZMQEndpointInterface] *** Starting ZMQ processing ***
[ZMQEndpointInterface] Protocol version: 4
[ZMQEndpointInterface] Protocol v4: Received 64D token (latent action), tokens[0]=0.0365, frame_index: 322
[ZMQEndpointInterface] Protocol v4: Left hand joints set: [0.0000, 0.0082, 0.0000, -0.0039, 0.0000, -0.0098, -0.0059]
[ZMQEndpointInterface] Protocol v4: Right hand joints set: [0.0000, -0.0014, 0.0000, 0.0000, 0.0000, 0.0000, 0.0000]
[ZMQEndpointInterface] Received ZMQ message - topic: 'pose', protocol_version: 4, num_fields: 4, total_size: 4 buffers
[ZMQEndpointInterface] *** Starting ZMQ processing ***
[ZMQEndpointInterface] Protocol version: 4
[ZMQEndpointInterface] Protocol v4: Received 64D token (latent action), tokens[0]=0.0365, frame_index: 323
[ZMQEndpointInterface] Protocol v4: Left hand joints set: [0.0000, 0.0068, 0.0000, -0.0078, -0.0029, -0.0137, -0.0059]
[ZMQEndpointInterface] Protocol v4: Right hand joints set: [0.0000, -0.0014, 0.0000, 0.0000, 0.0000, 0.0000, 0.0000]
[ZMQEndpointInterface] Received ZMQ message - topic: 'pose', protocol_version: 4, num_fields: 4, total_size: 4 buffers
[ZMQEndpointInterface] *** Starting ZMQ processing ***
[ZMQEndpointInterface] Protocol version: 4
[ZMQEndpointInterface] Protocol v4: Received 64D token (latent action), tokens[0]=0.0352, frame_index: 324
[ZMQEndpointInterface] Protocol v4: Left hand joints set: [0.0000, 0.0082, 0.0014, -0.0039, 0.0000, -0.0078, -0.0059]
[ZMQEndpointInterface] Protocol v4: Right hand joints set: [0.0000, 0.0000, 0.0000, 0.0000, 0.0000, 0.0000, 0.0000]
[ZMQEndpointInterface] Received ZMQ message - topic: 'pose', protocol_version: 4, num_fields: 4, total_size: 4 buffers
[ZMQEndpointInterface] *** Starting ZMQ processing ***
[ZMQEndpointInterface] Protocol version: 4
[ZMQEndpointInterface] Protocol v4: Received 64D token (latent action), tokens[0]=0.0288, frame_index: 325
[ZMQEndpointInterface] Protocol v4: Left hand joints set: [0.0000, 0.0055, 0.0068, -0.0039, 0.0000, -0.0039, -0.0088]
[ZMQEndpointInterface] Protocol v4: Right hand joints set: [0.0000, -0.0014, -0.0014, 0.0000, 0.0000, 0.0000, 0.0000]
[ZMQEndpointInterface] Received ZMQ message - topic: 'pose', protocol_version: 4, num_fields: 4, total_size: 4 buffers
[ZMQEndpointInterface] *** Starting ZMQ processing ***
[ZMQEndpointInterface] Protocol version: 4
[ZMQEndpointInterface] Protocol v4: Received 64D token (latent action), tokens[0]=0.0297, frame_index: 326
[ZMQEndpointInterface] Protocol v4: Left hand joints set: [0.0000, 0.0055, 0.0082, -0.0078, -0.0059, -0.0098, -0.0146]
[ZMQEndpointInterface] Protocol v4: Right hand joints set: [0.0000, 0.0000, 0.0000, 0.0000, 0.0000, 0.0000, 0.0000]
[ZMQEndpointInterface] Received ZMQ message - topic: 'pose', protocol_version: 4, num_fields: 4, total_size: 4 buffers
[ZMQEndpointInterface] *** Starting ZMQ processing ***
[ZMQEndpointInterface] Protocol version: 4
[ZMQEndpointInterface] Protocol v4: Received 64D token (latent action), tokens[0]=0.0288, frame_index: 327
[ZMQEndpointInterface] Protocol v4: Left hand joints set: [0.0000, 0.0014, 0.0014, 0.0000, -0.0059, -0.0098, -0.0117]
[ZMQEndpointInterface] Protocol v4: Right hand joints set: [0.0000, 0.0000, 0.0000, 0.0000, 0.0000, 0.0000, 0.0000]
[ZMQEndpointInterface] Received ZMQ message - topic: 'pose', protocol_version: 4, num_fields: 4, total_size: 4 buffers
[ZMQEndpointInterface] *** Starting ZMQ processing ***
[ZMQEndpointInterface] Protocol version: 4
[ZMQEndpointInterface] Protocol v4: Received 64D token (latent action), tokens[0]=0.0262, frame_index: 328
[ZMQEndpointInterface] Protocol v4: Left hand joints set: [0.0000, 0.0055, 0.0014, -0.0117, 0.0000, -0.0039, -0.0088]
[ZMQEndpointInterface] Protocol v4: Right hand joints set: [0.0000, 0.0000, 0.0000, 0.0000, 0.0000, 0.0000, 0.0000]
[ZMQEndpointInterface] Received ZMQ message - topic: 'pose', protocol_version: 4, num_fields: 4, total_size: 4 buffers
[ZMQEndpointInterface] *** Starting ZMQ processing ***
[ZMQEndpointInterface] Protocol version: 4
[ZMQEndpointInterface] Protocol v4: Received 64D token (latent action), tokens[0]=0.0228, frame_index: 329
[ZMQEndpointInterface] Protocol v4: Left hand joints set: [0.0000, 0.0041, 0.0014, -0.0020, 0.0000, 0.0000, -0.0059]
[ZMQEndpointInterface] Protocol v4: Right hand joints set: [0.0000, -0.0055, 0.0000, 0.0000, 0.0000, 0.0000, 0.0000]
[ZMQEndpointInterface] Received ZMQ message - topic: 'pose', protocol_version: 4, num_fields: 4, total_size: 4 buffers
[ZMQEndpointInterface] *** Starting ZMQ processing ***
[ZMQEndpointInterface] Protocol version: 4
[ZMQEndpointInterface] Protocol v4: Received 64D token (latent action), tokens[0]=0.0228, frame_index: 330
[ZMQEndpointInterface] Protocol v4: Left hand joints set: [0.0000, 0.0055, 0.0055, 0.0000, -0.0088, -0.0039, -0.0146]
[ZMQEndpointInterface] Protocol v4: Right hand joints set: [0.0000, 0.0000, 0.0000, 0.0000, 0.0000, 0.0000, 0.0000]
[ZMQEndpointInterface] Received ZMQ message - topic: 'pose', protocol_version: 4, num_fields: 4, total_size: 4 buffers
[ZMQEndpointInterface] *** Starting ZMQ processing ***
[ZMQEndpointInterface] Protocol version: 4
[ZMQEndpointInterface] Protocol v4: Received 64D token (latent action), tokens[0]=0.0194, frame_index: 331
[ZMQEndpointInterface] Protocol v4: Left hand joints set: [0.0000, 0.0082, 0.0014, -0.0137, -0.0029, -0.0059, -0.0146]
[ZMQEndpointInterface] Protocol v4: Right hand joints set: [0.0000, 0.0000, 0.0000, 0.0000, 0.0000, 0.0000, 0.0000]
[ZMQEndpointInterface] Received ZMQ message - topic: 'pose', protocol_version: 4, num_fields: 4, total_size: 4 buffers
[ZMQEndpointInterface] *** Starting ZMQ processing ***
[ZMQEndpointInterface] Protocol version: 4
[ZMQEndpointInterface] Protocol v4: Received 64D token (latent action), tokens[0]=0.0173, frame_index: 332
[ZMQEndpointInterface] Protocol v4: Left hand joints set: [0.0000, 0.0041, 0.0000, 0.0000, 0.0000, 0.0000, -0.0176]
[ZMQEndpointInterface] Protocol v4: Right hand joints set: [0.0000, 0.0000, 0.0000, 0.0000, 0.0000, 0.0000, 0.0000]
[ZMQEndpointInterface] Received ZMQ message - topic: 'pose', protocol_version: 4, num_fields: 4, total_size: 4 buffers
[ZMQEndpointInterface] *** Starting ZMQ processing ***
[ZMQEndpointInterface] Protocol version: 4
[ZMQEndpointInterface] Protocol v4: Received 64D token (latent action), tokens[0]=0.0493, frame_index: 333
[ZMQEndpointInterface] Protocol v4: Left hand joints set: [0.0000, 0.0055, 0.0000, -0.0078, 0.0000, -0.0039, 0.0000]
[ZMQEndpointInterface] Protocol v4: Right hand joints set: [0.0000, 0.0000, 0.0000, 0.0000, 0.0059, 0.0000, 0.0000]
[ZMQEndpointInterface] Received ZMQ message - topic: 'pose', protocol_version: 4, num_fields: 4, total_size: 4 buffers
[ZMQEndpointInterface] *** Starting ZMQ processing ***
[ZMQEndpointInterface] Protocol version: 4
[ZMQEndpointInterface] Protocol v4: Received 64D token (latent action), tokens[0]=0.0532, frame_index: 334
[ZMQEndpointInterface] Protocol v4: Left hand joints set: [0.0000, 0.0055, 0.0000, -0.0098, 0.0000, 0.0000, -0.0146]
[ZMQEndpointInterface] Protocol v4: Right hand joints set: [0.0000, 0.0000, 0.0000, 0.0020, 0.0146, 0.0000, 0.0000]
[ZMQEndpointInterface] Received ZMQ message - topic: 'pose', protocol_version: 4, num_fields: 4, total_size: 4 buffers
[ZMQEndpointInterface] *** Starting ZMQ processing ***
[ZMQEndpointInterface] Protocol version: 4
[ZMQEndpointInterface] Protocol v4: Received 64D token (latent action), tokens[0]=0.0515, frame_index: 335
[ZMQEndpointInterface] Protocol v4: Left hand joints set: [0.0000, 0.0082, 0.0082, 0.0000, 0.0000, -0.0039, -0.0117]
[ZMQEndpointInterface] Protocol v4: Right hand joints set: [0.0000, -0.0014, 0.0000, 0.0020, 0.0059, 0.0000, 0.0000]
[ZMQEndpointInterface] Received ZMQ message - topic: 'pose', protocol_version: 4, num_fields: 4, total_size: 4 buffers
[ZMQEndpointInterface] *** Starting ZMQ processing ***
[ZMQEndpointInterface] Protocol version: 4
[ZMQEndpointInterface] Protocol v4: Received 64D token (latent action), tokens[0]=0.0540, frame_index: 336
[ZMQEndpointInterface] Protocol v4: Left hand joints set: [0.0000, 0.0055, 0.0041, -0.0020, 0.0000, 0.0000, -0.0117]
[ZMQEndpointInterface] Protocol v4: Right hand joints set: [0.0000, -0.0027, 0.0000, 0.0000, 0.0000, 0.0000, 0.0000]
[ZMQEndpointInterface] Received ZMQ message - topic: 'pose', protocol_version: 4, num_fields: 4, total_size: 4 buffers
[ZMQEndpointInterface] *** Starting ZMQ processing ***
[ZMQEndpointInterface] Protocol version: 4
[ZMQEndpointInterface] Protocol v4: Received 64D token (latent action), tokens[0]=0.0489, frame_index: 337
[ZMQEndpointInterface] Protocol v4: Left hand joints set: [0.0000, 0.0014, 0.0055, -0.0059, 0.0000, 0.0000, -0.0059]
[ZMQEndpointInterface] Protocol v4: Right hand joints set: [0.0000, 0.0000, 0.0000, 0.0078, 0.0205, 0.0000, 0.0000]
[ZMQEndpointInterface] Received ZMQ message - topic: 'pose', protocol_version: 4, num_fields: 4, total_size: 4 buffers
[ZMQEndpointInterface] *** Starting ZMQ processing ***
[ZMQEndpointInterface] Protocol version: 4
[ZMQEndpointInterface] Protocol v4: Received 64D token (latent action), tokens[0]=0.0527, frame_index: 338
[ZMQEndpointInterface] Protocol v4: Left hand joints set: [0.0000, 0.0014, 0.0014, 0.0000, 0.0000, -0.0078, -0.0088]
[ZMQEndpointInterface] Protocol v4: Right hand joints set: [0.0000, 0.0000, -0.0055, 0.0078, 0.0000, 0.0000, 0.0000]
[ZMQEndpointInterface] Received ZMQ message - topic: 'pose', protocol_version: 4, num_fields: 4, total_size: 4 buffers
[ZMQEndpointInterface] *** Starting ZMQ processing ***
[ZMQEndpointInterface] Protocol version: 4
[ZMQEndpointInterface] Protocol v4: Received 64D token (latent action), tokens[0]=0.0502, frame_index: 339
[ZMQEndpointInterface] Protocol v4: Left hand joints set: [0.0000, 0.0041, 0.0000, 0.0000, 0.0000, -0.0020, -0.0234]
[ZMQEndpointInterface] Protocol v4: Right hand joints set: [0.0000, 0.0000, -0.0027, 0.0000, 0.0000, 0.0000, 0.0000]
[ZMQEndpointInterface] Received ZMQ message - topic: 'pose', protocol_version: 4, num_fields: 4, total_size: 4 buffers
[ZMQEndpointInterface] *** Starting ZMQ processing ***
[ZMQEndpointInterface] Protocol version: 4
[ZMQEndpointInterface] Protocol v4: Received 64D token (latent action), tokens[0]=0.0510, frame_index: 340
[ZMQEndpointInterface] Protocol v4: Left hand joints set: [0.0000, 0.0027, 0.0014, 0.0000, 0.0000, -0.0020, 0.0000]
[ZMQEndpointInterface] Protocol v4: Right hand joints set: [0.0000, 0.0000, 0.0000, 0.0059, 0.0000, 0.0000, 0.0000]
[ZMQEndpointInterface] Received ZMQ message - topic: 'pose', protocol_version: 4, num_fields: 4, total_size: 4 buffers
[ZMQEndpointInterface] *** Starting ZMQ processing ***
[ZMQEndpointInterface] Protocol version: 4
[ZMQEndpointInterface] Protocol v4: Received 64D token (latent action), tokens[0]=0.0517, frame_index: 341
[ZMQEndpointInterface] Protocol v4: Left hand joints set: [0.0000, 0.0096, 0.0055, -0.0059, -0.0029, -0.0078, -0.0059]
[ZMQEndpointInterface] Protocol v4: Right hand joints set: [0.0000, 0.0000, -0.0027, 0.0039, 0.0000, 0.0000, 0.0000]
[ZMQEndpointInterface] Received ZMQ message - topic: 'pose', protocol_version: 4, num_fields: 4, total_size: 4 buffers
[ZMQEndpointInterface] *** Starting ZMQ processing ***
[ZMQEndpointInterface] Protocol version: 4
[ZMQEndpointInterface] Protocol v4: Received 64D token (latent action), tokens[0]=0.0536, frame_index: 342
[ZMQEndpointInterface] Protocol v4: Left hand joints set: [0.0000, 0.0014, 0.0109, 0.0000, 0.0000, -0.0039, -0.0029]
[ZMQEndpointInterface] Protocol v4: Right hand joints set: [0.0000, 0.0000, 0.0000, 0.0098, 0.0000, 0.0000, 0.0000]
[ZMQEndpointInterface] Received ZMQ message - topic: 'pose', protocol_version: 4, num_fields: 4, total_size: 4 buffers
[ZMQEndpointInterface] *** Starting ZMQ processing ***
[ZMQEndpointInterface] Protocol version: 4
[ZMQEndpointInterface] Protocol v4: Received 64D token (latent action), tokens[0]=0.0497, frame_index: 343
[ZMQEndpointInterface] Protocol v4: Left hand joints set: [0.0000, 0.0000, 0.0096, 0.0000, 0.0000, -0.0020, 0.0000]
[ZMQEndpointInterface] Protocol v4: Right hand joints set: [0.0000, -0.0014, -0.0014, 0.0098, 0.0000, 0.0000, 0.0000]
[ZMQEndpointInterface] Received ZMQ message - topic: 'pose', protocol_version: 4, num_fields: 4, total_size: 4 buffers
[ZMQEndpointInterface] *** Starting ZMQ processing ***
[ZMQEndpointInterface] Protocol version: 4
[ZMQEndpointInterface] Protocol v4: Received 64D token (latent action), tokens[0]=0.0519, frame_index: 344
[ZMQEndpointInterface] Protocol v4: Left hand joints set: [0.0000, 0.0096, 0.0082, 0.0000, -0.0029, -0.0039, -0.0059]
[ZMQEndpointInterface] Protocol v4: Right hand joints set: [0.0000, 0.0000, 0.0000, 0.0000, 0.0000, 0.0000, 0.0000]
[ZMQEndpointInterface] Received ZMQ message - topic: 'pose', protocol_version: 4, num_fields: 4, total_size: 4 buffers
[ZMQEndpointInterface] *** Starting ZMQ processing ***
[ZMQEndpointInterface] Protocol version: 4
[ZMQEndpointInterface] Protocol v4: Received 64D token (latent action), tokens[0]=0.0538, frame_index: 345
[ZMQEndpointInterface] Protocol v4: Left hand joints set: [0.0000, 0.0068, 0.0027, 0.0000, 0.0000, -0.0078, -0.0059]
[ZMQEndpointInterface] Protocol v4: Right hand joints set: [0.0000, -0.0014, 0.0000, 0.0020, 0.0000, 0.0039, 0.0000]
[ZMQEndpointInterface] Received ZMQ message - topic: 'pose', protocol_version: 4, num_fields: 4, total_size: 4 buffers
[ZMQEndpointInterface] *** Starting ZMQ processing ***
[ZMQEndpointInterface] Protocol version: 4
[ZMQEndpointInterface] Protocol v4: Received 64D token (latent action), tokens[0]=0.0517, frame_index: 346
[ZMQEndpointInterface] Protocol v4: Left hand joints set: [0.0000, 0.0027, 0.0027, 0.0000, 0.0000, 0.0000, -0.0059]
[ZMQEndpointInterface] Protocol v4: Right hand joints set: [0.0000, -0.0027, 0.0000, 0.0098, 0.0059, 0.0000, 0.0000]
[ZMQEndpointInterface] Received ZMQ message - topic: 'pose', protocol_version: 4, num_fields: 4, total_size: 4 buffers
[ZMQEndpointInterface] *** Starting ZMQ processing ***
[ZMQEndpointInterface] Protocol version: 4
[ZMQEndpointInterface] Protocol v4: Received 64D token (latent action), tokens[0]=0.0519, frame_index: 347
[ZMQEndpointInterface] Protocol v4: Left hand joints set: [0.0000, 0.0041, 0.0082, 0.0000, 0.0000, -0.0020, 0.0000]
[ZMQEndpointInterface] Protocol v4: Right hand joints set: [0.0000, -0.0041, 0.0000, 0.0039, 0.0000, 0.0000, 0.0000]
[ZMQEndpointInterface] Received ZMQ message - topic: 'pose', protocol_version: 4, num_fields: 4, total_size: 4 buffers
[ZMQEndpointInterface] *** Starting ZMQ processing ***
[ZMQEndpointInterface] Protocol version: 4
[ZMQEndpointInterface] Protocol v4: Received 64D token (latent action), tokens[0]=0.0555, frame_index: 348
[ZMQEndpointInterface] Protocol v4: Left hand joints set: [0.0000, 0.0055, 0.0027, -0.0020, 0.0000, -0.0039, 0.0000]
[ZMQEndpointInterface] Protocol v4: Right hand joints set: [0.0000, 0.0000, 0.0000, 0.0059, 0.0000, 0.0000, 0.0000]
[ZMQEndpointInterface] Received ZMQ message - topic: 'pose', protocol_version: 4, num_fields: 4, total_size: 4 buffers
[ZMQEndpointInterface] *** Starting ZMQ processing ***
[ZMQEndpointInterface] Protocol version: 4
[ZMQEndpointInterface] Protocol v4: Received 64D token (latent action), tokens[0]=0.0519, frame_index: 349
[ZMQEndpointInterface] Protocol v4: Left hand joints set: [0.0000, 0.0000, 0.0041, 0.0000, 0.0000, 0.0000, 0.0000]
[ZMQEndpointInterface] Protocol v4: Right hand joints set: [0.0000, -0.0027, 0.0000, 0.0039, 0.0000, 0.0000, 0.0000]
[Token Flow] Copied external tokens, tokens[0]=0.0519
[ZMQEndpointInterface] Received ZMQ message - topic: 'pose', protocol_version: 4, num_fields: 4, total_size: 4 buffers
[ZMQEndpointInterface] *** Starting ZMQ processing ***
[ZMQEndpointInterface] Protocol version: 4
[ZMQEndpointInterface] Protocol v4: Received 64D token (latent action), tokens[0]=0.0512, frame_index: 350
[ZMQEndpointInterface] Protocol v4: Left hand joints set: [0.0000, 0.0014, 0.0055, 0.0000, 0.0000, -0.0039, 0.0000]
[ZMQEndpointInterface] Protocol v4: Right hand joints set: [0.0000, -0.0027, 0.0000, 0.0039, 0.0000, 0.0000, 0.0000]
[ZMQEndpointInterface] Received ZMQ message - topic: 'pose', protocol_version: 4, num_fields: 4, total_size: 4 buffers
[ZMQEndpointInterface] *** Starting ZMQ processing ***
[ZMQEndpointInterface] Protocol version: 4
[ZMQEndpointInterface] Protocol v4: Received 64D token (latent action), tokens[0]=0.0495, frame_index: 351
[ZMQEndpointInterface] Protocol v4: Left hand joints set: [0.0000, 0.0000, 0.0082, -0.0039, 0.0000, 0.0000, -0.0029]
[ZMQEndpointInterface] Protocol v4: Right hand joints set: [0.0000, -0.0055, 0.0000, 0.0000, 0.0000, 0.0000, 0.0000]
[ZMQEndpointInterface] Received ZMQ message - topic: 'pose', protocol_version: 4, num_fields: 4, total_size: 4 buffers
[ZMQEndpointInterface] *** Starting ZMQ processing ***
[ZMQEndpointInterface] Protocol version: 4
[ZMQEndpointInterface] Protocol v4: Received 64D token (latent action), tokens[0]=0.0547, frame_index: 352
[ZMQEndpointInterface] Protocol v4: Left hand joints set: [0.0000, 0.0027, 0.0041, 0.0000, 0.0000, -0.0039, -0.0029]
[ZMQEndpointInterface] Protocol v4: Right hand joints set: [0.0000, -0.0014, 0.0000, 0.0000, 0.0000, 0.0000, 0.0000]
[ZMQEndpointInterface] Received ZMQ message - topic: 'pose', protocol_version: 4, num_fields: 4, total_size: 4 buffers
[ZMQEndpointInterface] *** Starting ZMQ processing ***
[ZMQEndpointInterface] Protocol version: 4
[ZMQEndpointInterface] Protocol v4: Received 64D token (latent action), tokens[0]=0.0544, frame_index: 353
[ZMQEndpointInterface] Protocol v4: Left hand joints set: [0.0000, 0.0068, 0.0027, -0.0039, 0.0000, 0.0000, 0.0000]
[ZMQEndpointInterface] Protocol v4: Right hand joints set: [0.0000, 0.0000, -0.0014, 0.0039, 0.0029, 0.0000, 0.0000]
[ZMQEndpointInterface] Received ZMQ message - topic: 'pose', protocol_version: 4, num_fields: 4, total_size: 4 buffers
[ZMQEndpointInterface] *** Starting ZMQ processing ***
[ZMQEndpointInterface] Protocol version: 4
[ZMQEndpointInterface] Protocol v4: Received 64D token (latent action), tokens[0]=0.0527, frame_index: 354
[ZMQEndpointInterface] Protocol v4: Left hand joints set: [0.0000, 0.0068, 0.0068, -0.0039, 0.0000, 0.0000, 0.0000]
[ZMQEndpointInterface] Protocol v4: Right hand joints set: [0.0000, 0.0000, 0.0000, 0.0000, 0.0000, 0.0000, 0.0000]
[ZMQEndpointInterface] Received ZMQ message - topic: 'pose', protocol_version: 4, num_fields: 4, total_size: 4 buffers
[ZMQEndpointInterface] *** Starting ZMQ processing ***
[ZMQEndpointInterface] Protocol version: 4
[ZMQEndpointInterface] Protocol v4: Received 64D token (latent action), tokens[0]=0.0570, frame_index: 355
[ZMQEndpointInterface] Protocol v4: Left hand joints set: [0.0000, 0.0096, 0.0082, 0.0000, 0.0000, 0.0000, -0.0029]
[ZMQEndpointInterface] Protocol v4: Right hand joints set: [0.0000, 0.0000, 0.0000, 0.0098, 0.0000, 0.0000, 0.0000]
[ZMQEndpointInterface] Received ZMQ message - topic: 'pose', protocol_version: 4, num_fields: 4, total_size: 4 buffers
[ZMQEndpointInterface] *** Starting ZMQ processing ***
[ZMQEndpointInterface] Protocol version: 4
[ZMQEndpointInterface] Protocol v4: Received 64D token (latent action), tokens[0]=0.0566, frame_index: 356
[ZMQEndpointInterface] Protocol v4: Left hand joints set: [0.0000, 0.0027, 0.0068, -0.0039, -0.0088, 0.0000, 0.0000]
[ZMQEndpointInterface] Protocol v4: Right hand joints set: [0.0000, 0.0000, 0.0000, 0.0000, 0.0000, 0.0059, 0.0000]
[ZMQEndpointInterface] Received ZMQ message - topic: 'pose', protocol_version: 4, num_fields: 4, total_size: 4 buffers
[ZMQEndpointInterface] *** Starting ZMQ processing ***
[ZMQEndpointInterface] Protocol version: 4
[ZMQEndpointInterface] Protocol v4: Received 64D token (latent action), tokens[0]=0.0562, frame_index: 357
[ZMQEndpointInterface] Protocol v4: Left hand joints set: [0.0000, 0.0014, 0.0055, -0.0039, -0.0029, -0.0039, -0.0059]
[ZMQEndpointInterface] Protocol v4: Right hand joints set: [0.0000, -0.0027, -0.0014, 0.0020, 0.0059, 0.0039, 0.0000]
[ZMQEndpointInterface] Received ZMQ message - topic: 'pose', protocol_version: 4, num_fields: 4, total_size: 4 buffers
[ZMQEndpointInterface] *** Starting ZMQ processing ***
[ZMQEndpointInterface] Protocol version: 4
[ZMQEndpointInterface] Protocol v4: Received 64D token (latent action), tokens[0]=0.0559, frame_index: 358
[ZMQEndpointInterface] Protocol v4: Left hand joints set: [0.0000, 0.0082, 0.0150, -0.0078, -0.0059, 0.0000, -0.0117]
[ZMQEndpointInterface] Protocol v4: Right hand joints set: [0.0000, 0.0000, 0.0000, 0.0000, 0.0000, 0.0000, 0.0000]
[ZMQEndpointInterface] Received ZMQ message - topic: 'pose', protocol_version: 4, num_fields: 4, total_size: 4 buffers
[ZMQEndpointInterface] *** Starting ZMQ processing ***
[ZMQEndpointInterface] Protocol version: 4
[ZMQEndpointInterface] Protocol v4: Received 64D token (latent action), tokens[0]=0.0583, frame_index: 359
[ZMQEndpointInterface] Protocol v4: Left hand joints set: [0.0000, 0.0041, 0.0082, -0.0039, 0.0000, -0.0039, 0.0000]
[ZMQEndpointInterface] Protocol v4: Right hand joints set: [0.0000, 0.0000, 0.0000, 0.0039, 0.0000, 0.0000, 0.0000]
[ZMQEndpointInterface] Received ZMQ message - topic: 'pose', protocol_version: 4, num_fields: 4, total_size: 4 buffers
[ZMQEndpointInterface] *** Starting ZMQ processing ***
[ZMQEndpointInterface] Protocol version: 4
[ZMQEndpointInterface] Protocol v4: Received 64D token (latent action), tokens[0]=0.0570, frame_index: 360
[ZMQEndpointInterface] Protocol v4: Left hand joints set: [0.0000, 0.0041, 0.0055, 0.0000, 0.0000, -0.0020, -0.0029]
[ZMQEndpointInterface] Protocol v4: Right hand joints set: [0.0000, -0.0041, 0.0000, 0.0000, 0.0000, 0.0000, 0.0000]
[ZMQEndpointInterface] Received ZMQ message - topic: 'pose', protocol_version: 4, num_fields: 4, total_size: 4 buffers
[ZMQEndpointInterface] *** Starting ZMQ processing ***
[ZMQEndpointInterface] Protocol version: 4
[ZMQEndpointInterface] Protocol v4: Received 64D token (latent action), tokens[0]=0.0519, frame_index: 361
[ZMQEndpointInterface] Protocol v4: Left hand joints set: [0.0000, 0.0055, 0.0027, 0.0000, -0.0029, 0.0000, -0.0029]
[ZMQEndpointInterface] Protocol v4: Right hand joints set: [0.0000, -0.0027, 0.0000, 0.0000, 0.0000, 0.0000, 0.0000]
[ZMQEndpointInterface] Received ZMQ message - topic: 'pose', protocol_version: 4, num_fields: 4, total_size: 4 buffers
[ZMQEndpointInterface] *** Starting ZMQ processing ***
[ZMQEndpointInterface] Protocol version: 4
[ZMQEndpointInterface] Protocol v4: Received 64D token (latent action), tokens[0]=0.0544, frame_index: 362
[ZMQEndpointInterface] Protocol v4: Left hand joints set: [0.0000, 0.0027, 0.0000, -0.0078, 0.0000, 0.0000, 0.0000]
[ZMQEndpointInterface] Protocol v4: Right hand joints set: [0.0000, -0.0082, 0.0000, 0.0000, 0.0000, 0.0000, 0.0000]
[ZMQEndpointInterface] Received ZMQ message - topic: 'pose', protocol_version: 4, num_fields: 4, total_size: 4 buffers
[ZMQEndpointInterface] *** Starting ZMQ processing ***
[ZMQEndpointInterface] Protocol version: 4
[ZMQEndpointInterface] Protocol v4: Received 64D token (latent action), tokens[0]=0.0564, frame_index: 363
[ZMQEndpointInterface] Protocol v4: Left hand joints set: [0.0000, 0.0082, 0.0109, -0.0039, -0.0059, 0.0000, 0.0000]
[ZMQEndpointInterface] Protocol v4: Right hand joints set: [0.0000, -0.0041, 0.0000, 0.0000, 0.0000, 0.0000, 0.0000]
[ZMQEndpointInterface] Received ZMQ message - topic: 'pose', protocol_version: 4, num_fields: 4, total_size: 4 buffers
[ZMQEndpointInterface] *** Starting ZMQ processing ***
[ZMQEndpointInterface] Protocol version: 4
[ZMQEndpointInterface] Protocol v4: Received 64D token (latent action), tokens[0]=0.0510, frame_index: 364
[ZMQEndpointInterface] Protocol v4: Left hand joints set: [0.0000, 0.0068, 0.0000, -0.0078, 0.0000, 0.0000, 0.0000]
[ZMQEndpointInterface] Protocol v4: Right hand joints set: [0.0000, -0.0055, 0.0000, 0.0000, 0.0000, 0.0000, 0.0000]
Loop timing - LowState age: 2.4950ms, Streaming data mean delay: 9.3661ms, Streaming data std delay: 5.2064ms, IMU age: 2.4460ms, Obs: 67us, Policy: 604us, Obs 2 Motor Command: 671us, Post processing: 30us | HandCloseRatio: 1.0000
[ZMQEndpointInterface] Received ZMQ message - topic: 'pose', protocol_version: 4, num_fields: 4, total_size: 4 buffers
[ZMQEndpointInterface] *** Starting ZMQ processing ***
[ZMQEndpointInterface] Protocol version: 4
[ZMQEndpointInterface] Protocol v4: Received 64D token (latent action), tokens[0]=0.0485, frame_index: 365
[ZMQEndpointInterface] Protocol v4: Left hand joints set: [0.0000, 0.0027, 0.0096, -0.0039, -0.0029, 0.0000, -0.0059]
[ZMQEndpointInterface] Protocol v4: Right hand joints set: [0.0000, -0.0068, 0.0000, 0.0000, 0.0000, 0.0000, 0.0000]
[ZMQEndpointInterface] Received ZMQ message - topic: 'pose', protocol_version: 4, num_fields: 4, total_size: 4 buffers
[ZMQEndpointInterface] *** Starting ZMQ processing ***
[ZMQEndpointInterface] Protocol version: 4
[ZMQEndpointInterface] Protocol v4: Received 64D token (latent action), tokens[0]=0.0476, frame_index: 366
[ZMQEndpointInterface] Protocol v4: Left hand joints set: [0.0000, 0.0027, 0.0000, -0.0059, 0.0000, 0.0000, -0.0029]
[ZMQEndpointInterface] Protocol v4: Right hand joints set: [0.0000, -0.0055, 0.0000, 0.0000, 0.0000, 0.0000, 0.0000]
[ZMQEndpointInterface] Received ZMQ message - topic: 'pose', protocol_version: 4, num_fields: 4, total_size: 4 buffers
[ZMQEndpointInterface] *** Starting ZMQ processing ***
[ZMQEndpointInterface] Protocol version: 4
[ZMQEndpointInterface] Protocol v4: Received 64D token (latent action), tokens[0]=0.0444, frame_index: 367
[ZMQEndpointInterface] Protocol v4: Left hand joints set: [0.0000, 0.0096, 0.0041, -0.0039, -0.0059, -0.0039, -0.0059]
[ZMQEndpointInterface] Protocol v4: Right hand joints set: [0.0000, 0.0000, 0.0000, 0.0000, 0.0000, 0.0000, 0.0000]
[ZMQEndpointInterface] Received ZMQ message - topic: 'pose', protocol_version: 4, num_fields: 4, total_size: 4 buffers
[ZMQEndpointInterface] *** Starting ZMQ processing ***
[ZMQEndpointInterface] Protocol version: 4
[ZMQEndpointInterface] Protocol v4: Received 64D token (latent action), tokens[0]=0.0431, frame_index: 368
[ZMQEndpointInterface] Protocol v4: Left hand joints set: [0.0000, 0.0000, 0.0000, -0.0039, 0.0000, 0.0000, -0.0029]
[ZMQEndpointInterface] Protocol v4: Right hand joints set: [0.0000, -0.0055, 0.0000, 0.0000, 0.0000, 0.0000, 0.0000]
[ZMQEndpointInterface] Received ZMQ message - topic: 'pose', protocol_version: 4, num_fields: 4, total_size: 4 buffers
[ZMQEndpointInterface] *** Starting ZMQ processing ***
[ZMQEndpointInterface] Protocol version: 4
[ZMQEndpointInterface] Protocol v4: Received 64D token (latent action), tokens[0]=0.0438, frame_index: 369
[ZMQEndpointInterface] Protocol v4: Left hand joints set: [0.0000, 0.0096, 0.0055, -0.0039, -0.0117, 0.0000, -0.0088]
[ZMQEndpointInterface] Protocol v4: Right hand joints set: [0.0000, 0.0000, 0.0000, 0.0000, 0.0000, 0.0000, 0.0000]
[ZMQEndpointInterface] Received ZMQ message - topic: 'pose', protocol_version: 4, num_fields: 4, total_size: 4 buffers
[ZMQEndpointInterface] *** Starting ZMQ processing ***
[ZMQEndpointInterface] Protocol version: 4
[ZMQEndpointInterface] Protocol v4: Received 64D token (latent action), tokens[0]=0.0429, frame_index: 370
[ZMQEndpointInterface] Protocol v4: Left hand joints set: [0.0000, 0.0000, 0.0000, -0.0059, -0.0059, -0.0039, 0.0000]
[ZMQEndpointInterface] Protocol v4: Right hand joints set: [0.0000, 0.0000, 0.0000, 0.0000, 0.0000, 0.0000, 0.0000]
[ZMQEndpointInterface] Received ZMQ message - topic: 'pose', protocol_version: 4, num_fields: 4, total_size: 4 buffers
[ZMQEndpointInterface] *** Starting ZMQ processing ***
[ZMQEndpointInterface] Protocol version: 4
[ZMQEndpointInterface] Protocol v4: Received 64D token (latent action), tokens[0]=0.0450, frame_index: 371
[ZMQEndpointInterface] Protocol v4: Left hand joints set: [0.0000, 0.0027, 0.0000, 0.0000, 0.0000, 0.0000, 0.0000]
[ZMQEndpointInterface] Protocol v4: Right hand joints set: [0.0000, -0.0041, 0.0000, 0.0000, 0.0000, 0.0039, 0.0000]
Temporary motion completed.
Reset to frame 0.
[ZMQEndpointInterface] Received ZMQ message - topic: 'pose', protocol_version: 4, num_fields: 4, total_size: 4 buffers
[ZMQEndpointInterface] *** Starting ZMQ processing ***
[ZMQEndpointInterface] Protocol version: 4
[ZMQEndpointInterface] Protocol v4: Received 64D token (latent action), tokens[0]=0.0465, frame_index: 372
[ZMQEndpointInterface] Protocol v4: Left hand joints set: [0.0000, 0.0000, 0.0000, 0.0000, 0.0000, 0.0000, 0.0000]
[ZMQEndpointInterface] Protocol v4: Right hand joints set: [0.0000, -0.0068, 0.0000, 0.0000, 0.0000, 0.0000, 0.0000]
Reset heading state to 0.9987, 0.0020, -0.0485, -0.0155
Reset delta heading to 0
Reset init reference data root rotation to current frame: 0.9997, -0.0016, -0.0223, -0.0045
**********************************************************
Reference motion name: temporary_motion
**********************************************************
[ZMQEndpointInterface] Received ZMQ message - topic: 'pose', protocol_version: 4, num_fields: 4, total_size: 4 buffers
[ZMQEndpointInterface] *** Starting ZMQ processing ***
[ZMQEndpointInterface] Protocol version: 4
[ZMQEndpointInterface] Protocol v4: Received 64D token (latent action), tokens[0]=0.0476, frame_index: 373
[ZMQEndpointInterface] Protocol v4: Left hand joints set: [0.0000, 0.0041, 0.0027, 0.0000, 0.0000, 0.0000, 0.0000]
[ZMQEndpointInterface] Protocol v4: Right hand joints set: [0.0000, -0.0109, 0.0000, 0.0000, 0.0000, 0.0000, 0.0000]
[ZMQEndpointInterface] Received ZMQ message - topic: 'pose', protocol_version: 4, num_fields: 4, total_size: 4 buffers
[ZMQEndpointInterface] *** Starting ZMQ processing ***
[ZMQEndpointInterface] Protocol version: 4
[ZMQEndpointInterface] Protocol v4: Received 64D token (latent action), tokens[0]=0.0493, frame_index: 374
[ZMQEndpointInterface] Protocol v4: Left hand joints set: [0.0000, 0.0055, 0.0000, 0.0000, 0.0000, -0.0020, 0.0000]
[ZMQEndpointInterface] Protocol v4: Right hand joints set: [0.0000, -0.0041, 0.0000, 0.0000, 0.0000, 0.0000, 0.0000]
[ZMQEndpointInterface] Received ZMQ message - topic: 'pose', protocol_version: 4, num_fields: 4, total_size: 4 buffers
[ZMQEndpointInterface] *** Starting ZMQ processing ***
[ZMQEndpointInterface] Protocol version: 4
[ZMQEndpointInterface] Protocol v4: Received 64D token (latent action), tokens[0]=0.0525, frame_index: 375
[ZMQEndpointInterface] Protocol v4: Left hand joints set: [0.0000, 0.0055, 0.0000, -0.0039, 0.0000, 0.0000, 0.0000]
[ZMQEndpointInterface] Protocol v4: Right hand joints set: [0.0000, -0.0027, 0.0000, 0.0000, 0.0000, 0.0000, 0.0000]
[ZMQEndpointInterface] Received ZMQ message - topic: 'pose', protocol_version: 4, num_fields: 4, total_size: 4 buffers
[ZMQEndpointInterface] *** Starting ZMQ processing ***
[ZMQEndpointInterface] Protocol version: 4
[ZMQEndpointInterface] Protocol v4: Received 64D token (latent action), tokens[0]=0.0521, frame_index: 376
[ZMQEndpointInterface] Protocol v4: Left hand joints set: [0.0000, 0.0027, 0.0027, 0.0000, -0.0059, -0.0039, 0.0000]
[ZMQEndpointInterface] Protocol v4: Right hand joints set: [0.0000, -0.0014, 0.0000, 0.0000, 0.0000, 0.0000, 0.0000]
[ZMQEndpointInterface] Received ZMQ message - topic: 'pose', protocol_version: 4, num_fields: 4, total_size: 4 buffers
[ZMQEndpointInterface] *** Starting ZMQ processing ***
[ZMQEndpointInterface] Protocol version: 4
[ZMQEndpointInterface] Protocol v4: Received 64D token (latent action), tokens[0]=0.0493, frame_index: 377
[ZMQEndpointInterface] Protocol v4: Left hand joints set: [0.0000, 0.0000, 0.0014, 0.0000, 0.0000, 0.0000, -0.0029]
[ZMQEndpointInterface] Protocol v4: Right hand joints set: [0.0000, -0.0055, 0.0000, 0.0020, 0.0000, 0.0000, 0.0000]
[ZMQEndpointInterface] Received ZMQ message - topic: 'pose', protocol_version: 4, num_fields: 4, total_size: 4 buffers
[ZMQEndpointInterface] *** Starting ZMQ processing ***
[ZMQEndpointInterface] Protocol version: 4
[ZMQEndpointInterface] Protocol v4: Received 64D token (latent action), tokens[0]=0.0538, frame_index: 378
[ZMQEndpointInterface] Protocol v4: Left hand joints set: [0.0000, 0.0027, 0.0014, 0.0000, 0.0000, -0.0039, 0.0000]
[ZMQEndpointInterface] Protocol v4: Right hand joints set: [0.0000, -0.0027, 0.0000, 0.0000, 0.0000, 0.0000, 0.0000]
[ZMQEndpointInterface] Received ZMQ message - topic: 'pose', protocol_version: 4, num_fields: 4, total_size: 4 buffers
[ZMQEndpointInterface] *** Starting ZMQ processing ***
[ZMQEndpointInterface] Protocol version: 4
[ZMQEndpointInterface] Protocol v4: Received 64D token (latent action), tokens[0]=0.0527, frame_index: 379
[ZMQEndpointInterface] Protocol v4: Left hand joints set: [0.0000, 0.0000, 0.0068, 0.0000, 0.0000, -0.0020, 0.0000]
[ZMQEndpointInterface] Protocol v4: Right hand joints set: [0.0000, -0.0068, 0.0000, 0.0000, 0.0000, 0.0000, 0.0000]
[ZMQEndpointInterface] Received ZMQ message - topic: 'pose', protocol_version: 4, num_fields: 4, total_size: 4 buffers
[ZMQEndpointInterface] *** Starting ZMQ processing ***
[ZMQEndpointInterface] Protocol version: 4
[ZMQEndpointInterface] Protocol v4: Received 64D token (latent action), tokens[0]=0.0549, frame_index: 380
[ZMQEndpointInterface] Protocol v4: Left hand joints set: [0.0000, 0.0068, 0.0000, -0.0020, 0.0000, 0.0000, 0.0000]
[ZMQEndpointInterface] Protocol v4: Right hand joints set: [0.0000, 0.0000, 0.0000, 0.0000, 0.0000, 0.0000, 0.0000]
[ZMQEndpointInterface] Received ZMQ message - topic: 'pose', protocol_version: 4, num_fields: 4, total_size: 4 buffers
[ZMQEndpointInterface] *** Starting ZMQ processing ***
[ZMQEndpointInterface] Protocol version: 4
[ZMQEndpointInterface] Protocol v4: Received 64D token (latent action), tokens[0]=0.0536, frame_index: 381
[ZMQEndpointInterface] Protocol v4: Left hand joints set: [0.0000, 0.0027, 0.0000, -0.0020, -0.0059, -0.0039, 0.0000]
[ZMQEndpointInterface] Protocol v4: Right hand joints set: [0.0000, -0.0041, 0.0000, 0.0000, 0.0000, 0.0000, 0.0000]
[ZMQEndpointInterface] Received ZMQ message - topic: 'pose', protocol_version: 4, num_fields: 4, total_size: 4 buffers
[ZMQEndpointInterface] *** Starting ZMQ processing ***
[ZMQEndpointInterface] Protocol version: 4
[ZMQEndpointInterface] Protocol v4: Received 64D token (latent action), tokens[0]=0.0576, frame_index: 382
[ZMQEndpointInterface] Protocol v4: Left hand joints set: [0.0000, 0.0027, 0.0000, 0.0000, 0.0000, -0.0039, 0.0000]
[ZMQEndpointInterface] Protocol v4: Right hand joints set: [0.0000, -0.0068, 0.0000, 0.0000, 0.0000, 0.0000, 0.0000]
[ZMQEndpointInterface] Received ZMQ message - topic: 'pose', protocol_version: 4, num_fields: 4, total_size: 4 buffers
[ZMQEndpointInterface] *** Starting ZMQ processing ***
[ZMQEndpointInterface] Protocol version: 4
[ZMQEndpointInterface] Protocol v4: Received 64D token (latent action), tokens[0]=0.0570, frame_index: 383
[ZMQEndpointInterface] Protocol v4: Left hand joints set: [0.0000, 0.0041, 0.0027, 0.0000, 0.0000, -0.0039, 0.0000]
[ZMQEndpointInterface] Protocol v4: Right hand joints set: [0.0000, -0.0055, 0.0000, 0.0000, 0.0000, 0.0000, 0.0000]
[ZMQEndpointInterface] Received ZMQ message - topic: 'pose', protocol_version: 4, num_fields: 4, total_size: 4 buffers
[ZMQEndpointInterface] *** Starting ZMQ processing ***
[ZMQEndpointInterface] Protocol version: 4
[ZMQEndpointInterface] Protocol v4: Received 64D token (latent action), tokens[0]=0.0621, frame_index: 384
[ZMQEndpointInterface] Protocol v4: Left hand joints set: [0.0000, 0.0055, 0.0041, 0.0000, 0.0000, 0.0000, 0.0000]
[ZMQEndpointInterface] Protocol v4: Right hand joints set: [0.0000, -0.0027, 0.0000, 0.0000, 0.0000, 0.0000, 0.0000]
[ZMQEndpointInterface] Received ZMQ message - topic: 'pose', protocol_version: 4, num_fields: 4, total_size: 4 buffers
[ZMQEndpointInterface] *** Starting ZMQ processing ***
[ZMQEndpointInterface] Protocol version: 4
[ZMQEndpointInterface] Protocol v4: Received 64D token (latent action), tokens[0]=0.0651, frame_index: 385
[ZMQEndpointInterface] Protocol v4: Left hand joints set: [0.0000, 0.0000, 0.0000, 0.0000, 0.0000, 0.0000, 0.0000]
[ZMQEndpointInterface] Protocol v4: Right hand joints set: [0.0000, 0.0000, -0.0027, 0.0000, 0.0000, 0.0000, 0.0000]
[ZMQEndpointInterface] Received ZMQ message - topic: 'pose', protocol_version: 4, num_fields: 4, total_size: 4 buffers
[ZMQEndpointInterface] *** Starting ZMQ processing ***
[ZMQEndpointInterface] Protocol version: 4
[ZMQEndpointInterface] Protocol v4: Received 64D token (latent action), tokens[0]=0.0630, frame_index: 386
[ZMQEndpointInterface] Protocol v4: Left hand joints set: [0.0000, 0.0055, 0.0027, 0.0000, 0.0000, 0.0000, 0.0000]
[ZMQEndpointInterface] Protocol v4: Right hand joints set: [0.0000, -0.0041, 0.0000, 0.0000, 0.0000, 0.0000, 0.0000]
[ZMQEndpointInterface] Received ZMQ message - topic: 'pose', protocol_version: 4, num_fields: 4, total_size: 4 buffers
[ZMQEndpointInterface] *** Starting ZMQ processing ***
[ZMQEndpointInterface] Protocol version: 4
[ZMQEndpointInterface] Protocol v4: Received 64D token (latent action), tokens[0]=0.0318, frame_index: 387
[ZMQEndpointInterface] Protocol v4: Left hand joints set: [0.0000, 0.0000, 0.0082, -0.0098, 0.0000, 0.0000, 0.0000]
[ZMQEndpointInterface] Protocol v4: Right hand joints set: [0.0000, -0.0014, -0.0027, 0.0000, 0.0000, 0.0000, 0.0000]
[ZMQEndpointInterface] Received ZMQ message - topic: 'pose', protocol_version: 4, num_fields: 4, total_size: 4 buffers
[ZMQEndpointInterface] *** Starting ZMQ processing ***
[ZMQEndpointInterface] Protocol version: 4
[ZMQEndpointInterface] Protocol v4: Received 64D token (latent action), tokens[0]=0.0297, frame_index: 388
[ZMQEndpointInterface] Protocol v4: Left hand joints set: [0.0000, 0.0000, 0.0000, -0.0078, -0.0029, 0.0000, -0.0117]
[ZMQEndpointInterface] Protocol v4: Right hand joints set: [0.0000, 0.0000, -0.0055, 0.0000, 0.0000, 0.0000, 0.0000]
[ZMQEndpointInterface] Received ZMQ message - topic: 'pose', protocol_version: 4, num_fields: 4, total_size: 4 buffers
[ZMQEndpointInterface] *** Starting ZMQ processing ***
[ZMQEndpointInterface] Protocol version: 4
[ZMQEndpointInterface] Protocol v4: Received 64D token (latent action), tokens[0]=0.0322, frame_index: 389
[ZMQEndpointInterface] Protocol v4: Left hand joints set: [0.0000, 0.0027, 0.0014, -0.0117, -0.0176, 0.0000, -0.0117]
[ZMQEndpointInterface] Protocol v4: Right hand joints set: [0.0000, 0.0000, -0.0041, 0.0000, 0.0000, 0.0000, 0.0000]
[ZMQEndpointInterface] Received ZMQ message - topic: 'pose', protocol_version: 4, num_fields: 4, total_size: 4 buffers
[ZMQEndpointInterface] *** Starting ZMQ processing ***
[ZMQEndpointInterface] Protocol version: 4
[ZMQEndpointInterface] Protocol v4: Received 64D token (latent action), tokens[0]=0.0258, frame_index: 390
[ZMQEndpointInterface] Protocol v4: Left hand joints set: [0.0000, 0.0000, 0.0055, -0.0117, -0.0176, 0.0000, -0.0117]
[ZMQEndpointInterface] Protocol v4: Right hand joints set: [0.0000, -0.0014, 0.0000, 0.0000, 0.0000, 0.0000, 0.0000]
[ZMQEndpointInterface] Received ZMQ message - topic: 'pose', protocol_version: 4, num_fields: 4, total_size: 4 buffers
[ZMQEndpointInterface] *** Starting ZMQ processing ***
[ZMQEndpointInterface] Protocol version: 4
[ZMQEndpointInterface] Protocol v4: Received 64D token (latent action), tokens[0]=0.0297, frame_index: 391
[ZMQEndpointInterface] Protocol v4: Left hand joints set: [0.0000, 0.0000, 0.0000, -0.0098, -0.0088, 0.0000, -0.0088]
[ZMQEndpointInterface] Protocol v4: Right hand joints set: [0.0000, 0.0000, 0.0000, 0.0000, 0.0000, 0.0000, 0.0000]
[ZMQEndpointInterface] Received ZMQ message - topic: 'pose', protocol_version: 4, num_fields: 4, total_size: 4 buffers
[ZMQEndpointInterface] *** Starting ZMQ processing ***
[ZMQEndpointInterface] Protocol version: 4
[ZMQEndpointInterface] Protocol v4: Received 64D token (latent action), tokens[0]=0.0297, frame_index: 392
[ZMQEndpointInterface] Protocol v4: Left hand joints set: [0.0000, 0.0000, 0.0068, -0.0078, -0.0088, 0.0000, -0.0146]
[ZMQEndpointInterface] Protocol v4: Right hand joints set: [0.0000, 0.0000, -0.0014, 0.0000, 0.0000, 0.0000, 0.0000]
[ZMQEndpointInterface] Received ZMQ message - topic: 'pose', protocol_version: 4, num_fields: 4, total_size: 4 buffers
[ZMQEndpointInterface] *** Starting ZMQ processing ***
[ZMQEndpointInterface] Protocol version: 4
[ZMQEndpointInterface] Protocol v4: Received 64D token (latent action), tokens[0]=0.0241, frame_index: 393
[ZMQEndpointInterface] Protocol v4: Left hand joints set: [0.0000, 0.0000, 0.0000, -0.0156, -0.0117, 0.0000, -0.0176]
[ZMQEndpointInterface] Protocol v4: Right hand joints set: [0.0000, 0.0000, -0.0027, 0.0020, 0.0000, 0.0000, 0.0000]
[ZMQEndpointInterface] Received ZMQ message - topic: 'pose', protocol_version: 4, num_fields: 4, total_size: 4 buffers
[ZMQEndpointInterface] *** Starting ZMQ processing ***
[ZMQEndpointInterface] Protocol version: 4
[ZMQEndpointInterface] Protocol v4: Received 64D token (latent action), tokens[0]=0.0237, frame_index: 394
[ZMQEndpointInterface] Protocol v4: Left hand joints set: [0.0000, 0.0000, 0.0055, -0.0117, -0.0088, 0.0000, 0.0000]
[ZMQEndpointInterface] Protocol v4: Right hand joints set: [0.0000, 0.0000, 0.0000, 0.0000, 0.0029, 0.0000, 0.0000]
[ZMQEndpointInterface] Received ZMQ message - topic: 'pose', protocol_version: 4, num_fields: 4, total_size: 4 buffers
[ZMQEndpointInterface] *** Starting ZMQ processing ***
[ZMQEndpointInterface] Protocol version: 4
[ZMQEndpointInterface] Protocol v4: Received 64D token (latent action), tokens[0]=0.0280, frame_index: 395
[ZMQEndpointInterface] Protocol v4: Left hand joints set: [0.0000, 0.0027, 0.0055, -0.0117, -0.0117, 0.0000, -0.0088]
[ZMQEndpointInterface] Protocol v4: Right hand joints set: [0.0000, -0.0027, 0.0000, 0.0000, 0.0000, 0.0000, 0.0000]
[ZMQEndpointInterface] Received ZMQ message - topic: 'pose', protocol_version: 4, num_fields: 4, total_size: 4 buffers
[ZMQEndpointInterface] *** Starting ZMQ processing ***
[ZMQEndpointInterface] Protocol version: 4
[ZMQEndpointInterface] Protocol v4: Received 64D token (latent action), tokens[0]=0.0284, frame_index: 396
[ZMQEndpointInterface] Protocol v4: Left hand joints set: [0.0000, 0.0000, 0.0014, -0.0117, -0.0029, 0.0000, 0.0000]
[ZMQEndpointInterface] Protocol v4: Right hand joints set: [0.0000, 0.0000, 0.0000, 0.0000, 0.0000, 0.0000, 0.0000]
[ZMQEndpointInterface] Received ZMQ message - topic: 'pose', protocol_version: 4, num_fields: 4, total_size: 4 buffers
[ZMQEndpointInterface] *** Starting ZMQ processing ***
[ZMQEndpointInterface] Protocol version: 4
[ZMQEndpointInterface] Protocol v4: Received 64D token (latent action), tokens[0]=0.0224, frame_index: 397
[ZMQEndpointInterface] Protocol v4: Left hand joints set: [0.0000, 0.0055, 0.0055, -0.0098, -0.0029, -0.0039, -0.0059]
[ZMQEndpointInterface] Protocol v4: Right hand joints set: [0.0000, 0.0000, 0.0000, 0.0000, 0.0000, 0.0000, 0.0000]
[ZMQEndpointInterface] Received ZMQ message - topic: 'pose', protocol_version: 4, num_fields: 4, total_size: 4 buffers
[ZMQEndpointInterface] *** Starting ZMQ processing ***
[ZMQEndpointInterface] Protocol version: 4
[ZMQEndpointInterface] Protocol v4: Received 64D token (latent action), tokens[0]=0.0228, frame_index: 398
[ZMQEndpointInterface] Protocol v4: Left hand joints set: [0.0000, 0.0027, 0.0055, -0.0059, 0.0000, 0.0000, -0.0029]
[ZMQEndpointInterface] Protocol v4: Right hand joints set: [0.0000, -0.0014, 0.0000, 0.0000, 0.0000, 0.0000, 0.0000]
[ZMQEndpointInterface] Received ZMQ message - topic: 'pose', protocol_version: 4, num_fields: 4, total_size: 4 buffers
[ZMQEndpointInterface] *** Starting ZMQ processing ***
[ZMQEndpointInterface] Protocol version: 4
[ZMQEndpointInterface] Protocol v4: Received 64D token (latent action), tokens[0]=0.0241, frame_index: 399
[ZMQEndpointInterface] Protocol v4: Left hand joints set: [0.0000, 0.0055, 0.0068, -0.0098, -0.0029, 0.0000, -0.0146]
[ZMQEndpointInterface] Protocol v4: Right hand joints set: [0.0000, 0.0000, 0.0000, 0.0000, 0.0000, 0.0000, 0.0000]
[Token Flow] Copied external tokens, tokens[0]=0.0241
[ZMQEndpointInterface] Received ZMQ message - topic: 'pose', protocol_version: 4, num_fields: 4, total_size: 4 buffers
[ZMQEndpointInterface] *** Starting ZMQ processing ***
[ZMQEndpointInterface] Protocol version: 4
[ZMQEndpointInterface] Protocol v4: Received 64D token (latent action), tokens[0]=0.0250, frame_index: 400
[ZMQEndpointInterface] Protocol v4: Left hand joints set: [0.0000, 0.0096, 0.0000, -0.0117, -0.0088, 0.0000, -0.0029]
[ZMQEndpointInterface] Protocol v4: Right hand joints set: [0.0000, 0.0000, 0.0000, 0.0000, 0.0000, 0.0000, 0.0000]
[ZMQEndpointInterface] Received ZMQ message - topic: 'pose', protocol_version: 4, num_fields: 4, total_size: 4 buffers
[ZMQEndpointInterface] *** Starting ZMQ processing ***
[ZMQEndpointInterface] Protocol version: 4
[ZMQEndpointInterface] Protocol v4: Received 64D token (latent action), tokens[0]=0.0211, frame_index: 401
[ZMQEndpointInterface] Protocol v4: Left hand joints set: [0.0000, 0.0041, 0.0000, -0.0117, 0.0000, 0.0000, 0.0000]
[ZMQEndpointInterface] Protocol v4: Right hand joints set: [0.0000, 0.0000, 0.0000, 0.0000, 0.0000, 0.0000, 0.0000]
[ZMQEndpointInterface] Received ZMQ message - topic: 'pose', protocol_version: 4, num_fields: 4, total_size: 4 buffers
[ZMQEndpointInterface] *** Starting ZMQ processing ***
[ZMQEndpointInterface] Protocol version: 4
[ZMQEndpointInterface] Protocol v4: Received 64D token (latent action), tokens[0]=0.0258, frame_index: 402
[ZMQEndpointInterface] Protocol v4: Left hand joints set: [0.0000, 0.0041, 0.0082, -0.0059, -0.0059, -0.0020, -0.0146]
[ZMQEndpointInterface] Protocol v4: Right hand joints set: [0.0000, -0.0055, -0.0027, 0.0078, 0.0000, 0.0000, 0.0000]
[ZMQEndpointInterface] Received ZMQ message - topic: 'pose', protocol_version: 4, num_fields: 4, total_size: 4 buffers
[ZMQEndpointInterface] *** Starting ZMQ processing ***
[ZMQEndpointInterface] Protocol version: 4
[ZMQEndpointInterface] Protocol v4: Received 64D token (latent action), tokens[0]=0.0237, frame_index: 403
[ZMQEndpointInterface] Protocol v4: Left hand joints set: [0.0000, 0.0068, 0.0000, -0.0137, -0.0117, 0.0000, 0.0000]
[ZMQEndpointInterface] Protocol v4: Right hand joints set: [0.0000, 0.0000, 0.0000, 0.0059, 0.0000, 0.0000, 0.0000]
[ZMQEndpointInterface] Received ZMQ message - topic: 'pose', protocol_version: 4, num_fields: 4, total_size: 4 buffers
[ZMQEndpointInterface] *** Starting ZMQ processing ***
[ZMQEndpointInterface] Protocol version: 4
[ZMQEndpointInterface] Protocol v4: Received 64D token (latent action), tokens[0]=0.0245, frame_index: 404
[ZMQEndpointInterface] Protocol v4: Left hand joints set: [0.0000, 0.0055, 0.0027, -0.0039, -0.0059, 0.0000, -0.0117]
[ZMQEndpointInterface] Protocol v4: Right hand joints set: [0.0000, 0.0000, 0.0000, 0.0000, 0.0000, 0.0000, 0.0000]
[ZMQEndpointInterface] Received ZMQ message - topic: 'pose', protocol_version: 4, num_fields: 4, total_size: 4 buffers
[ZMQEndpointInterface] *** Starting ZMQ processing ***
[ZMQEndpointInterface] Protocol version: 4
[ZMQEndpointInterface] Protocol v4: Received 64D token (latent action), tokens[0]=0.0233, frame_index: 405
[ZMQEndpointInterface] Protocol v4: Left hand joints set: [0.0000, 0.0027, 0.0027, -0.0117, -0.0029, -0.0020, -0.0117]
[ZMQEndpointInterface] Protocol v4: Right hand joints set: [0.0000, 0.0000, 0.0000, 0.0000, 0.0000, 0.0000, 0.0000]
[ZMQEndpointInterface] Received ZMQ message - topic: 'pose', protocol_version: 4, num_fields: 4, total_size: 4 buffers
[ZMQEndpointInterface] *** Starting ZMQ processing ***
[ZMQEndpointInterface] Protocol version: 4
[ZMQEndpointInterface] Protocol v4: Received 64D token (latent action), tokens[0]=0.0267, frame_index: 406
[ZMQEndpointInterface] Protocol v4: Left hand joints set: [0.0000, 0.0027, 0.0000, -0.0117, -0.0059, 0.0000, 0.0000]
[ZMQEndpointInterface] Protocol v4: Right hand joints set: [0.0000, 0.0000, 0.0000, 0.0000, 0.0000, 0.0000, 0.0000]
[ZMQEndpointInterface] Received ZMQ message - topic: 'pose', protocol_version: 4, num_fields: 4, total_size: 4 buffers
[ZMQEndpointInterface] *** Starting ZMQ processing ***
[ZMQEndpointInterface] Protocol version: 4
[ZMQEndpointInterface] Protocol v4: Received 64D token (latent action), tokens[0]=0.0245, frame_index: 407
[ZMQEndpointInterface] Protocol v4: Left hand joints set: [0.0000, 0.0055, 0.0055, -0.0156, -0.0176, 0.0000, -0.0117]
[ZMQEndpointInterface] Protocol v4: Right hand joints set: [0.0000, -0.0014, 0.0000, 0.0000, 0.0000, 0.0000, 0.0000]
[ZMQEndpointInterface] Received ZMQ message - topic: 'pose', protocol_version: 4, num_fields: 4, total_size: 4 buffers
[ZMQEndpointInterface] *** Starting ZMQ processing ***
[ZMQEndpointInterface] Protocol version: 4
[ZMQEndpointInterface] Protocol v4: Received 64D token (latent action), tokens[0]=0.0233, frame_index: 408
[ZMQEndpointInterface] Protocol v4: Left hand joints set: [0.0000, 0.0082, 0.0014, -0.0176, 0.0000, 0.0000, -0.0059]
[ZMQEndpointInterface] Protocol v4: Right hand joints set: [0.0000, -0.0027, 0.0000, 0.0000, 0.0000, 0.0000, 0.0000]
[ZMQEndpointInterface] Received ZMQ message - topic: 'pose', protocol_version: 4, num_fields: 4, total_size: 4 buffers
[ZMQEndpointInterface] *** Starting ZMQ processing ***
[ZMQEndpointInterface] Protocol version: 4
[ZMQEndpointInterface] Protocol v4: Received 64D token (latent action), tokens[0]=0.0245, frame_index: 409
[ZMQEndpointInterface] Protocol v4: Left hand joints set: [0.0000, 0.0027, 0.0027, -0.0078, -0.0088, 0.0000, -0.0029]
[ZMQEndpointInterface] Protocol v4: Right hand joints set: [0.0000, 0.0000, 0.0000, 0.0098, 0.0000, 0.0000, 0.0000]
[ZMQEndpointInterface] Received ZMQ message - topic: 'pose', protocol_version: 4, num_fields: 4, total_size: 4 buffers
[ZMQEndpointInterface] *** Starting ZMQ processing ***
[ZMQEndpointInterface] Protocol version: 4
[ZMQEndpointInterface] Protocol v4: Received 64D token (latent action), tokens[0]=0.0233, frame_index: 410
[ZMQEndpointInterface] Protocol v4: Left hand joints set: [0.0000, 0.0055, 0.0000, -0.0117, -0.0059, -0.0020, -0.0029]
[ZMQEndpointInterface] Protocol v4: Right hand joints set: [0.0000, 0.0000, -0.0014, 0.0020, 0.0000, 0.0000, 0.0000]
[ZMQEndpointInterface] Received ZMQ message - topic: 'pose', protocol_version: 4, num_fields: 4, total_size: 4 buffers
[ZMQEndpointInterface] *** Starting ZMQ processing ***
[ZMQEndpointInterface] Protocol version: 4
[ZMQEndpointInterface] Protocol v4: Received 64D token (latent action), tokens[0]=0.0220, frame_index: 411
[ZMQEndpointInterface] Protocol v4: Left hand joints set: [0.0000, 0.0082, 0.0041, -0.0098, -0.0059, 0.0000, -0.0059]
[ZMQEndpointInterface] Protocol v4: Right hand joints set: [0.0000, -0.0014, 0.0000, 0.0000, 0.0000, 0.0000, 0.0000]
[ZMQEndpointInterface] Received ZMQ message - topic: 'pose', protocol_version: 4, num_fields: 4, total_size: 4 buffers
[ZMQEndpointInterface] *** Starting ZMQ processing ***
[ZMQEndpointInterface] Protocol version: 4
[ZMQEndpointInterface] Protocol v4: Received 64D token (latent action), tokens[0]=0.0224, frame_index: 412
[ZMQEndpointInterface] Protocol v4: Left hand joints set: [0.0000, 0.0055, 0.0027, -0.0098, -0.0059, 0.0000, -0.0117]
[ZMQEndpointInterface] Protocol v4: Right hand joints set: [0.0000, -0.0055, 0.0000, 0.0059, 0.0000, 0.0000, 0.0000]
[ZMQEndpointInterface] Received ZMQ message - topic: 'pose', protocol_version: 4, num_fields: 4, total_size: 4 buffers
[ZMQEndpointInterface] *** Starting ZMQ processing ***
[ZMQEndpointInterface] Protocol version: 4
[ZMQEndpointInterface] Protocol v4: Received 64D token (latent action), tokens[0]=0.0207, frame_index: 413
[ZMQEndpointInterface] Protocol v4: Left hand joints set: [0.0000, 0.0068, 0.0027, -0.0039, -0.0059, 0.0000, -0.0059]
[ZMQEndpointInterface] Protocol v4: Right hand joints set: [0.0000, -0.0041, -0.0027, 0.0000, 0.0000, 0.0000, 0.0000]
[ZMQEndpointInterface] Received ZMQ message - topic: 'pose', protocol_version: 4, num_fields: 4, total_size: 4 buffers
[ZMQEndpointInterface] *** Starting ZMQ processing ***
[ZMQEndpointInterface] Protocol version: 4
[ZMQEndpointInterface] Protocol v4: Received 64D token (latent action), tokens[0]=0.0237, frame_index: 414
[ZMQEndpointInterface] Protocol v4: Left hand joints set: [0.0000, 0.0000, 0.0000, -0.0039, 0.0000, 0.0000, 0.0000]
[ZMQEndpointInterface] Protocol v4: Right hand joints set: [0.0000, -0.0082, 0.0000, 0.0000, 0.0000, 0.0000, 0.0000]
Loop timing - LowState age: 1.3810ms, Streaming data mean delay: 8.6731ms, Streaming data std delay: 5.2513ms, IMU age: 1.3690ms, Obs: 54us, Policy: 604us, Obs 2 Motor Command: 658us, Post processing: 27us | HandCloseRatio: 1.0000
[ZMQEndpointInterface] Received ZMQ message - topic: 'pose', protocol_version: 4, num_fields: 4, total_size: 4 buffers
[ZMQEndpointInterface] *** Starting ZMQ processing ***
[ZMQEndpointInterface] Protocol version: 4
[ZMQEndpointInterface] Protocol v4: Received 64D token (latent action), tokens[0]=0.0271, frame_index: 415
[ZMQEndpointInterface] Protocol v4: Left hand joints set: [0.0000, 0.0000, 0.0014, 0.0000, 0.0000, 0.0000, 0.0000]
[ZMQEndpointInterface] Protocol v4: Right hand joints set: [0.0000, -0.0055, 0.0000, 0.0000, 0.0000, 0.0000, 0.0000]
[ZMQEndpointInterface] Received ZMQ message - topic: 'pose', protocol_version: 4, num_fields: 4, total_size: 4 buffers
[ZMQEndpointInterface] *** Starting ZMQ processing ***
[ZMQEndpointInterface] Protocol version: 4
[ZMQEndpointInterface] Protocol v4: Received 64D token (latent action), tokens[0]=0.0233, frame_index: 416
[ZMQEndpointInterface] Protocol v4: Left hand joints set: [0.0000, 0.0000, 0.0000, 0.0000, 0.0000, 0.0000, -0.0117]
[ZMQEndpointInterface] Protocol v4: Right hand joints set: [0.0000, -0.0055, 0.0000, 0.0000, 0.0000, 0.0000, 0.0000]
[ZMQEndpointInterface] Received ZMQ message - topic: 'pose', protocol_version: 4, num_fields: 4, total_size: 4 buffers
[ZMQEndpointInterface] *** Starting ZMQ processing ***
[ZMQEndpointInterface] Protocol version: 4
[ZMQEndpointInterface] Protocol v4: Received 64D token (latent action), tokens[0]=0.0215, frame_index: 417
[ZMQEndpointInterface] Protocol v4: Left hand joints set: [0.0000, 0.0000, 0.0027, 0.0000, -0.0117, 0.0000, -0.0059]
[ZMQEndpointInterface] Protocol v4: Right hand joints set: [0.0000, -0.0109, 0.0000, 0.0000, 0.0000, 0.0000, 0.0000]
[ZMQEndpointInterface] Received ZMQ message - topic: 'pose', protocol_version: 4, num_fields: 4, total_size: 4 buffers
[ZMQEndpointInterface] *** Starting ZMQ processing ***
[ZMQEndpointInterface] Protocol version: 4
[ZMQEndpointInterface] Protocol v4: Received 64D token (latent action), tokens[0]=0.0262, frame_index: 418
[ZMQEndpointInterface] Protocol v4: Left hand joints set: [0.0000, 0.0041, 0.0000, -0.0078, -0.0029, 0.0000, -0.0059]
[ZMQEndpointInterface] Protocol v4: Right hand joints set: [0.0000, -0.0027, 0.0000, 0.0020, 0.0029, 0.0039, 0.0000]
[ZMQEndpointInterface] Received ZMQ message - topic: 'pose', protocol_version: 4, num_fields: 4, total_size: 4 buffers
[ZMQEndpointInterface] *** Starting ZMQ processing ***
[ZMQEndpointInterface] Protocol version: 4
[ZMQEndpointInterface] Protocol v4: Received 64D token (latent action), tokens[0]=0.0322, frame_index: 419
[ZMQEndpointInterface] Protocol v4: Left hand joints set: [0.0000, 0.0041, 0.0000, -0.0059, 0.0000, 0.0000, -0.0088]
[ZMQEndpointInterface] Protocol v4: Right hand joints set: [0.0000, 0.0000, 0.0000, 0.0000, 0.0000, 0.0000, 0.0000]
[ZMQEndpointInterface] Received ZMQ message - topic: 'pose', protocol_version: 4, num_fields: 4, total_size: 4 buffers
[ZMQEndpointInterface] *** Starting ZMQ processing ***
[ZMQEndpointInterface] Protocol version: 4
[ZMQEndpointInterface] Protocol v4: Received 64D token (latent action), tokens[0]=0.0331, frame_index: 420
[ZMQEndpointInterface] Protocol v4: Left hand joints set: [0.0000, 0.0000, 0.0027, 0.0000, 0.0000, 0.0000, 0.0000]
[ZMQEndpointInterface] Protocol v4: Right hand joints set: [0.0000, -0.0014, 0.0000, 0.0000, 0.0000, 0.0020, 0.0000]
[ZMQEndpointInterface] Received ZMQ message - topic: 'pose', protocol_version: 4, num_fields: 4, total_size: 4 buffers
[ZMQEndpointInterface] *** Starting ZMQ processing ***
[ZMQEndpointInterface] Protocol version: 4
[ZMQEndpointInterface] Protocol v4: Received 64D token (latent action), tokens[0]=0.0361, frame_index: 421
[ZMQEndpointInterface] Protocol v4: Left hand joints set: [0.0000, 0.0027, 0.0055, -0.0039, 0.0000, 0.0000, 0.0000]
[ZMQEndpointInterface] Protocol v4: Right hand joints set: [0.0000, -0.0082, 0.0000, 0.0000, 0.0000, 0.0000, 0.0000]
[ZMQEndpointInterface] Received ZMQ message - topic: 'pose', protocol_version: 4, num_fields: 4, total_size: 4 buffers
[ZMQEndpointInterface] *** Starting ZMQ processing ***
[ZMQEndpointInterface] Protocol version: 4
[ZMQEndpointInterface] Protocol v4: Received 64D token (latent action), tokens[0]=0.0395, frame_index: 422
[ZMQEndpointInterface] Protocol v4: Left hand joints set: [0.0000, 0.0055, 0.0000, -0.0059, 0.0000, 0.0000, 0.0000]
[ZMQEndpointInterface] Protocol v4: Right hand joints set: [0.0000, -0.0082, -0.0027, 0.0000, 0.0000, 0.0000, 0.0000]
[ZMQEndpointInterface] Received ZMQ message - topic: 'pose', protocol_version: 4, num_fields: 4, total_size: 4 buffers
[ZMQEndpointInterface] *** Starting ZMQ processing ***
[ZMQEndpointInterface] Protocol version: 4
[ZMQEndpointInterface] Protocol v4: Received 64D token (latent action), tokens[0]=0.0412, frame_index: 423
[ZMQEndpointInterface] Protocol v4: Left hand joints set: [0.0000, 0.0014, 0.0014, 0.0000, 0.0000, 0.0000, -0.0029]
[ZMQEndpointInterface] Protocol v4: Right hand joints set: [0.0000, -0.0014, 0.0000, 0.0000, 0.0000, 0.0078, 0.0000]
[ZMQEndpointInterface] Received ZMQ message - topic: 'pose', protocol_version: 4, num_fields: 4, total_size: 4 buffers
[ZMQEndpointInterface] *** Starting ZMQ processing ***
[ZMQEndpointInterface] Protocol version: 4
[ZMQEndpointInterface] Protocol v4: Received 64D token (latent action), tokens[0]=0.0450, frame_index: 424
[ZMQEndpointInterface] Protocol v4: Left hand joints set: [0.0000, 0.0055, 0.0109, -0.0078, -0.0176, -0.0039, -0.0146]
[ZMQEndpointInterface] Protocol v4: Right hand joints set: [0.0000, -0.0014, 0.0000, 0.0039, 0.0059, 0.0000, 0.0000]
[ZMQEndpointInterface] Received ZMQ message - topic: 'pose', protocol_version: 4, num_fields: 4, total_size: 4 buffers
[ZMQEndpointInterface] *** Starting ZMQ processing ***
[ZMQEndpointInterface] Protocol version: 4
[ZMQEndpointInterface] Protocol v4: Received 64D token (latent action), tokens[0]=0.0485, frame_index: 425
[ZMQEndpointInterface] Protocol v4: Left hand joints set: [0.0000, 0.0027, 0.0000, 0.0000, 0.0000, 0.0000, 0.0000]
[ZMQEndpointInterface] Protocol v4: Right hand joints set: [0.0000, -0.0014, 0.0000, 0.0000, 0.0000, 0.0000, 0.0000]
[ZMQEndpointInterface] Received ZMQ message - topic: 'pose', protocol_version: 4, num_fields: 4, total_size: 4 buffers
[ZMQEndpointInterface] *** Starting ZMQ processing ***
[ZMQEndpointInterface] Protocol version: 4
[ZMQEndpointInterface] Protocol v4: Received 64D token (latent action), tokens[0]=0.0497, frame_index: 426
[ZMQEndpointInterface] Protocol v4: Left hand joints set: [0.0000, 0.0000, 0.0000, -0.0020, -0.0029, 0.0000, -0.0059]
[ZMQEndpointInterface] Protocol v4: Right hand joints set: [0.0000, -0.0041, 0.0000, 0.0039, 0.0000, 0.0000, 0.0000]
[ZMQEndpointInterface] Received ZMQ message - topic: 'pose', protocol_version: 4, num_fields: 4, total_size: 4 buffers
[ZMQEndpointInterface] *** Starting ZMQ processing ***
[ZMQEndpointInterface] Protocol version: 4
[ZMQEndpointInterface] Protocol v4: Received 64D token (latent action), tokens[0]=0.0497, frame_index: 427
[ZMQEndpointInterface] Protocol v4: Left hand joints set: [0.0000, 0.0027, 0.0014, 0.0000, -0.0117, 0.0000, -0.0088]
[ZMQEndpointInterface] Protocol v4: Right hand joints set: [0.0000, -0.0014, 0.0000, 0.0000, 0.0000, 0.0020, 0.0000]
[ZMQEndpointInterface] Received ZMQ message - topic: 'pose', protocol_version: 4, num_fields: 4, total_size: 4 buffers
[ZMQEndpointInterface] *** Starting ZMQ processing ***
[ZMQEndpointInterface] Protocol version: 4
[ZMQEndpointInterface] Protocol v4: Received 64D token (latent action), tokens[0]=0.0502, frame_index: 428
[ZMQEndpointInterface] Protocol v4: Left hand joints set: [0.0000, 0.0000, 0.0000, 0.0000, 0.0000, 0.0000, 0.0000]
[ZMQEndpointInterface] Protocol v4: Right hand joints set: [0.0000, 0.0000, 0.0000, 0.0000, 0.0000, 0.0000, 0.0000]
[ZMQEndpointInterface] Received ZMQ message - topic: 'pose', protocol_version: 4, num_fields: 4, total_size: 4 buffers
[ZMQEndpointInterface] *** Starting ZMQ processing ***
[ZMQEndpointInterface] Protocol version: 4
[ZMQEndpointInterface] Protocol v4: Received 64D token (latent action), tokens[0]=0.0493, frame_index: 429
[ZMQEndpointInterface] Protocol v4: Left hand joints set: [0.0000, 0.0000, 0.0014, 0.0000, -0.0059, 0.0000, -0.0059]
[ZMQEndpointInterface] Protocol v4: Right hand joints set: [0.0000, -0.0027, 0.0000, 0.0000, 0.0000, 0.0000, 0.0000]
[ZMQEndpointInterface] Received ZMQ message - topic: 'pose', protocol_version: 4, num_fields: 4, total_size: 4 buffers
[ZMQEndpointInterface] *** Starting ZMQ processing ***
[ZMQEndpointInterface] Protocol version: 4
[ZMQEndpointInterface] Protocol v4: Received 64D token (latent action), tokens[0]=0.0463, frame_index: 430
[ZMQEndpointInterface] Protocol v4: Left hand joints set: [0.0000, 0.0000, 0.0000, 0.0000, 0.0000, 0.0000, 0.0000]
[ZMQEndpointInterface] Protocol v4: Right hand joints set: [0.0000, -0.0027, 0.0000, 0.0000, 0.0000, 0.0000, 0.0000]
[ZMQEndpointInterface] Received ZMQ message - topic: 'pose', protocol_version: 4, num_fields: 4, total_size: 4 buffers
[ZMQEndpointInterface] *** Starting ZMQ processing ***
[ZMQEndpointInterface] Protocol version: 4
[ZMQEndpointInterface] Protocol v4: Received 64D token (latent action), tokens[0]=0.0480, frame_index: 431
[ZMQEndpointInterface] Protocol v4: Left hand joints set: [0.0000, 0.0068, 0.0027, -0.0020, -0.0029, 0.0000, -0.0059]
[ZMQEndpointInterface] Protocol v4: Right hand joints set: [0.0000, -0.0055, 0.0000, 0.0000, 0.0000, 0.0000, 0.0000]
[ZMQEndpointInterface] Received ZMQ message - topic: 'pose', protocol_version: 4, num_fields: 4, total_size: 4 buffers
[ZMQEndpointInterface] *** Starting ZMQ processing ***
[ZMQEndpointInterface] Protocol version: 4
[ZMQEndpointInterface] Protocol v4: Received 64D token (latent action), tokens[0]=0.0476, frame_index: 432
[ZMQEndpointInterface] Protocol v4: Left hand joints set: [0.0000, 0.0000, 0.0000, 0.0000, 0.0000, 0.0000, 0.0000]
[ZMQEndpointInterface] Protocol v4: Right hand joints set: [0.0000, 0.0000, -0.0027, 0.0020, 0.0029, 0.0098, 0.0000]
[ZMQEndpointInterface] Received ZMQ message - topic: 'pose', protocol_version: 4, num_fields: 4, total_size: 4 buffers
[ZMQEndpointInterface] *** Starting ZMQ processing ***
[ZMQEndpointInterface] Protocol version: 4
[ZMQEndpointInterface] Protocol v4: Received 64D token (latent action), tokens[0]=0.0442, frame_index: 433
[ZMQEndpointInterface] Protocol v4: Left hand joints set: [0.0000, 0.0027, 0.0000, 0.0000, 0.0000, 0.0000, -0.0059]
[ZMQEndpointInterface] Protocol v4: Right hand joints set: [0.0000, -0.0027, 0.0000, 0.0000, 0.0000, 0.0020, 0.0000]
Temporary motion completed.
Reset to frame 0.
[ZMQEndpointInterface] Received ZMQ message - topic: 'pose', protocol_version: 4, num_fields: 4, total_size: 4 buffers
[ZMQEndpointInterface] *** Starting ZMQ processing ***
[ZMQEndpointInterface] Protocol version: 4
[ZMQEndpointInterface] Protocol v4: Received 64D token (latent action), tokens[0]=0.0382, frame_index: 434
[ZMQEndpointInterface] Protocol v4: Left hand joints set: [0.0000, 0.0041, 0.0027, 0.0000, 0.0000, 0.0000, -0.0088]
[ZMQEndpointInterface] Protocol v4: Right hand joints set: [0.0000, -0.0027, 0.0000, 0.0000, 0.0000, 0.0000, 0.0000]
Reset heading state to 0.9979, -0.0010, -0.0460, -0.0461
Reset delta heading to 0
Reset init reference data root rotation to current frame: 0.9997, -0.0016, -0.0223, -0.0045
**********************************************************
Reference motion name: temporary_motion
**********************************************************
[ZMQEndpointInterface] Received ZMQ message - topic: 'pose', protocol_version: 4, num_fields: 4, total_size: 4 buffers
[ZMQEndpointInterface] *** Starting ZMQ processing ***
[ZMQEndpointInterface] Protocol version: 4
[ZMQEndpointInterface] Protocol v4: Received 64D token (latent action), tokens[0]=0.0391, frame_index: 435
[ZMQEndpointInterface] Protocol v4: Left hand joints set: [0.0000, 0.0027, 0.0055, -0.0020, 0.0000, 0.0000, -0.0117]
[ZMQEndpointInterface] Protocol v4: Right hand joints set: [0.0000, -0.0027, 0.0000, 0.0000, 0.0000, 0.0000, 0.0000]
[ZMQEndpointInterface] Received ZMQ message - topic: 'pose', protocol_version: 4, num_fields: 4, total_size: 4 buffers
[ZMQEndpointInterface] *** Starting ZMQ processing ***
[ZMQEndpointInterface] Protocol version: 4
[ZMQEndpointInterface] Protocol v4: Received 64D token (latent action), tokens[0]=0.0365, frame_index: 436
[ZMQEndpointInterface] Protocol v4: Left hand joints set: [0.0000, 0.0055, 0.0027, 0.0000, 0.0000, 0.0000, -0.0029]
[ZMQEndpointInterface] Protocol v4: Right hand joints set: [0.0000, -0.0027, 0.0000, 0.0020, 0.0000, 0.0000, 0.0000]
[ZMQEndpointInterface] Received ZMQ message - topic: 'pose', protocol_version: 4, num_fields: 4, total_size: 4 buffers
[ZMQEndpointInterface] *** Starting ZMQ processing ***
[ZMQEndpointInterface] Protocol version: 4
[ZMQEndpointInterface] Protocol v4: Received 64D token (latent action), tokens[0]=0.0352, frame_index: 437
[ZMQEndpointInterface] Protocol v4: Left hand joints set: [0.0000, 0.0055, 0.0014, -0.0039, 0.0000, 0.0000, -0.0059]
[ZMQEndpointInterface] Protocol v4: Right hand joints set: [0.0000, -0.0041, 0.0000, 0.0000, 0.0000, 0.0000, 0.0000]
[ZMQEndpointInterface] Received ZMQ message - topic: 'pose', protocol_version: 4, num_fields: 4, total_size: 4 buffers
[ZMQEndpointInterface] *** Starting ZMQ processing ***
[ZMQEndpointInterface] Protocol version: 4
[ZMQEndpointInterface] Protocol v4: Received 64D token (latent action), tokens[0]=0.0335, frame_index: 438
[ZMQEndpointInterface] Protocol v4: Left hand joints set: [0.0000, 0.0027, 0.0014, -0.0020, -0.0059, 0.0000, -0.0088]
[ZMQEndpointInterface] Protocol v4: Right hand joints set: [0.0000, -0.0027, 0.0000, 0.0000, 0.0000, 0.0000, 0.0000]
[ZMQEndpointInterface] Received ZMQ message - topic: 'pose', protocol_version: 4, num_fields: 4, total_size: 4 buffers
[ZMQEndpointInterface] *** Starting ZMQ processing ***
[ZMQEndpointInterface] Protocol version: 4
[ZMQEndpointInterface] Protocol v4: Received 64D token (latent action), tokens[0]=0.0292, frame_index: 439
[ZMQEndpointInterface] Protocol v4: Left hand joints set: [0.0000, 0.0027, 0.0027, 0.0000, 0.0000, 0.0000, -0.0088]
[ZMQEndpointInterface] Protocol v4: Right hand joints set: [0.0000, -0.0055, 0.0000, 0.0000, 0.0000, 0.0000, 0.0000]
[ZMQEndpointInterface] Received ZMQ message - topic: 'pose', protocol_version: 4, num_fields: 4, total_size: 4 buffers
[ZMQEndpointInterface] *** Starting ZMQ processing ***
[ZMQEndpointInterface] Protocol version: 4
[ZMQEndpointInterface] Protocol v4: Received 64D token (latent action), tokens[0]=0.0339, frame_index: 440
[ZMQEndpointInterface] Protocol v4: Left hand joints set: [0.0000, 0.0014, 0.0000, -0.0039, 0.0000, 0.0000, 0.0000]
[ZMQEndpointInterface] Protocol v4: Right hand joints set: [0.0000, -0.0055, 0.0000, 0.0000, 0.0000, 0.0039, 0.0000]
[ZMQEndpointInterface] Received ZMQ message - topic: 'pose', protocol_version: 4, num_fields: 4, total_size: 4 buffers
[ZMQEndpointInterface] *** Starting ZMQ processing ***
[ZMQEndpointInterface] Protocol version: 4
[ZMQEndpointInterface] Protocol v4: Received 64D token (latent action), tokens[0]=0.0134, frame_index: 441
[ZMQEndpointInterface] Protocol v4: Left hand joints set: [0.0000, 0.0000, 0.0000, -0.0059, 0.0000, 0.0000, -0.0059]
[ZMQEndpointInterface] Protocol v4: Right hand joints set: [0.0000, -0.0027, -0.0027, 0.0000, 0.0000, 0.0000, 0.0000]
[ZMQEndpointInterface] Received ZMQ message - topic: 'pose', protocol_version: 4, num_fields: 4, total_size: 4 buffers
[ZMQEndpointInterface] *** Starting ZMQ processing ***
[ZMQEndpointInterface] Protocol version: 4
[ZMQEndpointInterface] Protocol v4: Received 64D token (latent action), tokens[0]=0.0117, frame_index: 442
[ZMQEndpointInterface] Protocol v4: Left hand joints set: [0.0000, 0.0041, 0.0041, 0.0000, 0.0000, 0.0000, -0.0029]
[ZMQEndpointInterface] Protocol v4: Right hand joints set: [0.0000, -0.0027, 0.0000, 0.0000, 0.0059, 0.0000, 0.0000]
[ZMQEndpointInterface] Received ZMQ message - topic: 'pose', protocol_version: 4, num_fields: 4, total_size: 4 buffers
[ZMQEndpointInterface] *** Starting ZMQ processing ***
[ZMQEndpointInterface] Protocol version: 4
[ZMQEndpointInterface] Protocol v4: Received 64D token (latent action), tokens[0]=0.0092, frame_index: 443
[ZMQEndpointInterface] Protocol v4: Left hand joints set: [0.0000, 0.0055, 0.0082, 0.0000, 0.0000, 0.0000, 0.0000]
[ZMQEndpointInterface] Protocol v4: Right hand joints set: [0.0000, -0.0041, 0.0000, 0.0000, 0.0000, 0.0000, 0.0000]
[ZMQEndpointInterface] Received ZMQ message - topic: 'pose', protocol_version: 4, num_fields: 4, total_size: 4 buffers
[ZMQEndpointInterface] *** Starting ZMQ processing ***
[ZMQEndpointInterface] Protocol version: 4
[ZMQEndpointInterface] Protocol v4: Received 64D token (latent action), tokens[0]=0.0117, frame_index: 444
[ZMQEndpointInterface] Protocol v4: Left hand joints set: [0.0000, 0.0000, 0.0014, 0.0000, 0.0000, 0.0000, 0.0000]
[ZMQEndpointInterface] Protocol v4: Right hand joints set: [0.0000, -0.0055, 0.0000, 0.0000, 0.0000, 0.0000, 0.0000]
[ZMQEndpointInterface] Received ZMQ message - topic: 'pose', protocol_version: 4, num_fields: 4, total_size: 4 buffers
[ZMQEndpointInterface] *** Starting ZMQ processing ***
[ZMQEndpointInterface] Protocol version: 4
[ZMQEndpointInterface] Protocol v4: Received 64D token (latent action), tokens[0]=0.0121, frame_index: 445
[ZMQEndpointInterface] Protocol v4: Left hand joints set: [0.0000, 0.0000, 0.0055, 0.0000, 0.0000, 0.0000, 0.0000]
[ZMQEndpointInterface] Protocol v4: Right hand joints set: [0.0000, -0.0041, 0.0000, 0.0000, 0.0059, 0.0039, 0.0059]
[ZMQEndpointInterface] Received ZMQ message - topic: 'pose', protocol_version: 4, num_fields: 4, total_size: 4 buffers
[ZMQEndpointInterface] *** Starting ZMQ processing ***
[ZMQEndpointInterface] Protocol version: 4
[ZMQEndpointInterface] Protocol v4: Received 64D token (latent action), tokens[0]=0.0079, frame_index: 446
[ZMQEndpointInterface] Protocol v4: Left hand joints set: [0.0000, 0.0000, 0.0014, 0.0000, 0.0000, 0.0000, 0.0000]
[ZMQEndpointInterface] Protocol v4: Right hand joints set: [0.0000, -0.0082, -0.0014, 0.0000, 0.0029, 0.0039, 0.0000]
[ZMQEndpointInterface] Received ZMQ message - topic: 'pose', protocol_version: 4, num_fields: 4, total_size: 4 buffers
[ZMQEndpointInterface] *** Starting ZMQ processing ***
[ZMQEndpointInterface] Protocol version: 4
[ZMQEndpointInterface] Protocol v4: Received 64D token (latent action), tokens[0]=0.0100, frame_index: 447
[ZMQEndpointInterface] Protocol v4: Left hand joints set: [0.0000, 0.0027, 0.0000, 0.0000, 0.0000, 0.0000, 0.0000]
[ZMQEndpointInterface] Protocol v4: Right hand joints set: [0.0000, -0.0096, -0.0055, 0.0000, 0.0059, 0.0098, 0.0117]
[ZMQEndpointInterface] Received ZMQ message - topic: 'pose', protocol_version: 4, num_fields: 4, total_size: 4 buffers
[ZMQEndpointInterface] *** Starting ZMQ processing ***
[ZMQEndpointInterface] Protocol version: 4
[ZMQEndpointInterface] Protocol v4: Received 64D token (latent action), tokens[0]=0.0049, frame_index: 448
[ZMQEndpointInterface] Protocol v4: Left hand joints set: [0.0000, 0.0041, 0.0000, -0.0059, 0.0000, 0.0000, 0.0000]
[ZMQEndpointInterface] Protocol v4: Right hand joints set: [0.0000, -0.0082, -0.0014, 0.0039, 0.0000, 0.0039, 0.0029]
[Token Flow] Copied external tokens, tokens[0]=0.0049
[ZMQEndpointInterface] Received ZMQ message - topic: 'pose', protocol_version: 4, num_fields: 4, total_size: 4 buffers
[ZMQEndpointInterface] *** Starting ZMQ processing ***
[ZMQEndpointInterface] Protocol version: 4
[ZMQEndpointInterface] Protocol v4: Received 64D token (latent action), tokens[0]=0.0074, frame_index: 449
[ZMQEndpointInterface] Protocol v4: Left hand joints set: [0.0000, 0.0000, 0.0000, 0.0000, 0.0000, 0.0000, 0.0000]
[ZMQEndpointInterface] Protocol v4: Right hand joints set: [0.0000, -0.0027, 0.0000, 0.0078, 0.0117, 0.0059, 0.0000]
[ZMQEndpointInterface] Received ZMQ message - topic: 'pose', protocol_version: 4, num_fields: 4, total_size: 4 buffers
[ZMQEndpointInterface] *** Starting ZMQ processing ***
[ZMQEndpointInterface] Protocol version: 4
[ZMQEndpointInterface] Protocol v4: Received 64D token (latent action), tokens[0]=0.0053, frame_index: 450
[ZMQEndpointInterface] Protocol v4: Left hand joints set: [0.0000, 0.0000, 0.0000, -0.0020, 0.0000, 0.0000, 0.0000]
[ZMQEndpointInterface] Protocol v4: Right hand joints set: [0.0000, -0.0109, -0.0027, 0.0039, 0.0029, 0.0176, 0.0000]
[ZMQEndpointInterface] Received ZMQ message - topic: 'pose', protocol_version: 4, num_fields: 4, total_size: 4 buffers
[ZMQEndpointInterface] *** Starting ZMQ processing ***
[ZMQEndpointInterface] Protocol version: 4
[ZMQEndpointInterface] Protocol v4: Received 64D token (latent action), tokens[0]=0.0049, frame_index: 451
[ZMQEndpointInterface] Protocol v4: Left hand joints set: [0.0000, 0.0000, 0.0000, 0.0000, 0.0000, 0.0000, 0.0000]
[ZMQEndpointInterface] Protocol v4: Right hand joints set: [0.0000, -0.0055, 0.0000, 0.0098, 0.0146, 0.0098, 0.0000]
[ZMQEndpointInterface] Received ZMQ message - topic: 'pose', protocol_version: 4, num_fields: 4, total_size: 4 buffers
[ZMQEndpointInterface] *** Starting ZMQ processing ***
[ZMQEndpointInterface] Protocol version: 4
[ZMQEndpointInterface] Protocol v4: Received 64D token (latent action), tokens[0]=0.0083, frame_index: 452
[ZMQEndpointInterface] Protocol v4: Left hand joints set: [0.0000, 0.0014, 0.0000, 0.0000, 0.0000, 0.0000, 0.0000]
[ZMQEndpointInterface] Protocol v4: Right hand joints set: [0.0000, -0.0109, -0.0027, 0.0078, 0.0176, 0.0156, 0.0088]
[ZMQEndpointInterface] Received ZMQ message - topic: 'pose', protocol_version: 4, num_fields: 4, total_size: 4 buffers
[ZMQEndpointInterface] *** Starting ZMQ processing ***
[ZMQEndpointInterface] Protocol version: 4
[ZMQEndpointInterface] Protocol v4: Received 64D token (latent action), tokens[0]=0.0066, frame_index: 453
[ZMQEndpointInterface] Protocol v4: Left hand joints set: [0.0000, 0.0000, 0.0000, -0.0039, 0.0000, 0.0000, 0.0000]
[ZMQEndpointInterface] Protocol v4: Right hand joints set: [0.0000, -0.0137, -0.0055, 0.0000, 0.0117, 0.0039, 0.0000]
[ZMQEndpointInterface] Received ZMQ message - topic: 'pose', protocol_version: 4, num_fields: 4, total_size: 4 buffers
[ZMQEndpointInterface] *** Starting ZMQ processing ***
[ZMQEndpointInterface] Protocol version: 4
[ZMQEndpointInterface] Protocol v4: Received 64D token (latent action), tokens[0]=0.0049, frame_index: 454
[ZMQEndpointInterface] Protocol v4: Left hand joints set: [0.0000, 0.0000, 0.0027, 0.0000, 0.0000, 0.0000, 0.0000]
[ZMQEndpointInterface] Protocol v4: Right hand joints set: [0.0000, -0.0096, 0.0000, 0.0039, 0.0029, 0.0039, 0.0000]
[ZMQEndpointInterface] Received ZMQ message - topic: 'pose', protocol_version: 4, num_fields: 4, total_size: 4 buffers
[ZMQEndpointInterface] *** Starting ZMQ processing ***
[ZMQEndpointInterface] Protocol version: 4
[ZMQEndpointInterface] Protocol v4: Received 64D token (latent action), tokens[0]=0.0074, frame_index: 455
[ZMQEndpointInterface] Protocol v4: Left hand joints set: [0.0000, 0.0014, 0.0000, 0.0000, 0.0000, 0.0000, 0.0000]
[ZMQEndpointInterface] Protocol v4: Right hand joints set: [0.0000, -0.0096, 0.0000, 0.0059, 0.0000, 0.0078, 0.0000]
[ZMQEndpointInterface] Received ZMQ message - topic: 'pose', protocol_version: 4, num_fields: 4, total_size: 4 buffers
[ZMQEndpointInterface] *** Starting ZMQ processing ***
[ZMQEndpointInterface] Protocol version: 4
[ZMQEndpointInterface] Protocol v4: Received 64D token (latent action), tokens[0]=0.0100, frame_index: 456
[ZMQEndpointInterface] Protocol v4: Left hand joints set: [0.0000, 0.0000, 0.0000, 0.0000, 0.0000, 0.0000, 0.0000]
[ZMQEndpointInterface] Protocol v4: Right hand joints set: [0.0000, -0.0109, 0.0000, 0.0000, 0.0000, 0.0020, 0.0000]
[ZMQEndpointInterface] Received ZMQ message - topic: 'pose', protocol_version: 4, num_fields: 4, total_size: 4 buffers
[ZMQEndpointInterface] *** Starting ZMQ processing ***
[ZMQEndpointInterface] Protocol version: 4
[ZMQEndpointInterface] Protocol v4: Received 64D token (latent action), tokens[0]=0.0139, frame_index: 457
[ZMQEndpointInterface] Protocol v4: Left hand joints set: [0.0000, 0.0000, 0.0000, 0.0000, 0.0000, 0.0000, 0.0000]
[ZMQEndpointInterface] Protocol v4: Right hand joints set: [0.0000, -0.0055, -0.0027, 0.0098, 0.0059, 0.0000, 0.0000]
[ZMQEndpointInterface] Received ZMQ message - topic: 'pose', protocol_version: 4, num_fields: 4, total_size: 4 buffers
[ZMQEndpointInterface] *** Starting ZMQ processing ***
[ZMQEndpointInterface] Protocol version: 4
[ZMQEndpointInterface] Protocol v4: Received 64D token (latent action), tokens[0]=0.0134, frame_index: 458
[ZMQEndpointInterface] Protocol v4: Left hand joints set: [0.0000, 0.0000, 0.0000, -0.0039, 0.0000, 0.0000, 0.0000]
[ZMQEndpointInterface] Protocol v4: Right hand joints set: [0.0000, -0.0055, 0.0000, 0.0117, 0.0176, 0.0039, 0.0000]
[ZMQEndpointInterface] Received ZMQ message - topic: 'pose', protocol_version: 4, num_fields: 4, total_size: 4 buffers
[ZMQEndpointInterface] *** Starting ZMQ processing ***
[ZMQEndpointInterface] Protocol version: 4
[ZMQEndpointInterface] Protocol v4: Received 64D token (latent action), tokens[0]=0.0194, frame_index: 459
[ZMQEndpointInterface] Protocol v4: Left hand joints set: [0.0000, 0.0000, 0.0000, 0.0000, 0.0000, 0.0000, 0.0000]
[ZMQEndpointInterface] Protocol v4: Right hand joints set: [0.0000, -0.0014, 0.0000, 0.0039, 0.0059, 0.0059, 0.0000]
[ZMQEndpointInterface] Received ZMQ message - topic: 'pose', protocol_version: 4, num_fields: 4, total_size: 4 buffers
[ZMQEndpointInterface] *** Starting ZMQ processing ***
[ZMQEndpointInterface] Protocol version: 4
[ZMQEndpointInterface] Protocol v4: Received 64D token (latent action), tokens[0]=0.0228, frame_index: 460
[ZMQEndpointInterface] Protocol v4: Left hand joints set: [0.0000, 0.0000, 0.0000, 0.0000, 0.0000, 0.0000, 0.0000]
[ZMQEndpointInterface] Protocol v4: Right hand joints set: [0.0000, -0.0014, 0.0000, 0.0078, 0.0088, 0.0039, 0.0000]
[ZMQEndpointInterface] Received ZMQ message - topic: 'pose', protocol_version: 4, num_fields: 4, total_size: 4 buffers
[ZMQEndpointInterface] *** Starting ZMQ processing ***
[ZMQEndpointInterface] Protocol version: 4
[ZMQEndpointInterface] Protocol v4: Received 64D token (latent action), tokens[0]=0.0237, frame_index: 461
[ZMQEndpointInterface] Protocol v4: Left hand joints set: [0.0000, 0.0027, 0.0000, 0.0000, 0.0000, 0.0000, 0.0000]
[ZMQEndpointInterface] Protocol v4: Right hand joints set: [0.0000, -0.0041, -0.0041, 0.0000, 0.0029, 0.0020, 0.0029]
[ZMQEndpointInterface] Received ZMQ message - topic: 'pose', protocol_version: 4, num_fields: 4, total_size: 4 buffers
[ZMQEndpointInterface] *** Starting ZMQ processing ***
[ZMQEndpointInterface] Protocol version: 4
[ZMQEndpointInterface] Protocol v4: Received 64D token (latent action), tokens[0]=0.0292, frame_index: 462
[ZMQEndpointInterface] Protocol v4: Left hand joints set: [0.0000, 0.0027, 0.0041, -0.0039, -0.0176, -0.0020, 0.0000]
[ZMQEndpointInterface] Protocol v4: Right hand joints set: [0.0000, -0.0082, 0.0000, 0.0117, 0.0029, 0.0059, 0.0059]
[ZMQEndpointInterface] Received ZMQ message - topic: 'pose', protocol_version: 4, num_fields: 4, total_size: 4 buffers
[ZMQEndpointInterface] *** Starting ZMQ processing ***
[ZMQEndpointInterface] Protocol version: 4
[ZMQEndpointInterface] Protocol v4: Received 64D token (latent action), tokens[0]=0.0280, frame_index: 463
[ZMQEndpointInterface] Protocol v4: Left hand joints set: [0.0000, 0.0068, 0.0000, 0.0000, 0.0000, -0.0039, -0.0059]
[ZMQEndpointInterface] Protocol v4: Right hand joints set: [0.0000, -0.0055, -0.0041, 0.0020, 0.0088, 0.0078, 0.0000]
Loop timing - LowState age: 5.2000ms, Streaming data mean delay: 8.6996ms, Streaming data std delay: 5.7981ms, IMU age: 5.1540ms, Obs: 76us, Policy: 598us, Obs 2 Motor Command: 674us, Post processing: 28us | HandCloseRatio: 1.0000
[ZMQEndpointInterface] Received ZMQ message - topic: 'pose', protocol_version: 4, num_fields: 4, total_size: 4 buffers
[ZMQEndpointInterface] *** Starting ZMQ processing ***
[ZMQEndpointInterface] Protocol version: 4
[ZMQEndpointInterface] Protocol v4: Received 64D token (latent action), tokens[0]=0.0292, frame_index: 464
[ZMQEndpointInterface] Protocol v4: Left hand joints set: [0.0000, 0.0000, 0.0000, 0.0000, 0.0000, 0.0000, 0.0000]
[ZMQEndpointInterface] Protocol v4: Right hand joints set: [0.0000, -0.0055, 0.0000, 0.0020, 0.0029, 0.0039, 0.0000]
[ZMQEndpointInterface] Received ZMQ message - topic: 'pose', protocol_version: 4, num_fields: 4, total_size: 4 buffers
[ZMQEndpointInterface] *** Starting ZMQ processing ***
[ZMQEndpointInterface] Protocol version: 4
[ZMQEndpointInterface] Protocol v4: Received 64D token (latent action), tokens[0]=0.0314, frame_index: 465
[ZMQEndpointInterface] Protocol v4: Left hand joints set: [0.0000, 0.0027, 0.0000, 0.0000, 0.0000, -0.0020, 0.0000]
[ZMQEndpointInterface] Protocol v4: Right hand joints set: [0.0000, -0.0123, 0.0000, 0.0000, 0.0000, 0.0039, 0.0000]
[ZMQEndpointInterface] Received ZMQ message - topic: 'pose', protocol_version: 4, num_fields: 4, total_size: 4 buffers
[ZMQEndpointInterface] *** Starting ZMQ processing ***
[ZMQEndpointInterface] Protocol version: 4
[ZMQEndpointInterface] Protocol v4: Received 64D token (latent action), tokens[0]=0.0305, frame_index: 466
[ZMQEndpointInterface] Protocol v4: Left hand joints set: [0.0000, 0.0014, 0.0000, 0.0000, 0.0000, 0.0000, 0.0000]
[ZMQEndpointInterface] Protocol v4: Right hand joints set: [0.0000, -0.0082, 0.0000, 0.0059, 0.0000, 0.0039, 0.0000]
[ZMQEndpointInterface] Received ZMQ message - topic: 'pose', protocol_version: 4, num_fields: 4, total_size: 4 buffers
[ZMQEndpointInterface] *** Starting ZMQ processing ***
[ZMQEndpointInterface] Protocol version: 4
[ZMQEndpointInterface] Protocol v4: Received 64D token (latent action), tokens[0]=0.0318, frame_index: 467
[ZMQEndpointInterface] Protocol v4: Left hand joints set: [0.0000, 0.0041, 0.0000, -0.0059, 0.0000, 0.0000, 0.0000]
[ZMQEndpointInterface] Protocol v4: Right hand joints set: [0.0000, -0.0082, -0.0041, 0.0000, 0.0059, 0.0000, 0.0000]
[ZMQEndpointInterface] Received ZMQ message - topic: 'pose', protocol_version: 4, num_fields: 4, total_size: 4 buffers
[ZMQEndpointInterface] *** Starting ZMQ processing ***
[ZMQEndpointInterface] Protocol version: 4
[ZMQEndpointInterface] Protocol v4: Received 64D token (latent action), tokens[0]=0.0275, frame_index: 468
[ZMQEndpointInterface] Protocol v4: Left hand joints set: [0.0000, 0.0000, 0.0000, 0.0000, -0.0029, 0.0000, 0.0000]
[ZMQEndpointInterface] Protocol v4: Right hand joints set: [0.0000, -0.0082, -0.0014, 0.0020, 0.0000, 0.0000, 0.0029]
[ZMQEndpointInterface] Received ZMQ message - topic: 'pose', protocol_version: 4, num_fields: 4, total_size: 4 buffers
[ZMQEndpointInterface] *** Starting ZMQ processing ***
[ZMQEndpointInterface] Protocol version: 4
[ZMQEndpointInterface] Protocol v4: Received 64D token (latent action), tokens[0]=0.0245, frame_index: 469
[ZMQEndpointInterface] Protocol v4: Left hand joints set: [0.0000, 0.0000, 0.0000, 0.0000, 0.0000, -0.0020, 0.0000]
[ZMQEndpointInterface] Protocol v4: Right hand joints set: [0.0000, -0.0082, 0.0000, 0.0000, 0.0059, 0.0000, 0.0000]
[ZMQEndpointInterface] Received ZMQ message - topic: 'pose', protocol_version: 4, num_fields: 4, total_size: 4 buffers
[ZMQEndpointInterface] *** Starting ZMQ processing ***
[ZMQEndpointInterface] Protocol version: 4
[ZMQEndpointInterface] Protocol v4: Received 64D token (latent action), tokens[0]=0.0241, frame_index: 470
[ZMQEndpointInterface] Protocol v4: Left hand joints set: [0.0000, 0.0014, 0.0014, 0.0000, 0.0000, 0.0000, 0.0000]
[ZMQEndpointInterface] Protocol v4: Right hand joints set: [0.0000, -0.0096, 0.0000, 0.0020, 0.0029, 0.0020, 0.0088]
[ZMQEndpointInterface] Received ZMQ message - topic: 'pose', protocol_version: 4, num_fields: 4, total_size: 4 buffers
[ZMQEndpointInterface] *** Starting ZMQ processing ***
[ZMQEndpointInterface] Protocol version: 4
[ZMQEndpointInterface] Protocol v4: Received 64D token (latent action), tokens[0]=0.0254, frame_index: 471
[ZMQEndpointInterface] Protocol v4: Left hand joints set: [0.0000, 0.0000, 0.0014, 0.0000, 0.0000, 0.0000, 0.0000]
[ZMQEndpointInterface] Protocol v4: Right hand joints set: [0.0000, -0.0068, 0.0000, 0.0039, 0.0000, 0.0000, 0.0059]
[ZMQEndpointInterface] Received ZMQ message - topic: 'pose', protocol_version: 4, num_fields: 4, total_size: 4 buffers
[ZMQEndpointInterface] *** Starting ZMQ processing ***
[ZMQEndpointInterface] Protocol version: 4
[ZMQEndpointInterface] Protocol v4: Received 64D token (latent action), tokens[0]=0.0237, frame_index: 472
[ZMQEndpointInterface] Protocol v4: Left hand joints set: [0.0000, 0.0014, 0.0027, -0.0020, 0.0000, -0.0020, 0.0000]
[ZMQEndpointInterface] Protocol v4: Right hand joints set: [0.0000, -0.0137, -0.0027, 0.0000, 0.0000, 0.0000, 0.0000]
[ZMQEndpointInterface] Received ZMQ message - topic: 'pose', protocol_version: 4, num_fields: 4, total_size: 4 buffers
[ZMQEndpointInterface] *** Starting ZMQ processing ***
[ZMQEndpointInterface] Protocol version: 4
[ZMQEndpointInterface] Protocol v4: Received 64D token (latent action), tokens[0]=0.0237, frame_index: 473
[ZMQEndpointInterface] Protocol v4: Left hand joints set: [0.0000, 0.0014, 0.0027, 0.0000, 0.0000, -0.0059, 0.0000]
[ZMQEndpointInterface] Protocol v4: Right hand joints set: [0.0000, -0.0055, 0.0000, 0.0000, 0.0000, 0.0000, 0.0000]
[ZMQEndpointInterface] Received ZMQ message - topic: 'pose', protocol_version: 4, num_fields: 4, total_size: 4 buffers
[ZMQEndpointInterface] *** Starting ZMQ processing ***
[ZMQEndpointInterface] Protocol version: 4
[ZMQEndpointInterface] Protocol v4: Received 64D token (latent action), tokens[0]=0.0254, frame_index: 474
[ZMQEndpointInterface] Protocol v4: Left hand joints set: [0.0000, 0.0000, 0.0014, -0.0020, -0.0059, 0.0000, -0.0088]
[ZMQEndpointInterface] Protocol v4: Right hand joints set: [0.0000, -0.0082, -0.0055, 0.0000, 0.0000, 0.0000, 0.0000]
[ZMQEndpointInterface] Received ZMQ message - topic: 'pose', protocol_version: 4, num_fields: 4, total_size: 4 buffers
[ZMQEndpointInterface] *** Starting ZMQ processing ***
[ZMQEndpointInterface] Protocol version: 4
[ZMQEndpointInterface] Protocol v4: Received 64D token (latent action), tokens[0]=0.0220, frame_index: 475
[ZMQEndpointInterface] Protocol v4: Left hand joints set: [0.0000, 0.0000, 0.0000, -0.0020, 0.0000, 0.0000, -0.0059]
[ZMQEndpointInterface] Protocol v4: Right hand joints set: [0.0000, -0.0096, -0.0014, 0.0020, 0.0000, 0.0000, 0.0000]
[ZMQEndpointInterface] Received ZMQ message - topic: 'pose', protocol_version: 4, num_fields: 4, total_size: 4 buffers
[ZMQEndpointInterface] *** Starting ZMQ processing ***
[ZMQEndpointInterface] Protocol version: 4
[ZMQEndpointInterface] Protocol v4: Received 64D token (latent action), tokens[0]=0.0228, frame_index: 476
[ZMQEndpointInterface] Protocol v4: Left hand joints set: [0.0000, 0.0000, 0.0000, 0.0000, -0.0059, 0.0000, 0.0000]
[ZMQEndpointInterface] Protocol v4: Right hand joints set: [0.0000, -0.0096, -0.0041, 0.0039, 0.0000, 0.0000, 0.0000]
[ZMQEndpointInterface] Received ZMQ message - topic: 'pose', protocol_version: 4, num_fields: 4, total_size: 4 buffers
[ZMQEndpointInterface] *** Starting ZMQ processing ***
[ZMQEndpointInterface] Protocol version: 4
[ZMQEndpointInterface] Protocol v4: Received 64D token (latent action), tokens[0]=0.0245, frame_index: 477
[ZMQEndpointInterface] Protocol v4: Left hand joints set: [0.0000, 0.0000, 0.0000, 0.0000, 0.0000, 0.0000, 0.0000]
[ZMQEndpointInterface] Protocol v4: Right hand joints set: [0.0000, -0.0082, 0.0000, 0.0078, 0.0000, 0.0020, 0.0000]
[ZMQEndpointInterface] Received ZMQ message - topic: 'pose', protocol_version: 4, num_fields: 4, total_size: 4 buffers
[ZMQEndpointInterface] *** Starting ZMQ processing ***
[ZMQEndpointInterface] Protocol version: 4
[ZMQEndpointInterface] Protocol v4: Received 64D token (latent action), tokens[0]=0.0241, frame_index: 478
[ZMQEndpointInterface] Protocol v4: Left hand joints set: [0.0000, 0.0014, 0.0014, 0.0000, -0.0117, 0.0000, 0.0000]
[ZMQEndpointInterface] Protocol v4: Right hand joints set: [0.0000, -0.0150, 0.0000, 0.0000, 0.0059, 0.0020, 0.0000]
[ZMQEndpointInterface] Received ZMQ message - topic: 'pose', protocol_version: 4, num_fields: 4, total_size: 4 buffers
[ZMQEndpointInterface] *** Starting ZMQ processing ***
[ZMQEndpointInterface] Protocol version: 4
[ZMQEndpointInterface] Protocol v4: Received 64D token (latent action), tokens[0]=0.0258, frame_index: 479
[ZMQEndpointInterface] Protocol v4: Left hand joints set: [0.0000, 0.0014, 0.0000, 0.0000, -0.0059, -0.0039, 0.0000]
[ZMQEndpointInterface] Protocol v4: Right hand joints set: [0.0000, -0.0137, -0.0014, 0.0098, 0.0000, 0.0000, 0.0000]
[ZMQEndpointInterface] Received ZMQ message - topic: 'pose', protocol_version: 4, num_fields: 4, total_size: 4 buffers
[ZMQEndpointInterface] *** Starting ZMQ processing ***
[ZMQEndpointInterface] Protocol version: 4
[ZMQEndpointInterface] Protocol v4: Received 64D token (latent action), tokens[0]=0.0228, frame_index: 480
[ZMQEndpointInterface] Protocol v4: Left hand joints set: [0.0000, 0.0000, 0.0000, 0.0000, -0.0088, 0.0000, 0.0000]
[ZMQEndpointInterface] Protocol v4: Right hand joints set: [0.0000, -0.0109, 0.0000, 0.0039, 0.0000, 0.0000, 0.0000]
[ZMQEndpointInterface] Received ZMQ message - topic: 'pose', protocol_version: 4, num_fields: 4, total_size: 4 buffers
[ZMQEndpointInterface] *** Starting ZMQ processing ***
[ZMQEndpointInterface] Protocol version: 4
[ZMQEndpointInterface] Protocol v4: Received 64D token (latent action), tokens[0]=0.0237, frame_index: 481
[ZMQEndpointInterface] Protocol v4: Left hand joints set: [0.0000, 0.0000, 0.0000, 0.0000, -0.0059, -0.0020, 0.0000]
[ZMQEndpointInterface] Protocol v4: Right hand joints set: [0.0000, -0.0082, 0.0000, 0.0059, 0.0000, 0.0000, 0.0059]
[ZMQEndpointInterface] Received ZMQ message - topic: 'pose', protocol_version: 4, num_fields: 4, total_size: 4 buffers
[ZMQEndpointInterface] *** Starting ZMQ processing ***
[ZMQEndpointInterface] Protocol version: 4
[ZMQEndpointInterface] Protocol v4: Received 64D token (latent action), tokens[0]=0.0262, frame_index: 482
[ZMQEndpointInterface] Protocol v4: Left hand joints set: [0.0000, 0.0014, 0.0027, 0.0000, -0.0117, -0.0039, 0.0000]
[ZMQEndpointInterface] Protocol v4: Right hand joints set: [0.0000, -0.0096, 0.0000, 0.0078, 0.0000, 0.0000, 0.0029]
[ZMQEndpointInterface] Received ZMQ message - topic: 'pose', protocol_version: 4, num_fields: 4, total_size: 4 buffers
[ZMQEndpointInterface] *** Starting ZMQ processing ***
[ZMQEndpointInterface] Protocol version: 4
[ZMQEndpointInterface] Protocol v4: Received 64D token (latent action), tokens[0]=0.0297, frame_index: 483
[ZMQEndpointInterface] Protocol v4: Left hand joints set: [0.0000, 0.0000, 0.0041, 0.0000, -0.0029, 0.0000, 0.0000]
[ZMQEndpointInterface] Protocol v4: Right hand joints set: [0.0000, -0.0082, -0.0041, 0.0039, 0.0000, 0.0000, 0.0117]
[ZMQEndpointInterface] Received ZMQ message - topic: 'pose', protocol_version: 4, num_fields: 4, total_size: 4 buffers
[ZMQEndpointInterface] *** Starting ZMQ processing ***
[ZMQEndpointInterface] Protocol version: 4
[ZMQEndpointInterface] Protocol v4: Received 64D token (latent action), tokens[0]=0.0245, frame_index: 484
[ZMQEndpointInterface] Protocol v4: Left hand joints set: [0.0000, 0.0000, 0.0027, 0.0000, -0.0029, -0.0059, 0.0000]
[ZMQEndpointInterface] Protocol v4: Right hand joints set: [0.0000, -0.0123, -0.0055, 0.0039, 0.0000, 0.0000, 0.0029]
[ZMQEndpointInterface] Received ZMQ message - topic: 'pose', protocol_version: 4, num_fields: 4, total_size: 4 buffers
[ZMQEndpointInterface] *** Starting ZMQ processing ***
[ZMQEndpointInterface] Protocol version: 4
[ZMQEndpointInterface] Protocol v4: Received 64D token (latent action), tokens[0]=0.0297, frame_index: 485
[ZMQEndpointInterface] Protocol v4: Left hand joints set: [0.0000, 0.0000, 0.0000, 0.0000, -0.0059, 0.0000, 0.0000]
[ZMQEndpointInterface] Protocol v4: Right hand joints set: [0.0000, -0.0055, -0.0027, 0.0000, 0.0000, 0.0000, 0.0029]
[ZMQEndpointInterface] Received ZMQ message - topic: 'pose', protocol_version: 4, num_fields: 4, total_size: 4 buffers
[ZMQEndpointInterface] *** Starting ZMQ processing ***
[ZMQEndpointInterface] Protocol version: 4
[ZMQEndpointInterface] Protocol v4: Received 64D token (latent action), tokens[0]=0.0262, frame_index: 486
[ZMQEndpointInterface] Protocol v4: Left hand joints set: [0.0000, 0.0000, 0.0014, 0.0000, -0.0059, 0.0000, -0.0029]
[ZMQEndpointInterface] Protocol v4: Right hand joints set: [0.0000, -0.0109, -0.0055, 0.0000, 0.0000, 0.0000, 0.0059]
[ZMQEndpointInterface] Received ZMQ message - topic: 'pose', protocol_version: 4, num_fields: 4, total_size: 4 buffers
[ZMQEndpointInterface] *** Starting ZMQ processing ***
[ZMQEndpointInterface] Protocol version: 4
[ZMQEndpointInterface] Protocol v4: Received 64D token (latent action), tokens[0]=0.0262, frame_index: 487
[ZMQEndpointInterface] Protocol v4: Left hand joints set: [0.0000, 0.0000, 0.0000, 0.0000, -0.0059, 0.0000, 0.0000]
[ZMQEndpointInterface] Protocol v4: Right hand joints set: [0.0000, -0.0055, 0.0000, 0.0020, 0.0000, 0.0000, 0.0088]
[ZMQEndpointInterface] Received ZMQ message - topic: 'pose', protocol_version: 4, num_fields: 4, total_size: 4 buffers
[ZMQEndpointInterface] *** Starting ZMQ processing ***
[ZMQEndpointInterface] Protocol version: 4
[ZMQEndpointInterface] Protocol v4: Received 64D token (latent action), tokens[0]=0.0271, frame_index: 488
[ZMQEndpointInterface] Protocol v4: Left hand joints set: [0.0000, 0.0000, 0.0014, 0.0000, -0.0029, 0.0000, 0.0000]
[ZMQEndpointInterface] Protocol v4: Right hand joints set: [0.0000, -0.0082, -0.0068, 0.0020, 0.0000, 0.0000, 0.0000]
[ZMQEndpointInterface] Received ZMQ message - topic: 'pose', protocol_version: 4, num_fields: 4, total_size: 4 buffers
[ZMQEndpointInterface] *** Starting ZMQ processing ***
[ZMQEndpointInterface] Protocol version: 4
[ZMQEndpointInterface] Protocol v4: Received 64D token (latent action), tokens[0]=0.0305, frame_index: 489
[ZMQEndpointInterface] Protocol v4: Left hand joints set: [0.0000, 0.0000, 0.0068, 0.0000, -0.0059, 0.0000, 0.0000]
[ZMQEndpointInterface] Protocol v4: Right hand joints set: [0.0000, -0.0096, 0.0000, 0.0000, 0.0000, 0.0000, 0.0059]
[ZMQEndpointInterface] Received ZMQ message - topic: 'pose', protocol_version: 4, num_fields: 4, total_size: 4 buffers
[ZMQEndpointInterface] *** Starting ZMQ processing ***
[ZMQEndpointInterface] Protocol version: 4
[ZMQEndpointInterface] Protocol v4: Received 64D token (latent action), tokens[0]=0.0271, frame_index: 490
[ZMQEndpointInterface] Protocol v4: Left hand joints set: [0.0000, 0.0000, 0.0068, 0.0000, 0.0000, -0.0059, 0.0000]
[ZMQEndpointInterface] Protocol v4: Right hand joints set: [0.0000, -0.0068, -0.0014, 0.0000, 0.0000, 0.0000, 0.0117]
[ZMQEndpointInterface] Received ZMQ message - topic: 'pose', protocol_version: 4, num_fields: 4, total_size: 4 buffers
[ZMQEndpointInterface] *** Starting ZMQ processing ***
[ZMQEndpointInterface] Protocol version: 4
[ZMQEndpointInterface] Protocol v4: Received 64D token (latent action), tokens[0]=0.0262, frame_index: 491
[ZMQEndpointInterface] Protocol v4: Left hand joints set: [0.0000, 0.0000, 0.0000, 0.0000, -0.0029, 0.0000, 0.0000]
[ZMQEndpointInterface] Protocol v4: Right hand joints set: [0.0000, -0.0068, -0.0027, 0.0000, 0.0000, 0.0000, 0.0000]
[ZMQEndpointInterface] Received ZMQ message - topic: 'pose', protocol_version: 4, num_fields: 4, total_size: 4 buffers
[ZMQEndpointInterface] *** Starting ZMQ processing ***
[ZMQEndpointInterface] Protocol version: 4
[ZMQEndpointInterface] Protocol v4: Received 64D token (latent action), tokens[0]=0.0309, frame_index: 492
[ZMQEndpointInterface] Protocol v4: Left hand joints set: [0.0000, 0.0000, 0.0000, 0.0000, -0.0117, -0.0039, 0.0000]
[ZMQEndpointInterface] Protocol v4: Right hand joints set: [0.0000, -0.0014, -0.0068, 0.0039, 0.0000, 0.0000, 0.0059]
[ZMQEndpointInterface] Received ZMQ message - topic: 'pose', protocol_version: 4, num_fields: 4, total_size: 4 buffers
[ZMQEndpointInterface] *** Starting ZMQ processing ***
[ZMQEndpointInterface] Protocol version: 4
[ZMQEndpointInterface] Protocol v4: Received 64D token (latent action), tokens[0]=0.0348, frame_index: 493
[ZMQEndpointInterface] Protocol v4: Left hand joints set: [0.0000, 0.0000, 0.0000, 0.0000, -0.0176, 0.0000, 0.0000]
[ZMQEndpointInterface] Protocol v4: Right hand joints set: [0.0000, -0.0041, 0.0000, 0.0059, 0.0000, 0.0000, 0.0059]
[ZMQEndpointInterface] Received ZMQ message - topic: 'pose', protocol_version: 4, num_fields: 4, total_size: 4 buffers
[ZMQEndpointInterface] *** Starting ZMQ processing ***
[ZMQEndpointInterface] Protocol version: 4
[ZMQEndpointInterface] Protocol v4: Received 64D token (latent action), tokens[0]=0.0305, frame_index: 494
[ZMQEndpointInterface] Protocol v4: Left hand joints set: [0.0000, 0.0014, 0.0055, 0.0000, -0.0059, 0.0000, -0.0029]
[ZMQEndpointInterface] Protocol v4: Right hand joints set: [0.0000, -0.0096, -0.0027, 0.0039, 0.0000, 0.0000, 0.0117]
Temporary motion completed.
Reset to frame 0.
[ZMQEndpointInterface] Received ZMQ message - topic: 'pose', protocol_version: 4, num_fields: 4, total_size: 4 buffers
[ZMQEndpointInterface] *** Starting ZMQ processing ***
[ZMQEndpointInterface] Protocol version: 4
[ZMQEndpointInterface] Protocol v4: Received 64D token (latent action), tokens[0]=0.0203, frame_index: 495
[ZMQEndpointInterface] Protocol v4: Left hand joints set: [0.0000, 0.0027, 0.0000, -0.0039, 0.0000, 0.0000, 0.0000]
[ZMQEndpointInterface] Protocol v4: Right hand joints set: [0.0000, 0.0000, 0.0000, 0.0000, 0.0000, 0.0078, 0.0000]
Reset heading state to 0.9990, -0.0003, -0.0324, -0.0317
Reset delta heading to 0
Reset init reference data root rotation to current frame: 0.9997, -0.0016, -0.0223, -0.0045
**********************************************************
Reference motion name: temporary_motion
**********************************************************
[ZMQEndpointInterface] Received ZMQ message - topic: 'pose', protocol_version: 4, num_fields: 4, total_size: 4 buffers
[ZMQEndpointInterface] *** Starting ZMQ processing ***
[ZMQEndpointInterface] Protocol version: 4
[ZMQEndpointInterface] Protocol v4: Received 64D token (latent action), tokens[0]=0.0237, frame_index: 496
[ZMQEndpointInterface] Protocol v4: Left hand joints set: [0.0000, 0.0027, 0.0000, 0.0000, 0.0000, 0.0000, 0.0000]
[ZMQEndpointInterface] Protocol v4: Right hand joints set: [0.0000, 0.0000, 0.0000, 0.0000, 0.0000, 0.0078, 0.0000]
[ZMQEndpointInterface] Received ZMQ message - topic: 'pose', protocol_version: 4, num_fields: 4, total_size: 4 buffers
[ZMQEndpointInterface] *** Starting ZMQ processing ***
[ZMQEndpointInterface] Protocol version: 4
[ZMQEndpointInterface] Protocol v4: Received 64D token (latent action), tokens[0]=0.0250, frame_index: 497
[ZMQEndpointInterface] Protocol v4: Left hand joints set: [0.0000, 0.0068, 0.0000, 0.0000, 0.0000, 0.0000, 0.0000]
[ZMQEndpointInterface] Protocol v4: Right hand joints set: [0.0000, -0.0014, 0.0000, 0.0000, 0.0000, 0.0039, 0.0000]
[ZMQEndpointInterface] Received ZMQ message - topic: 'pose', protocol_version: 4, num_fields: 4, total_size: 4 buffers
[ZMQEndpointInterface] *** Starting ZMQ processing ***
[ZMQEndpointInterface] Protocol version: 4
[ZMQEndpointInterface] Protocol v4: Received 64D token (latent action), tokens[0]=0.0254, frame_index: 498
[ZMQEndpointInterface] Protocol v4: Left hand joints set: [0.0000, 0.0055, 0.0068, -0.0078, 0.0000, 0.0000, 0.0000]
[ZMQEndpointInterface] Protocol v4: Right hand joints set: [0.0000, 0.0000, 0.0000, 0.0000, 0.0029, 0.0000, 0.0000]
[Token Flow] Copied external tokens, tokens[0]=0.0254
[ZMQEndpointInterface] Received ZMQ message - topic: 'pose', protocol_version: 4, num_fields: 4, total_size: 4 buffers
[ZMQEndpointInterface] *** Starting ZMQ processing ***
[ZMQEndpointInterface] Protocol version: 4
[ZMQEndpointInterface] Protocol v4: Received 64D token (latent action), tokens[0]=0.0241, frame_index: 499
[ZMQEndpointInterface] Protocol v4: Left hand joints set: [0.0000, 0.0027, 0.0000, 0.0000, 0.0000, 0.0000, 0.0000]
[ZMQEndpointInterface] Protocol v4: Right hand joints set: [0.0000, -0.0027, 0.0000, 0.0000, 0.0000, 0.0020, 0.0000]
[ZMQEndpointInterface] Received ZMQ message - topic: 'pose', protocol_version: 4, num_fields: 4, total_size: 4 buffers
[ZMQEndpointInterface] *** Starting ZMQ processing ***
[ZMQEndpointInterface] Protocol version: 4
[ZMQEndpointInterface] Protocol v4: Received 64D token (latent action), tokens[0]=0.0275, frame_index: 500
[ZMQEndpointInterface] Protocol v4: Left hand joints set: [0.0000, 0.0000, 0.0000, -0.0039, 0.0000, 0.0000, -0.0029]
[ZMQEndpointInterface] Protocol v4: Right hand joints set: [0.0000, -0.0014, 0.0000, 0.0000, 0.0000, 0.0078, 0.0000]
[ZMQEndpointInterface] Received ZMQ message - topic: 'pose', protocol_version: 4, num_fields: 4, total_size: 4 buffers
[ZMQEndpointInterface] *** Starting ZMQ processing ***
[ZMQEndpointInterface] Protocol version: 4
[ZMQEndpointInterface] Protocol v4: Received 64D token (latent action), tokens[0]=0.0254, frame_index: 501
[ZMQEndpointInterface] Protocol v4: Left hand joints set: [0.0000, 0.0014, 0.0000, -0.0020, -0.0059, 0.0000, 0.0000]
[ZMQEndpointInterface] Protocol v4: Right hand joints set: [0.0000, 0.0000, 0.0000, 0.0000, 0.0000, 0.0039, 0.0000]
[ZMQEndpointInterface] Received ZMQ message - topic: 'pose', protocol_version: 4, num_fields: 4, total_size: 4 buffers
[ZMQEndpointInterface] *** Starting ZMQ processing ***
[ZMQEndpointInterface] Protocol version: 4
[ZMQEndpointInterface] Protocol v4: Received 64D token (latent action), tokens[0]=0.0267, frame_index: 502
[ZMQEndpointInterface] Protocol v4: Left hand joints set: [0.0000, 0.0000, 0.0000, 0.0000, 0.0000, 0.0000, 0.0000]
[ZMQEndpointInterface] Protocol v4: Right hand joints set: [0.0000, 0.0000, 0.0000, 0.0000, 0.0000, 0.0098, 0.0000]
[ZMQEndpointInterface] Received ZMQ message - topic: 'pose', protocol_version: 4, num_fields: 4, total_size: 4 buffers
[ZMQEndpointInterface] *** Starting ZMQ processing ***
[ZMQEndpointInterface] Protocol version: 4
[ZMQEndpointInterface] Protocol v4: Received 64D token (latent action), tokens[0]=0.0267, frame_index: 503
[ZMQEndpointInterface] Protocol v4: Left hand joints set: [0.0000, 0.0000, 0.0000, 0.0000, 0.0000, 0.0000, 0.0000]
[ZMQEndpointInterface] Protocol v4: Right hand joints set: [0.0000, -0.0041, 0.0000, 0.0000, 0.0029, 0.0039, 0.0000]
[ZMQEndpointInterface] Received ZMQ message - topic: 'pose', protocol_version: 4, num_fields: 4, total_size: 4 buffers
[ZMQEndpointInterface] *** Starting ZMQ processing ***
[ZMQEndpointInterface] Protocol version: 4
[ZMQEndpointInterface] Protocol v4: Received 64D token (latent action), tokens[0]=0.0301, frame_index: 504
[ZMQEndpointInterface] Protocol v4: Left hand joints set: [0.0000, 0.0000, 0.0000, 0.0000, 0.0000, 0.0000, 0.0000]
[ZMQEndpointInterface] Protocol v4: Right hand joints set: [0.0000, 0.0000, 0.0000, 0.0000, 0.0000, 0.0117, 0.0000]
[ZMQEndpointInterface] Received ZMQ message - topic: 'pose', protocol_version: 4, num_fields: 4, total_size: 4 buffers
[ZMQEndpointInterface] *** Starting ZMQ processing ***
[ZMQEndpointInterface] Protocol version: 4
[ZMQEndpointInterface] Protocol v4: Received 64D token (latent action), tokens[0]=0.0339, frame_index: 505
[ZMQEndpointInterface] Protocol v4: Left hand joints set: [0.0000, 0.0000, 0.0000, 0.0000, 0.0000, 0.0000, 0.0000]
[ZMQEndpointInterface] Protocol v4: Right hand joints set: [0.0000, 0.0000, 0.0000, 0.0020, 0.0000, 0.0039, 0.0000]
[ZMQEndpointInterface] Received ZMQ message - topic: 'pose', protocol_version: 4, num_fields: 4, total_size: 4 buffers
[ZMQEndpointInterface] *** Starting ZMQ processing ***
[ZMQEndpointInterface] Protocol version: 4
[ZMQEndpointInterface] Protocol v4: Received 64D token (latent action), tokens[0]=0.0322, frame_index: 506
[ZMQEndpointInterface] Protocol v4: Left hand joints set: [0.0000, 0.0014, 0.0014, 0.0000, 0.0000, 0.0000, 0.0000]
[ZMQEndpointInterface] Protocol v4: Right hand joints set: [0.0000, 0.0000, -0.0014, 0.0000, 0.0088, 0.0059, 0.0000]
[ZMQEndpointInterface] Received ZMQ message - topic: 'pose', protocol_version: 4, num_fields: 4, total_size: 4 buffers
[ZMQEndpointInterface] *** Starting ZMQ processing ***
[ZMQEndpointInterface] Protocol version: 4
[ZMQEndpointInterface] Protocol v4: Received 64D token (latent action), tokens[0]=0.0339, frame_index: 507
[ZMQEndpointInterface] Protocol v4: Left hand joints set: [0.0000, 0.0000, 0.0027, 0.0000, 0.0000, 0.0000, -0.0059]
[ZMQEndpointInterface] Protocol v4: Right hand joints set: [0.0000, 0.0000, -0.0027, 0.0000, 0.0029, 0.0000, 0.0000]
[ZMQEndpointInterface] Received ZMQ message - topic: 'pose', protocol_version: 4, num_fields: 4, total_size: 4 buffers
[ZMQEndpointInterface] *** Starting ZMQ processing ***
[ZMQEndpointInterface] Protocol version: 4
[ZMQEndpointInterface] Protocol v4: Received 64D token (latent action), tokens[0]=0.0348, frame_index: 508
[ZMQEndpointInterface] Protocol v4: Left hand joints set: [0.0000, 0.0000, 0.0000, 0.0000, 0.0000, 0.0000, 0.0000]
[ZMQEndpointInterface] Protocol v4: Right hand joints set: [0.0000, 0.0000, -0.0014, 0.0000, 0.0000, 0.0039, 0.0000]
[ZMQEndpointInterface] Received ZMQ message - topic: 'pose', protocol_version: 4, num_fields: 4, total_size: 4 buffers
[ZMQEndpointInterface] *** Starting ZMQ processing ***
[ZMQEndpointInterface] Protocol version: 4
[ZMQEndpointInterface] Protocol v4: Received 64D token (latent action), tokens[0]=0.0382, frame_index: 509
[ZMQEndpointInterface] Protocol v4: Left hand joints set: [0.0000, 0.0000, 0.0027, 0.0000, 0.0000, 0.0000, 0.0000]
[ZMQEndpointInterface] Protocol v4: Right hand joints set: [0.0000, 0.0000, 0.0000, 0.0000, 0.0000, 0.0078, 0.0000]
[ZMQEndpointInterface] Received ZMQ message - topic: 'pose', protocol_version: 4, num_fields: 4, total_size: 4 buffers
[ZMQEndpointInterface] *** Starting ZMQ processing ***
[ZMQEndpointInterface] Protocol version: 4
[ZMQEndpointInterface] Protocol v4: Received 64D token (latent action), tokens[0]=0.0361, frame_index: 510
[ZMQEndpointInterface] Protocol v4: Left hand joints set: [0.0000, 0.0014, 0.0000, 0.0000, 0.0000, 0.0000, 0.0000]
[ZMQEndpointInterface] Protocol v4: Right hand joints set: [0.0000, -0.0041, -0.0027, 0.0000, 0.0000, 0.0098, 0.0000]
[ZMQEndpointInterface] Received ZMQ message - topic: 'pose', protocol_version: 4, num_fields: 4, total_size: 4 buffers
[ZMQEndpointInterface] *** Starting ZMQ processing ***
[ZMQEndpointInterface] Protocol version: 4
[ZMQEndpointInterface] Protocol v4: Received 64D token (latent action), tokens[0]=0.0374, frame_index: 511
[ZMQEndpointInterface] Protocol v4: Left hand joints set: [0.0000, 0.0000, 0.0000, 0.0000, 0.0000, 0.0000, 0.0000]
[ZMQEndpointInterface] Protocol v4: Right hand joints set: [0.0000, -0.0055, 0.0000, 0.0000, 0.0000, 0.0039, 0.0000]
[ZMQEndpointInterface] Received ZMQ message - topic: 'pose', protocol_version: 4, num_fields: 4, total_size: 4 buffers
[ZMQEndpointInterface] *** Starting ZMQ processing ***
[ZMQEndpointInterface] Protocol version: 4
[ZMQEndpointInterface] Protocol v4: Received 64D token (latent action), tokens[0]=0.0382, frame_index: 512
[ZMQEndpointInterface] Protocol v4: Left hand joints set: [0.0000, 0.0027, 0.0014, 0.0000, 0.0000, 0.0000, 0.0000]
[ZMQEndpointInterface] Protocol v4: Right hand joints set: [0.0000, -0.0027, -0.0055, 0.0020, 0.0000, 0.0098, 0.0000]
[ZMQEndpointInterface] Received ZMQ message - topic: 'pose', protocol_version: 4, num_fields: 4, total_size: 4 buffers
[ZMQEndpointInterface] *** Starting ZMQ processing ***
[ZMQEndpointInterface] Protocol version: 4
[ZMQEndpointInterface] Protocol v4: Received 64D token (latent action), tokens[0]=0.0408, frame_index: 513
[ZMQEndpointInterface] Protocol v4: Left hand joints set: [0.0000, 0.0000, 0.0000, 0.0000, 0.0000, 0.0000, 0.0000]
[ZMQEndpointInterface] Protocol v4: Right hand joints set: [0.0000, -0.0041, 0.0000, 0.0039, 0.0000, 0.0059, 0.0000]
Loop timing - LowState age: 4.6510ms, Streaming data mean delay: 9.4438ms, Streaming data std delay: 5.9691ms, IMU age: 4.6370ms, Obs: 71us, Policy: 610us, Obs 2 Motor Command: 682us, Post processing: 36us | HandCloseRatio: 1.0000
[ZMQEndpointInterface] Received ZMQ message - topic: 'pose', protocol_version: 4, num_fields: 4, total_size: 4 buffers
[ZMQEndpointInterface] *** Starting ZMQ processing ***
[ZMQEndpointInterface] Protocol version: 4
[ZMQEndpointInterface] Protocol v4: Received 64D token (latent action), tokens[0]=0.0408, frame_index: 514
[ZMQEndpointInterface] Protocol v4: Left hand joints set: [0.0000, 0.0000, 0.0000, 0.0000, 0.0000, 0.0000, 0.0000]
[ZMQEndpointInterface] Protocol v4: Right hand joints set: [0.0000, 0.0000, -0.0014, 0.0000, 0.0000, 0.0059, 0.0059]
[ZMQEndpointInterface] Received ZMQ message - topic: 'pose', protocol_version: 4, num_fields: 4, total_size: 4 buffers
[ZMQEndpointInterface] *** Starting ZMQ processing ***
[ZMQEndpointInterface] Protocol version: 4
[ZMQEndpointInterface] Protocol v4: Received 64D token (latent action), tokens[0]=0.0391, frame_index: 515
[ZMQEndpointInterface] Protocol v4: Left hand joints set: [0.0000, 0.0027, 0.0000, -0.0059, 0.0000, 0.0000, 0.0000]
[ZMQEndpointInterface] Protocol v4: Right hand joints set: [0.0000, 0.0000, 0.0000, 0.0020, 0.0029, 0.0039, 0.0000]
[ZMQEndpointInterface] Received ZMQ message - topic: 'pose', protocol_version: 4, num_fields: 4, total_size: 4 buffers
[ZMQEndpointInterface] *** Starting ZMQ processing ***
[ZMQEndpointInterface] Protocol version: 4
[ZMQEndpointInterface] Protocol v4: Received 64D token (latent action), tokens[0]=0.0391, frame_index: 516
[ZMQEndpointInterface] Protocol v4: Left hand joints set: [0.0000, 0.0000, 0.0000, 0.0000, 0.0000, 0.0000, 0.0000]
[ZMQEndpointInterface] Protocol v4: Right hand joints set: [0.0000, 0.0000, 0.0000, 0.0000, 0.0000, 0.0000, 0.0000]
[ZMQEndpointInterface] Received ZMQ message - topic: 'pose', protocol_version: 4, num_fields: 4, total_size: 4 buffers
[ZMQEndpointInterface] *** Starting ZMQ processing ***
[ZMQEndpointInterface] Protocol version: 4
[ZMQEndpointInterface] Protocol v4: Received 64D token (latent action), tokens[0]=0.0393, frame_index: 517
[ZMQEndpointInterface] Protocol v4: Left hand joints set: [0.0000, 0.0000, 0.0000, 0.0000, 0.0000, -0.0020, -0.0029]
[ZMQEndpointInterface] Protocol v4: Right hand joints set: [0.0000, 0.0000, 0.0000, 0.0000, 0.0000, 0.0039, 0.0059]
[ZMQEndpointInterface] Received ZMQ message - topic: 'pose', protocol_version: 4, num_fields: 4, total_size: 4 buffers
[ZMQEndpointInterface] *** Starting ZMQ processing ***
[ZMQEndpointInterface] Protocol version: 4
[ZMQEndpointInterface] Protocol v4: Received 64D token (latent action), tokens[0]=0.0395, frame_index: 518
[ZMQEndpointInterface] Protocol v4: Left hand joints set: [0.0000, 0.0014, 0.0027, 0.0000, 0.0000, 0.0000, -0.0059]
[ZMQEndpointInterface] Protocol v4: Right hand joints set: [0.0000, 0.0000, 0.0000, 0.0000, 0.0000, 0.0078, 0.0059]
[ZMQEndpointInterface] Received ZMQ message - topic: 'pose', protocol_version: 4, num_fields: 4, total_size: 4 buffers
[ZMQEndpointInterface] *** Starting ZMQ processing ***
[ZMQEndpointInterface] Protocol version: 4
[ZMQEndpointInterface] Protocol v4: Received 64D token (latent action), tokens[0]=0.0382, frame_index: 519
[ZMQEndpointInterface] Protocol v4: Left hand joints set: [0.0000, 0.0041, 0.0000, -0.0059, 0.0000, 0.0000, 0.0000]
[ZMQEndpointInterface] Protocol v4: Right hand joints set: [0.0000, -0.0027, 0.0000, 0.0000, 0.0000, 0.0000, 0.0000]
[ZMQEndpointInterface] Received ZMQ message - topic: 'pose', protocol_version: 4, num_fields: 4, total_size: 4 buffers
[ZMQEndpointInterface] *** Starting ZMQ processing ***
[ZMQEndpointInterface] Protocol version: 4
[ZMQEndpointInterface] Protocol v4: Received 64D token (latent action), tokens[0]=0.0395, frame_index: 520
[ZMQEndpointInterface] Protocol v4: Left hand joints set: [0.0000, 0.0027, 0.0000, 0.0000, 0.0000, -0.0059, 0.0000]
[ZMQEndpointInterface] Protocol v4: Right hand joints set: [0.0000, -0.0055, -0.0055, 0.0000, 0.0000, 0.0117, 0.0146]
[ZMQEndpointInterface] Received ZMQ message - topic: 'pose', protocol_version: 4, num_fields: 4, total_size: 4 buffers
[ZMQEndpointInterface] *** Starting ZMQ processing ***
[ZMQEndpointInterface] Protocol version: 4
[ZMQEndpointInterface] Protocol v4: Received 64D token (latent action), tokens[0]=0.0412, frame_index: 521
[ZMQEndpointInterface] Protocol v4: Left hand joints set: [0.0000, 0.0000, 0.0000, 0.0000, 0.0000, 0.0000, -0.0059]
[ZMQEndpointInterface] Protocol v4: Right hand joints set: [0.0000, 0.0000, 0.0000, 0.0000, 0.0000, 0.0000, 0.0000]
[ZMQEndpointInterface] Received ZMQ message - topic: 'pose', protocol_version: 4, num_fields: 4, total_size: 4 buffers
[ZMQEndpointInterface] *** Starting ZMQ processing ***
[ZMQEndpointInterface] Protocol version: 4
[ZMQEndpointInterface] Protocol v4: Received 64D token (latent action), tokens[0]=0.0318, frame_index: 522
[ZMQEndpointInterface] Protocol v4: Left hand joints set: [0.0000, 0.0000, 0.0027, -0.0039, 0.0000, -0.0039, -0.0059]
[ZMQEndpointInterface] Protocol v4: Right hand joints set: [0.0000, -0.0014, 0.0000, 0.0000, 0.0000, 0.0000, 0.0000]
[ZMQEndpointInterface] Received ZMQ message - topic: 'pose', protocol_version: 4, num_fields: 4, total_size: 4 buffers
[ZMQEndpointInterface] *** Starting ZMQ processing ***
[ZMQEndpointInterface] Protocol version: 4
[ZMQEndpointInterface] Protocol v4: Received 64D token (latent action), tokens[0]=0.0335, frame_index: 523
[ZMQEndpointInterface] Protocol v4: Left hand joints set: [0.0000, 0.0000, 0.0000, -0.0059, 0.0000, -0.0039, 0.0000]
[ZMQEndpointInterface] Protocol v4: Right hand joints set: [0.0000, 0.0000, 0.0000, 0.0039, 0.0000, 0.0000, 0.0000]
[ZMQEndpointInterface] Received ZMQ message - topic: 'pose', protocol_version: 4, num_fields: 4, total_size: 4 buffers
[ZMQEndpointInterface] *** Starting ZMQ processing ***
[ZMQEndpointInterface] Protocol version: 4
[ZMQEndpointInterface] Protocol v4: Received 64D token (latent action), tokens[0]=0.0314, frame_index: 524
[ZMQEndpointInterface] Protocol v4: Left hand joints set: [0.0000, 0.0000, 0.0000, 0.0000, -0.0059, 0.0000, -0.0029]
[ZMQEndpointInterface] Protocol v4: Right hand joints set: [0.0000, -0.0014, 0.0000, 0.0000, 0.0000, 0.0000, 0.0000]
[ZMQEndpointInterface] Received ZMQ message - topic: 'pose', protocol_version: 4, num_fields: 4, total_size: 4 buffers
[ZMQEndpointInterface] *** Starting ZMQ processing ***
[ZMQEndpointInterface] Protocol version: 4
[ZMQEndpointInterface] Protocol v4: Received 64D token (latent action), tokens[0]=0.0327, frame_index: 525
[ZMQEndpointInterface] Protocol v4: Left hand joints set: [0.0000, 0.0000, 0.0027, -0.0020, 0.0000, -0.0020, 0.0000]
[ZMQEndpointInterface] Protocol v4: Right hand joints set: [0.0000, 0.0000, 0.0000, 0.0000, 0.0000, 0.0000, 0.0000]
[ZMQEndpointInterface] Received ZMQ message - topic: 'pose', protocol_version: 4, num_fields: 4, total_size: 4 buffers
[ZMQEndpointInterface] *** Starting ZMQ processing ***
[ZMQEndpointInterface] Protocol version: 4
[ZMQEndpointInterface] Protocol v4: Received 64D token (latent action), tokens[0]=0.0348, frame_index: 526
[ZMQEndpointInterface] Protocol v4: Left hand joints set: [0.0000, 0.0041, 0.0055, -0.0020, -0.0059, -0.0039, 0.0000]
[ZMQEndpointInterface] Protocol v4: Right hand joints set: [0.0000, -0.0027, 0.0000, 0.0020, 0.0000, 0.0000, 0.0000]
[ZMQEndpointInterface] Received ZMQ message - topic: 'pose', protocol_version: 4, num_fields: 4, total_size: 4 buffers
[ZMQEndpointInterface] *** Starting ZMQ processing ***
[ZMQEndpointInterface] Protocol version: 4
[ZMQEndpointInterface] Protocol v4: Received 64D token (latent action), tokens[0]=0.0361, frame_index: 527
[ZMQEndpointInterface] Protocol v4: Left hand joints set: [0.0000, 0.0000, 0.0041, 0.0000, 0.0000, 0.0000, 0.0000]
[ZMQEndpointInterface] Protocol v4: Right hand joints set: [0.0000, -0.0014, 0.0000, 0.0000, 0.0000, 0.0000, 0.0000]
[ZMQEndpointInterface] Received ZMQ message - topic: 'pose', protocol_version: 4, num_fields: 4, total_size: 4 buffers
[ZMQEndpointInterface] *** Starting ZMQ processing ***
[ZMQEndpointInterface] Protocol version: 4
[ZMQEndpointInterface] Protocol v4: Received 64D token (latent action), tokens[0]=0.0344, frame_index: 528
[ZMQEndpointInterface] Protocol v4: Left hand joints set: [0.0000, 0.0000, 0.0000, -0.0020, 0.0000, -0.0078, 0.0000]
[ZMQEndpointInterface] Protocol v4: Right hand joints set: [0.0000, 0.0000, 0.0000, 0.0039, 0.0000, 0.0000, 0.0000]
[ZMQEndpointInterface] Received ZMQ message - topic: 'pose', protocol_version: 4, num_fields: 4, total_size: 4 buffers
[ZMQEndpointInterface] *** Starting ZMQ processing ***
[ZMQEndpointInterface] Protocol version: 4
[ZMQEndpointInterface] Protocol v4: Received 64D token (latent action), tokens[0]=0.0339, frame_index: 529
[ZMQEndpointInterface] Protocol v4: Left hand joints set: [0.0000, 0.0000, 0.0000, 0.0000, -0.0029, -0.0039, 0.0000]
[ZMQEndpointInterface] Protocol v4: Right hand joints set: [0.0000, -0.0014, -0.0041, 0.0078, 0.0000, 0.0000, 0.0000]
[ZMQEndpointInterface] Received ZMQ message - topic: 'pose', protocol_version: 4, num_fields: 4, total_size: 4 buffers
[ZMQEndpointInterface] *** Starting ZMQ processing ***
[ZMQEndpointInterface] Protocol version: 4
[ZMQEndpointInterface] Protocol v4: Received 64D token (latent action), tokens[0]=0.0322, frame_index: 530
[ZMQEndpointInterface] Protocol v4: Left hand joints set: [0.0000, 0.0027, 0.0014, -0.0078, -0.0059, -0.0137, 0.0000]
[ZMQEndpointInterface] Protocol v4: Right hand joints set: [0.0000, 0.0000, 0.0000, 0.0020, 0.0000, 0.0000, 0.0000]
[ZMQEndpointInterface] Received ZMQ message - topic: 'pose', protocol_version: 4, num_fields: 4, total_size: 4 buffers
[ZMQEndpointInterface] *** Starting ZMQ processing ***
[ZMQEndpointInterface] Protocol version: 4
[ZMQEndpointInterface] Protocol v4: Received 64D token (latent action), tokens[0]=0.0339, frame_index: 531
[ZMQEndpointInterface] Protocol v4: Left hand joints set: [0.0000, 0.0000, 0.0055, 0.0000, -0.0117, -0.0098, 0.0000]
[ZMQEndpointInterface] Protocol v4: Right hand joints set: [0.0000, -0.0014, 0.0000, 0.0000, 0.0000, 0.0000, 0.0000]
[ZMQEndpointInterface] Received ZMQ message - topic: 'pose', protocol_version: 4, num_fields: 4, total_size: 4 buffers
[ZMQEndpointInterface] *** Starting ZMQ processing ***
[ZMQEndpointInterface] Protocol version: 4
[ZMQEndpointInterface] Protocol v4: Received 64D token (latent action), tokens[0]=0.0369, frame_index: 532
[ZMQEndpointInterface] Protocol v4: Left hand joints set: [0.0000, 0.0014, 0.0041, 0.0000, 0.0000, -0.0020, -0.0029]
[ZMQEndpointInterface] Protocol v4: Right hand joints set: [0.0000, -0.0027, 0.0000, 0.0000, 0.0000, 0.0000, 0.0000]
[ZMQEndpointInterface] Received ZMQ message - topic: 'pose', protocol_version: 4, num_fields: 4, total_size: 4 buffers
[ZMQEndpointInterface] *** Starting ZMQ processing ***
[ZMQEndpointInterface] Protocol version: 4
[ZMQEndpointInterface] Protocol v4: Received 64D token (latent action), tokens[0]=0.0356, frame_index: 533
[ZMQEndpointInterface] Protocol v4: Left hand joints set: [0.0000, 0.0027, 0.0000, -0.0156, 0.0000, -0.0039, -0.0029]
[ZMQEndpointInterface] Protocol v4: Right hand joints set: [0.0000, -0.0027, 0.0000, 0.0000, 0.0000, 0.0000, 0.0000]
[ZMQEndpointInterface] Received ZMQ message - topic: 'pose', protocol_version: 4, num_fields: 4, total_size: 4 buffers
[ZMQEndpointInterface] *** Starting ZMQ processing ***
[ZMQEndpointInterface] Protocol version: 4
[ZMQEndpointInterface] Protocol v4: Received 64D token (latent action), tokens[0]=0.0322, frame_index: 534
[ZMQEndpointInterface] Protocol v4: Left hand joints set: [0.0000, 0.0000, 0.0000, 0.0000, 0.0000, 0.0000, 0.0000]
[ZMQEndpointInterface] Protocol v4: Right hand joints set: [0.0000, -0.0027, 0.0000, 0.0098, 0.0000, 0.0020, 0.0000]
[ZMQEndpointInterface] Received ZMQ message - topic: 'pose', protocol_version: 4, num_fields: 4, total_size: 4 buffers
[ZMQEndpointInterface] *** Starting ZMQ processing ***
[ZMQEndpointInterface] Protocol version: 4
[ZMQEndpointInterface] Protocol v4: Received 64D token (latent action), tokens[0]=0.0348, frame_index: 535
[ZMQEndpointInterface] Protocol v4: Left hand joints set: [0.0000, 0.0000, 0.0027, -0.0020, -0.0059, -0.0098, -0.0059]
[ZMQEndpointInterface] Protocol v4: Right hand joints set: [0.0000, -0.0027, 0.0000, 0.0098, 0.0000, 0.0000, 0.0000]
[ZMQEndpointInterface] Received ZMQ message - topic: 'pose', protocol_version: 4, num_fields: 4, total_size: 4 buffers
[ZMQEndpointInterface] *** Starting ZMQ processing ***
[ZMQEndpointInterface] Protocol version: 4
[ZMQEndpointInterface] Protocol v4: Received 64D token (latent action), tokens[0]=0.0335, frame_index: 536
[ZMQEndpointInterface] Protocol v4: Left hand joints set: [0.0000, 0.0027, 0.0000, -0.0078, 0.0000, -0.0059, -0.0029]
[ZMQEndpointInterface] Protocol v4: Right hand joints set: [0.0000, -0.0041, 0.0000, 0.0078, 0.0000, 0.0000, 0.0000]
[ZMQEndpointInterface] Received ZMQ message - topic: 'pose', protocol_version: 4, num_fields: 4, total_size: 4 buffers
[ZMQEndpointInterface] *** Starting ZMQ processing ***
[ZMQEndpointInterface] Protocol version: 4
[ZMQEndpointInterface] Protocol v4: Received 64D token (latent action), tokens[0]=0.0309, frame_index: 537
[ZMQEndpointInterface] Protocol v4: Left hand joints set: [0.0000, 0.0000, 0.0000, -0.0039, 0.0000, -0.0078, 0.0000]
[ZMQEndpointInterface] Protocol v4: Right hand joints set: [0.0000, -0.0027, 0.0000, 0.0000, 0.0000, 0.0000, 0.0000]
[ZMQEndpointInterface] Received ZMQ message - topic: 'pose', protocol_version: 4, num_fields: 4, total_size: 4 buffers
[ZMQEndpointInterface] *** Starting ZMQ processing ***
[ZMQEndpointInterface] Protocol version: 4
[ZMQEndpointInterface] Protocol v4: Received 64D token (latent action), tokens[0]=0.0297, frame_index: 538
[ZMQEndpointInterface] Protocol v4: Left hand joints set: [0.0000, 0.0000, 0.0014, -0.0020, -0.0029, -0.0039, 0.0000]
[ZMQEndpointInterface] Protocol v4: Right hand joints set: [0.0000, -0.0041, 0.0000, 0.0039, 0.0000, 0.0000, 0.0000]
[ZMQEndpointInterface] Received ZMQ message - topic: 'pose', protocol_version: 4, num_fields: 4, total_size: 4 buffers
[ZMQEndpointInterface] *** Starting ZMQ processing ***
[ZMQEndpointInterface] Protocol version: 4
[ZMQEndpointInterface] Protocol v4: Received 64D token (latent action), tokens[0]=0.0280, frame_index: 539
[ZMQEndpointInterface] Protocol v4: Left hand joints set: [0.0000, 0.0027, 0.0000, -0.0039, -0.0059, -0.0078, 0.0000]
[ZMQEndpointInterface] Protocol v4: Right hand joints set: [0.0000, -0.0027, 0.0000, 0.0000, 0.0000, 0.0000, 0.0000]
[ZMQEndpointInterface] Received ZMQ message - topic: 'pose', protocol_version: 4, num_fields: 4, total_size: 4 buffers
[ZMQEndpointInterface] *** Starting ZMQ processing ***
[ZMQEndpointInterface] Protocol version: 4
[ZMQEndpointInterface] Protocol v4: Received 64D token (latent action), tokens[0]=0.0301, frame_index: 540
[ZMQEndpointInterface] Protocol v4: Left hand joints set: [0.0000, 0.0000, 0.0000, 0.0000, 0.0000, -0.0020, 0.0000]
[ZMQEndpointInterface] Protocol v4: Right hand joints set: [0.0000, -0.0014, 0.0000, 0.0039, 0.0000, 0.0000, 0.0000]
[ZMQEndpointInterface] Received ZMQ message - topic: 'pose', protocol_version: 4, num_fields: 4, total_size: 4 buffers
[ZMQEndpointInterface] *** Starting ZMQ processing ***
[ZMQEndpointInterface] Protocol version: 4
[ZMQEndpointInterface] Protocol v4: Received 64D token (latent action), tokens[0]=0.0280, frame_index: 541
[ZMQEndpointInterface] Protocol v4: Left hand joints set: [0.0000, 0.0055, 0.0027, -0.0020, -0.0029, -0.0059, -0.0029]
[ZMQEndpointInterface] Protocol v4: Right hand joints set: [0.0000, -0.0027, 0.0000, 0.0020, 0.0000, 0.0000, 0.0000]
[ZMQEndpointInterface] Received ZMQ message - topic: 'pose', protocol_version: 4, num_fields: 4, total_size: 4 buffers
[ZMQEndpointInterface] *** Starting ZMQ processing ***
[ZMQEndpointInterface] Protocol version: 4
[ZMQEndpointInterface] Protocol v4: Received 64D token (latent action), tokens[0]=0.0262, frame_index: 542
[ZMQEndpointInterface] Protocol v4: Left hand joints set: [0.0000, 0.0014, 0.0000, -0.0059, -0.0029, 0.0000, 0.0000]
[ZMQEndpointInterface] Protocol v4: Right hand joints set: [0.0000, -0.0041, 0.0000, 0.0039, 0.0000, 0.0000, 0.0000]
[ZMQEndpointInterface] Received ZMQ message - topic: 'pose', protocol_version: 4, num_fields: 4, total_size: 4 buffers
[ZMQEndpointInterface] *** Starting ZMQ processing ***
[ZMQEndpointInterface] Protocol version: 4
[ZMQEndpointInterface] Protocol v4: Received 64D token (latent action), tokens[0]=0.0305, frame_index: 543
[ZMQEndpointInterface] Protocol v4: Left hand joints set: [0.0000, 0.0000, 0.0027, -0.0020, -0.0059, -0.0020, -0.0088]
[ZMQEndpointInterface] Protocol v4: Right hand joints set: [0.0000, -0.0027, 0.0000, 0.0039, 0.0000, 0.0000, 0.0000]
[ZMQEndpointInterface] Received ZMQ message - topic: 'pose', protocol_version: 4, num_fields: 4, total_size: 4 buffers
[ZMQEndpointInterface] *** Starting ZMQ processing ***
[ZMQEndpointInterface] Protocol version: 4
[ZMQEndpointInterface] Protocol v4: Received 64D token (latent action), tokens[0]=0.0331, frame_index: 544
[ZMQEndpointInterface] Protocol v4: Left hand joints set: [0.0000, 0.0041, 0.0055, -0.0039, 0.0000, -0.0039, -0.0059]
[ZMQEndpointInterface] Protocol v4: Right hand joints set: [0.0000, -0.0068, 0.0000, 0.0078, 0.0000, 0.0000, 0.0000]
[ZMQEndpointInterface] Received ZMQ message - topic: 'pose', protocol_version: 4, num_fields: 4, total_size: 4 buffers
[ZMQEndpointInterface] *** Starting ZMQ processing ***
[ZMQEndpointInterface] Protocol version: 4
[ZMQEndpointInterface] Protocol v4: Received 64D token (latent action), tokens[0]=0.0327, frame_index: 545
[ZMQEndpointInterface] Protocol v4: Left hand joints set: [0.0000, 0.0027, 0.0000, -0.0059, 0.0000, -0.0039, 0.0000]
[ZMQEndpointInterface] Protocol v4: Right hand joints set: [0.0000, -0.0027, 0.0000, 0.0098, 0.0000, 0.0000, 0.0000]
[ZMQEndpointInterface] Received ZMQ message - topic: 'pose', protocol_version: 4, num_fields: 4, total_size: 4 buffers
[ZMQEndpointInterface] *** Starting ZMQ processing ***
[ZMQEndpointInterface] Protocol version: 4
[ZMQEndpointInterface] Protocol v4: Received 64D token (latent action), tokens[0]=0.0314, frame_index: 546
[ZMQEndpointInterface] Protocol v4: Left hand joints set: [0.0000, 0.0027, 0.0000, 0.0000, -0.0029, 0.0000, -0.0059]
[ZMQEndpointInterface] Protocol v4: Right hand joints set: [0.0000, -0.0027, 0.0000, 0.0078, 0.0000, 0.0000, 0.0000]
[ZMQEndpointInterface] Received ZMQ message - topic: 'pose', protocol_version: 4, num_fields: 4, total_size: 4 buffers
[ZMQEndpointInterface] *** Starting ZMQ processing ***
[ZMQEndpointInterface] Protocol version: 4
[ZMQEndpointInterface] Protocol v4: Received 64D token (latent action), tokens[0]=0.0305, frame_index: 547
[ZMQEndpointInterface] Protocol v4: Left hand joints set: [0.0000, 0.0068, 0.0000, -0.0059, 0.0000, -0.0039, -0.0176]
[ZMQEndpointInterface] Protocol v4: Right hand joints set: [0.0000, -0.0082, 0.0000, 0.0000, 0.0000, 0.0000, 0.0000]
[ZMQEndpointInterface] Received ZMQ message - topic: 'pose', protocol_version: 4, num_fields: 4, total_size: 4 buffers
[ZMQEndpointInterface] *** Starting ZMQ processing ***
[ZMQEndpointInterface] Protocol version: 4
[ZMQEndpointInterface] Protocol v4: Received 64D token (latent action), tokens[0]=0.0305, frame_index: 548
[ZMQEndpointInterface] Protocol v4: Left hand joints set: [0.0000, 0.0000, 0.0000, -0.0039, 0.0000, -0.0098, -0.0176]
[ZMQEndpointInterface] Protocol v4: Right hand joints set: [0.0000, -0.0041, 0.0000, 0.0078, 0.0000, 0.0000, 0.0000]
[Token Flow] Copied external tokens, tokens[0]=0.0305
[ZMQEndpointInterface] Received ZMQ message - topic: 'pose', protocol_version: 4, num_fields: 4, total_size: 4 buffers
[ZMQEndpointInterface] *** Starting ZMQ processing ***
[ZMQEndpointInterface] Protocol version: 4
[ZMQEndpointInterface] Protocol v4: Received 64D token (latent action), tokens[0]=0.0480, frame_index: 549
[ZMQEndpointInterface] Protocol v4: Left hand joints set: [0.0000, 0.0014, 0.0041, -0.0020, 0.0000, 0.0000, -0.0059]
[ZMQEndpointInterface] Protocol v4: Right hand joints set: [0.0000, -0.0014, 0.0000, 0.0000, 0.0000, 0.0000, 0.0000]
[ZMQEndpointInterface] Received ZMQ message - topic: 'pose', protocol_version: 4, num_fields: 4, total_size: 4 buffers
[ZMQEndpointInterface] *** Starting ZMQ processing ***
[ZMQEndpointInterface] Protocol version: 4
[ZMQEndpointInterface] Protocol v4: Received 64D token (latent action), tokens[0]=0.0485, frame_index: 550
[ZMQEndpointInterface] Protocol v4: Left hand joints set: [0.0000, 0.0000, 0.0055, 0.0000, -0.0059, -0.0078, 0.0000]
[ZMQEndpointInterface] Protocol v4: Right hand joints set: [0.0000, -0.0041, -0.0014, 0.0020, 0.0000, 0.0039, 0.0000]
[ZMQEndpointInterface] Received ZMQ message - topic: 'pose', protocol_version: 4, num_fields: 4, total_size: 4 buffers
[ZMQEndpointInterface] *** Starting ZMQ processing ***
[ZMQEndpointInterface] Protocol version: 4
[ZMQEndpointInterface] Protocol v4: Received 64D token (latent action), tokens[0]=0.0502, frame_index: 551
[ZMQEndpointInterface] Protocol v4: Left hand joints set: [0.0000, 0.0041, 0.0027, -0.0020, 0.0000, -0.0020, -0.0117]
[ZMQEndpointInterface] Protocol v4: Right hand joints set: [0.0000, -0.0027, 0.0000, 0.0000, 0.0000, 0.0078, 0.0000]
[ZMQEndpointInterface] Received ZMQ message - topic: 'pose', protocol_version: 4, num_fields: 4, total_size: 4 buffers
[ZMQEndpointInterface] *** Starting ZMQ processing ***
[ZMQEndpointInterface] Protocol version: 4
[ZMQEndpointInterface] Protocol v4: Received 64D token (latent action), tokens[0]=0.0544, frame_index: 552
[ZMQEndpointInterface] Protocol v4: Left hand joints set: [0.0000, 0.0055, 0.0068, -0.0078, 0.0000, -0.0078, 0.0000]
[ZMQEndpointInterface] Protocol v4: Right hand joints set: [0.0000, -0.0068, 0.0000, 0.0000, 0.0000, 0.0000, 0.0000]
[ZMQEndpointInterface] Received ZMQ message - topic: 'pose', protocol_version: 4, num_fields: 4, total_size: 4 buffers
[ZMQEndpointInterface] *** Starting ZMQ processing ***
[ZMQEndpointInterface] Protocol version: 4
[ZMQEndpointInterface] Protocol v4: Received 64D token (latent action), tokens[0]=0.0521, frame_index: 553
[ZMQEndpointInterface] Protocol v4: Left hand joints set: [0.0000, 0.0014, 0.0041, -0.0039, -0.0029, -0.0078, -0.0117]
[ZMQEndpointInterface] Protocol v4: Right hand joints set: [0.0000, -0.0055, 0.0000, 0.0000, 0.0000, 0.0000, 0.0000]
[ZMQEndpointInterface] Received ZMQ message - topic: 'pose', protocol_version: 4, num_fields: 4, total_size: 4 buffers
[ZMQEndpointInterface] *** Starting ZMQ processing ***
[ZMQEndpointInterface] Protocol version: 4
[ZMQEndpointInterface] Protocol v4: Received 64D token (latent action), tokens[0]=0.0519, frame_index: 554
[ZMQEndpointInterface] Protocol v4: Left hand joints set: [0.0000, 0.0027, 0.0096, -0.0117, -0.0029, -0.0039, -0.0059]
[ZMQEndpointInterface] Protocol v4: Right hand joints set: [0.0000, -0.0055, 0.0000, 0.0000, 0.0000, 0.0000, 0.0000]
[ZMQEndpointInterface] Received ZMQ message - topic: 'pose', protocol_version: 4, num_fields: 4, total_size: 4 buffers
[ZMQEndpointInterface] *** Starting ZMQ processing ***
[ZMQEndpointInterface] Protocol version: 4
[ZMQEndpointInterface] Protocol v4: Received 64D token (latent action), tokens[0]=0.0547, frame_index: 555
[ZMQEndpointInterface] Protocol v4: Left hand joints set: [0.0000, 0.0000, 0.0068, -0.0078, 0.0000, -0.0039, -0.0088]
[ZMQEndpointInterface] Protocol v4: Right hand joints set: [0.0000, -0.0027, 0.0000, 0.0020, 0.0000, 0.0039, 0.0000]
[ZMQEndpointInterface] Received ZMQ message - topic: 'pose', protocol_version: 4, num_fields: 4, total_size: 4 buffers
[ZMQEndpointInterface] *** Starting ZMQ processing ***
[ZMQEndpointInterface] Protocol version: 4
[ZMQEndpointInterface] Protocol v4: Received 64D token (latent action), tokens[0]=0.0579, frame_index: 556
[ZMQEndpointInterface] Protocol v4: Left hand joints set: [0.0000, 0.0027, 0.0082, -0.0059, -0.0059, -0.0078, -0.0117]
[ZMQEndpointInterface] Protocol v4: Right hand joints set: [0.0000, -0.0068, 0.0000, 0.0039, 0.0000, 0.0020, 0.0000]
Temporary motion completed.
Reset to frame 0.
[ZMQEndpointInterface] Received ZMQ message - topic: 'pose', protocol_version: 4, num_fields: 4, total_size: 4 buffers
[ZMQEndpointInterface] *** Starting ZMQ processing ***
[ZMQEndpointInterface] Protocol version: 4
[ZMQEndpointInterface] Protocol v4: Received 64D token (latent action), tokens[0]=0.0602, frame_index: 557
[ZMQEndpointInterface] Protocol v4: Left hand joints set: [0.0000, 0.0000, 0.0055, 0.0000, 0.0000, -0.0039, 0.0000]
[ZMQEndpointInterface] Protocol v4: Right hand joints set: [0.0000, -0.0055, 0.0000, 0.0000, 0.0000, 0.0078, 0.0000]
Reset heading state to 0.9982, -0.0006, -0.0501, -0.0340
Reset delta heading to 0
Reset init reference data root rotation to current frame: 0.9997, -0.0016, -0.0223, -0.0045
**********************************************************
Reference motion name: temporary_motion
**********************************************************
[ZMQEndpointInterface] Received ZMQ message - topic: 'pose', protocol_version: 4, num_fields: 4, total_size: 4 buffers
[ZMQEndpointInterface] *** Starting ZMQ processing ***
[ZMQEndpointInterface] Protocol version: 4
[ZMQEndpointInterface] Protocol v4: Received 64D token (latent action), tokens[0]=0.0587, frame_index: 558
[ZMQEndpointInterface] Protocol v4: Left hand joints set: [0.0000, 0.0068, 0.0055, -0.0039, -0.0059, -0.0039, 0.0000]
[ZMQEndpointInterface] Protocol v4: Right hand joints set: [0.0000, -0.0082, 0.0000, 0.0020, 0.0000, 0.0039, 0.0000]
[ZMQEndpointInterface] Received ZMQ message - topic: 'pose', protocol_version: 4, num_fields: 4, total_size: 4 buffers
[ZMQEndpointInterface] *** Starting ZMQ processing ***
[ZMQEndpointInterface] Protocol version: 4
[ZMQEndpointInterface] Protocol v4: Received 64D token (latent action), tokens[0]=0.0613, frame_index: 559
[ZMQEndpointInterface] Protocol v4: Left hand joints set: [0.0000, 0.0000, 0.0082, -0.0039, -0.0029, -0.0039, -0.0146]
[ZMQEndpointInterface] Protocol v4: Right hand joints set: [0.0000, -0.0055, 0.0000, 0.0000, 0.0000, 0.0020, 0.0000]
[ZMQEndpointInterface] Received ZMQ message - topic: 'pose', protocol_version: 4, num_fields: 4, total_size: 4 buffers
[ZMQEndpointInterface] *** Starting ZMQ processing ***
[ZMQEndpointInterface] Protocol version: 4
[ZMQEndpointInterface] Protocol v4: Received 64D token (latent action), tokens[0]=0.0572, frame_index: 560
[ZMQEndpointInterface] Protocol v4: Left hand joints set: [0.0000, 0.0014, 0.0123, -0.0059, 0.0000, -0.0156, -0.0059]
[ZMQEndpointInterface] Protocol v4: Right hand joints set: [0.0000, -0.0055, -0.0014, 0.0000, 0.0000, 0.0039, 0.0000]
[ZMQEndpointInterface] Received ZMQ message - topic: 'pose', protocol_version: 4, num_fields: 4, total_size: 4 buffers
[ZMQEndpointInterface] *** Starting ZMQ processing ***
[ZMQEndpointInterface] Protocol version: 4
[ZMQEndpointInterface] Protocol v4: Received 64D token (latent action), tokens[0]=0.0613, frame_index: 561
[ZMQEndpointInterface] Protocol v4: Left hand joints set: [0.0000, 0.0000, 0.0055, -0.0020, 0.0000, -0.0078, 0.0000]
[ZMQEndpointInterface] Protocol v4: Right hand joints set: [0.0000, -0.0055, -0.0014, 0.0000, 0.0000, 0.0039, 0.0000]
[ZMQEndpointInterface] Received ZMQ message - topic: 'pose', protocol_version: 4, num_fields: 4, total_size: 4 buffers
[ZMQEndpointInterface] *** Starting ZMQ processing ***
[ZMQEndpointInterface] Protocol version: 4
[ZMQEndpointInterface] Protocol v4: Received 64D token (latent action), tokens[0]=0.0621, frame_index: 562
[ZMQEndpointInterface] Protocol v4: Left hand joints set: [0.0000, 0.0041, 0.0109, -0.0078, 0.0000, -0.0078, -0.0059]
[ZMQEndpointInterface] Protocol v4: Right hand joints set: [0.0000, -0.0096, -0.0014, 0.0059, 0.0000, 0.0000, 0.0000]
[ZMQEndpointInterface] Received ZMQ message - topic: 'pose', protocol_version: 4, num_fields: 4, total_size: 4 buffers
[ZMQEndpointInterface] *** Starting ZMQ processing ***
[ZMQEndpointInterface] Protocol version: 4
[ZMQEndpointInterface] Protocol v4: Received 64D token (latent action), tokens[0]=0.0630, frame_index: 563
[ZMQEndpointInterface] Protocol v4: Left hand joints set: [0.0000, 0.0055, 0.0041, 0.0000, 0.0000, -0.0039, -0.0029]
[ZMQEndpointInterface] Protocol v4: Right hand joints set: [0.0000, -0.0109, -0.0014, 0.0000, 0.0000, 0.0000, 0.0000]
Loop timing - LowState age: 4.3860ms, Streaming data mean delay: 9.7297ms, Streaming data std delay: 5.7859ms, IMU age: 4.3780ms, Obs: 55us, Policy: 600us, Obs 2 Motor Command: 656us, Post processing: 58us | HandCloseRatio: 1.0000
[ZMQEndpointInterface] Received ZMQ message - topic: 'pose', protocol_version: 4, num_fields: 4, total_size: 4 buffers
[ZMQEndpointInterface] *** Starting ZMQ processing ***
[ZMQEndpointInterface] Protocol version: 4
[ZMQEndpointInterface] Protocol v4: Received 64D token (latent action), tokens[0]=0.0638, frame_index: 564
[ZMQEndpointInterface] Protocol v4: Left hand joints set: [0.0000, 0.0055, 0.0055, -0.0020, -0.0059, 0.0000, -0.0117]
[ZMQEndpointInterface] Protocol v4: Right hand joints set: [0.0000, -0.0082, 0.0000, 0.0000, 0.0000, 0.0020, 0.0000]
[ZMQEndpointInterface] Received ZMQ message - topic: 'pose', protocol_version: 4, num_fields: 4, total_size: 4 buffers
[ZMQEndpointInterface] *** Starting ZMQ processing ***
[ZMQEndpointInterface] Protocol version: 4
[ZMQEndpointInterface] Protocol v4: Received 64D token (latent action), tokens[0]=0.0643, frame_index: 565
[ZMQEndpointInterface] Protocol v4: Left hand joints set: [0.0000, 0.0000, 0.0137, -0.0020, 0.0000, -0.0039, -0.0117]
[ZMQEndpointInterface] Protocol v4: Right hand joints set: [0.0000, -0.0082, -0.0014, 0.0000, 0.0000, 0.0059, 0.0000]
[ZMQEndpointInterface] Received ZMQ message - topic: 'pose', protocol_version: 4, num_fields: 4, total_size: 4 buffers
[ZMQEndpointInterface] *** Starting ZMQ processing ***
[ZMQEndpointInterface] Protocol version: 4
[ZMQEndpointInterface] Protocol v4: Received 64D token (latent action), tokens[0]=0.0660, frame_index: 566
[ZMQEndpointInterface] Protocol v4: Left hand joints set: [0.0000, 0.0000, 0.0109, -0.0039, -0.0059, 0.0000, -0.0059]
[ZMQEndpointInterface] Protocol v4: Right hand joints set: [0.0000, 0.0000, 0.0000, 0.0000, 0.0000, 0.0000, 0.0000]
[ZMQEndpointInterface] Received ZMQ message - topic: 'pose', protocol_version: 4, num_fields: 4, total_size: 4 buffers
[ZMQEndpointInterface] *** Starting ZMQ processing ***
[ZMQEndpointInterface] Protocol version: 4
[ZMQEndpointInterface] Protocol v4: Received 64D token (latent action), tokens[0]=0.0651, frame_index: 567
[ZMQEndpointInterface] Protocol v4: Left hand joints set: [0.0000, 0.0000, 0.0082, -0.0039, 0.0000, -0.0020, -0.0059]
[ZMQEndpointInterface] Protocol v4: Right hand joints set: [0.0000, -0.0014, -0.0027, 0.0000, 0.0000, 0.0000, 0.0000]
[ZMQEndpointInterface] Received ZMQ message - topic: 'pose', protocol_version: 4, num_fields: 4, total_size: 4 buffers
[ZMQEndpointInterface] *** Starting ZMQ processing ***
[ZMQEndpointInterface] Protocol version: 4
[ZMQEndpointInterface] Protocol v4: Received 64D token (latent action), tokens[0]=0.0638, frame_index: 568
[ZMQEndpointInterface] Protocol v4: Left hand joints set: [0.0000, 0.0055, 0.0055, -0.0078, 0.0000, -0.0059, -0.0088]
[ZMQEndpointInterface] Protocol v4: Right hand joints set: [0.0000, -0.0068, -0.0014, 0.0000, 0.0000, 0.0078, 0.0000]
[ZMQEndpointInterface] Received ZMQ message - topic: 'pose', protocol_version: 4, num_fields: 4, total_size: 4 buffers
[ZMQEndpointInterface] *** Starting ZMQ processing ***
[ZMQEndpointInterface] Protocol version: 4
[ZMQEndpointInterface] Protocol v4: Received 64D token (latent action), tokens[0]=0.0676, frame_index: 569
[ZMQEndpointInterface] Protocol v4: Left hand joints set: [0.0000, 0.0000, 0.0068, -0.0098, 0.0000, 0.0000, -0.0117]
[ZMQEndpointInterface] Protocol v4: Right hand joints set: [0.0000, 0.0000, 0.0000, 0.0000, 0.0000, 0.0000, 0.0000]
[ZMQEndpointInterface] Received ZMQ message - topic: 'pose', protocol_version: 4, num_fields: 4, total_size: 4 buffers
[ZMQEndpointInterface] *** Starting ZMQ processing ***
[ZMQEndpointInterface] Protocol version: 4
[ZMQEndpointInterface] Protocol v4: Received 64D token (latent action), tokens[0]=0.0626, frame_index: 570
[ZMQEndpointInterface] Protocol v4: Left hand joints set: [0.0000, 0.0014, 0.0068, -0.0078, 0.0000, 0.0000, -0.0176]
[ZMQEndpointInterface] Protocol v4: Right hand joints set: [0.0000, -0.0014, 0.0000, 0.0000, 0.0000, 0.0000, 0.0000]
[ZMQEndpointInterface] Received ZMQ message - topic: 'pose', protocol_version: 4, num_fields: 4, total_size: 4 buffers
[ZMQEndpointInterface] *** Starting ZMQ processing ***
[ZMQEndpointInterface] Protocol version: 4
[ZMQEndpointInterface] Protocol v4: Received 64D token (latent action), tokens[0]=0.0636, frame_index: 571
[ZMQEndpointInterface] Protocol v4: Left hand joints set: [0.0000, 0.0055, 0.0082, -0.0039, -0.0088, -0.0117, -0.0059]
[ZMQEndpointInterface] Protocol v4: Right hand joints set: [0.0000, -0.0055, -0.0027, 0.0000, 0.0000, 0.0039, 0.0000]
[ZMQEndpointInterface] Received ZMQ message - topic: 'pose', protocol_version: 4, num_fields: 4, total_size: 4 buffers
[ZMQEndpointInterface] *** Starting ZMQ processing ***
[ZMQEndpointInterface] Protocol version: 4
[ZMQEndpointInterface] Protocol v4: Received 64D token (latent action), tokens[0]=0.0630, frame_index: 572
[ZMQEndpointInterface] Protocol v4: Left hand joints set: [0.0000, 0.0068, 0.0082, 0.0000, -0.0059, -0.0039, -0.0117]
[ZMQEndpointInterface] Protocol v4: Right hand joints set: [0.0000, -0.0055, -0.0014, 0.0039, 0.0000, 0.0039, 0.0059]
[ZMQEndpointInterface] Received ZMQ message - topic: 'pose', protocol_version: 4, num_fields: 4, total_size: 4 buffers
[ZMQEndpointInterface] *** Starting ZMQ processing ***
[ZMQEndpointInterface] Protocol version: 4
[ZMQEndpointInterface] Protocol v4: Received 64D token (latent action), tokens[0]=0.0658, frame_index: 573
[ZMQEndpointInterface] Protocol v4: Left hand joints set: [0.0000, 0.0027, 0.0082, -0.0059, -0.0059, 0.0000, -0.0088]
[ZMQEndpointInterface] Protocol v4: Right hand joints set: [0.0000, 0.0000, 0.0000, 0.0000, 0.0000, 0.0117, 0.0000]
[ZMQEndpointInterface] Received ZMQ message - topic: 'pose', protocol_version: 4, num_fields: 4, total_size: 4 buffers
[ZMQEndpointInterface] *** Starting ZMQ processing ***
[ZMQEndpointInterface] Protocol version: 4
[ZMQEndpointInterface] Protocol v4: Received 64D token (latent action), tokens[0]=0.0636, frame_index: 574
[ZMQEndpointInterface] Protocol v4: Left hand joints set: [0.0000, 0.0055, 0.0068, -0.0078, -0.0117, -0.0020, -0.0176]
[ZMQEndpointInterface] Protocol v4: Right hand joints set: [0.0000, -0.0014, -0.0027, 0.0000, 0.0000, 0.0059, 0.0000]
[ZMQEndpointInterface] Received ZMQ message - topic: 'pose', protocol_version: 4, num_fields: 4, total_size: 4 buffers
[ZMQEndpointInterface] *** Starting ZMQ processing ***
[ZMQEndpointInterface] Protocol version: 4
[ZMQEndpointInterface] Protocol v4: Received 64D token (latent action), tokens[0]=0.0630, frame_index: 575
[ZMQEndpointInterface] Protocol v4: Left hand joints set: [0.0000, 0.0027, 0.0082, 0.0000, -0.0117, -0.0059, -0.0146]
[ZMQEndpointInterface] Protocol v4: Right hand joints set: [0.0000, 0.0000, 0.0000, 0.0000, 0.0000, 0.0078, 0.0000]
[ZMQEndpointInterface] Received ZMQ message - topic: 'pose', protocol_version: 4, num_fields: 4, total_size: 4 buffers
[ZMQEndpointInterface] *** Starting ZMQ processing ***
[ZMQEndpointInterface] Protocol version: 4
[ZMQEndpointInterface] Protocol v4: Received 64D token (latent action), tokens[0]=0.0335, frame_index: 576
[ZMQEndpointInterface] Protocol v4: Left hand joints set: [0.0000, 0.0027, 0.0041, 0.0000, -0.0059, 0.0000, 0.0000]
[ZMQEndpointInterface] Protocol v4: Right hand joints set: [0.0000, -0.0041, -0.0014, 0.0020, 0.0000, 0.0000, 0.0000]
[ZMQEndpointInterface] Received ZMQ message - topic: 'pose', protocol_version: 4, num_fields: 4, total_size: 4 buffers
[ZMQEndpointInterface] *** Starting ZMQ processing ***
[ZMQEndpointInterface] Protocol version: 4
[ZMQEndpointInterface] Protocol v4: Received 64D token (latent action), tokens[0]=0.0382, frame_index: 577
[ZMQEndpointInterface] Protocol v4: Left hand joints set: [0.0000, 0.0000, 0.0055, 0.0000, 0.0000, -0.0020, 0.0000]
[ZMQEndpointInterface] Protocol v4: Right hand joints set: [0.0000, 0.0000, 0.0000, 0.0000, 0.0000, 0.0000, 0.0000]
[ZMQEndpointInterface] Received ZMQ message - topic: 'pose', protocol_version: 4, num_fields: 4, total_size: 4 buffers
[ZMQEndpointInterface] *** Starting ZMQ processing ***
[ZMQEndpointInterface] Protocol version: 4
[ZMQEndpointInterface] Protocol v4: Received 64D token (latent action), tokens[0]=0.0374, frame_index: 578
[ZMQEndpointInterface] Protocol v4: Left hand joints set: [0.0000, 0.0041, 0.0041, 0.0000, -0.0088, 0.0000, 0.0000]
[ZMQEndpointInterface] Protocol v4: Right hand joints set: [0.0000, -0.0027, 0.0000, 0.0000, 0.0000, 0.0000, 0.0000]
[ZMQEndpointInterface] Received ZMQ message - topic: 'pose', protocol_version: 4, num_fields: 4, total_size: 4 buffers
[ZMQEndpointInterface] *** Starting ZMQ processing ***
[ZMQEndpointInterface] Protocol version: 4
[ZMQEndpointInterface] Protocol v4: Received 64D token (latent action), tokens[0]=0.0382, frame_index: 579
[ZMQEndpointInterface] Protocol v4: Left hand joints set: [0.0000, 0.0055, 0.0027, -0.0020, -0.0088, -0.0039, -0.0059]
[ZMQEndpointInterface] Protocol v4: Right hand joints set: [0.0000, -0.0041, 0.0000, 0.0000, 0.0000, 0.0000, 0.0000]
[ZMQEndpointInterface] Received ZMQ message - topic: 'pose', protocol_version: 4, num_fields: 4, total_size: 4 buffers
[ZMQEndpointInterface] *** Starting ZMQ processing ***
[ZMQEndpointInterface] Protocol version: 4
[ZMQEndpointInterface] Protocol v4: Received 64D token (latent action), tokens[0]=0.0374, frame_index: 580
[ZMQEndpointInterface] Protocol v4: Left hand joints set: [0.0000, 0.0041, 0.0000, 0.0000, -0.0117, 0.0000, 0.0000]
[ZMQEndpointInterface] Protocol v4: Right hand joints set: [0.0000, -0.0055, -0.0027, 0.0000, 0.0000, 0.0000, 0.0000]
[ZMQEndpointInterface] Received ZMQ message - topic: 'pose', protocol_version: 4, num_fields: 4, total_size: 4 buffers
[ZMQEndpointInterface] *** Starting ZMQ processing ***
[ZMQEndpointInterface] Protocol version: 4
[ZMQEndpointInterface] Protocol v4: Received 64D token (latent action), tokens[0]=0.0414, frame_index: 581
[ZMQEndpointInterface] Protocol v4: Left hand joints set: [0.0000, 0.0000, 0.0000, -0.0039, -0.0029, 0.0000, 0.0000]
[ZMQEndpointInterface] Protocol v4: Right hand joints set: [0.0000, -0.0041, -0.0027, 0.0000, 0.0000, 0.0000, 0.0000]
[ZMQEndpointInterface] Received ZMQ message - topic: 'pose', protocol_version: 4, num_fields: 4, total_size: 4 buffers
[ZMQEndpointInterface] *** Starting ZMQ processing ***
[ZMQEndpointInterface] Protocol version: 4
[ZMQEndpointInterface] Protocol v4: Received 64D token (latent action), tokens[0]=0.0406, frame_index: 582
[ZMQEndpointInterface] Protocol v4: Left hand joints set: [0.0000, 0.0068, 0.0000, 0.0000, -0.0059, -0.0098, 0.0000]
[ZMQEndpointInterface] Protocol v4: Right hand joints set: [0.0000, -0.0041, -0.0068, 0.0000, 0.0000, 0.0000, 0.0000]
[ZMQEndpointInterface] Received ZMQ message - topic: 'pose', protocol_version: 4, num_fields: 4, total_size: 4 buffers
[ZMQEndpointInterface] *** Starting ZMQ processing ***
[ZMQEndpointInterface] Protocol version: 4
[ZMQEndpointInterface] Protocol v4: Received 64D token (latent action), tokens[0]=0.0391, frame_index: 583
[ZMQEndpointInterface] Protocol v4: Left hand joints set: [0.0000, 0.0000, 0.0041, 0.0000, 0.0000, 0.0000, 0.0000]
[ZMQEndpointInterface] Protocol v4: Right hand joints set: [0.0000, -0.0055, -0.0055, 0.0000, 0.0000, 0.0000, 0.0000]
[ZMQEndpointInterface] Received ZMQ message - topic: 'pose', protocol_version: 4, num_fields: 4, total_size: 4 buffers
[ZMQEndpointInterface] *** Starting ZMQ processing ***
[ZMQEndpointInterface] Protocol version: 4
[ZMQEndpointInterface] Protocol v4: Received 64D token (latent action), tokens[0]=0.0406, frame_index: 584
[ZMQEndpointInterface] Protocol v4: Left hand joints set: [0.0000, 0.0000, 0.0000, 0.0000, 0.0000, -0.0039, 0.0000]
[ZMQEndpointInterface] Protocol v4: Right hand joints set: [0.0000, -0.0027, 0.0000, 0.0039, 0.0029, 0.0000, 0.0000]
[ZMQEndpointInterface] Received ZMQ message - topic: 'pose', protocol_version: 4, num_fields: 4, total_size: 4 buffers
[ZMQEndpointInterface] *** Starting ZMQ processing ***
[ZMQEndpointInterface] Protocol version: 4
[ZMQEndpointInterface] Protocol v4: Received 64D token (latent action), tokens[0]=0.0403, frame_index: 585
[ZMQEndpointInterface] Protocol v4: Left hand joints set: [0.0000, 0.0041, 0.0000, 0.0000, -0.0029, 0.0000, 0.0000]
[ZMQEndpointInterface] Protocol v4: Right hand joints set: [0.0000, -0.0055, -0.0041, 0.0000, 0.0000, 0.0000, 0.0000]
[ZMQEndpointInterface] Received ZMQ message - topic: 'pose', protocol_version: 4, num_fields: 4, total_size: 4 buffers
[ZMQEndpointInterface] *** Starting ZMQ processing ***
[ZMQEndpointInterface] Protocol version: 4
[ZMQEndpointInterface] Protocol v4: Received 64D token (latent action), tokens[0]=0.0386, frame_index: 586
[ZMQEndpointInterface] Protocol v4: Left hand joints set: [0.0000, 0.0014, 0.0027, -0.0059, 0.0000, 0.0000, 0.0000]
[ZMQEndpointInterface] Protocol v4: Right hand joints set: [0.0000, -0.0055, -0.0027, 0.0000, 0.0029, 0.0000, 0.0000]
[ZMQEndpointInterface] Received ZMQ message - topic: 'pose', protocol_version: 4, num_fields: 4, total_size: 4 buffers
[ZMQEndpointInterface] *** Starting ZMQ processing ***
[ZMQEndpointInterface] Protocol version: 4
[ZMQEndpointInterface] Protocol v4: Received 64D token (latent action), tokens[0]=0.0408, frame_index: 587
[ZMQEndpointInterface] Protocol v4: Left hand joints set: [0.0000, 0.0000, 0.0027, 0.0000, -0.0088, 0.0000, 0.0000]
[ZMQEndpointInterface] Protocol v4: Right hand joints set: [0.0000, -0.0055, -0.0055, 0.0000, 0.0000, 0.0000, 0.0000]
[ZMQEndpointInterface] Received ZMQ message - topic: 'pose', protocol_version: 4, num_fields: 4, total_size: 4 buffers
[ZMQEndpointInterface] *** Starting ZMQ processing ***
[ZMQEndpointInterface] Protocol version: 4
[ZMQEndpointInterface] Protocol v4: Received 64D token (latent action), tokens[0]=0.0408, frame_index: 588
[ZMQEndpointInterface] Protocol v4: Left hand joints set: [0.0000, 0.0027, 0.0027, 0.0000, -0.0059, 0.0000, 0.0000]
[ZMQEndpointInterface] Protocol v4: Right hand joints set: [0.0000, -0.0082, -0.0027, 0.0000, 0.0000, 0.0000, 0.0000]
[ZMQEndpointInterface] Received ZMQ message - topic: 'pose', protocol_version: 4, num_fields: 4, total_size: 4 buffers
[ZMQEndpointInterface] *** Starting ZMQ processing ***
[ZMQEndpointInterface] Protocol version: 4
[ZMQEndpointInterface] Protocol v4: Received 64D token (latent action), tokens[0]=0.0399, frame_index: 589
[ZMQEndpointInterface] Protocol v4: Left hand joints set: [0.0000, 0.0041, 0.0000, -0.0078, -0.0029, -0.0059, 0.0000]
[ZMQEndpointInterface] Protocol v4: Right hand joints set: [0.0000, -0.0041, -0.0014, 0.0000, 0.0000, 0.0000, 0.0000]
[ZMQEndpointInterface] Received ZMQ message - topic: 'pose', protocol_version: 4, num_fields: 4, total_size: 4 buffers
[ZMQEndpointInterface] *** Starting ZMQ processing ***
[ZMQEndpointInterface] Protocol version: 4
[ZMQEndpointInterface] Protocol v4: Received 64D token (latent action), tokens[0]=0.0408, frame_index: 590
[ZMQEndpointInterface] Protocol v4: Left hand joints set: [0.0000, 0.0055, 0.0000, 0.0000, -0.0029, 0.0000, 0.0000]
[ZMQEndpointInterface] Protocol v4: Right hand joints set: [0.0000, 0.0000, -0.0041, 0.0000, 0.0029, 0.0000, 0.0000]
[ZMQEndpointInterface] Received ZMQ message - topic: 'pose', protocol_version: 4, num_fields: 4, total_size: 4 buffers
[ZMQEndpointInterface] *** Starting ZMQ processing ***
[ZMQEndpointInterface] Protocol version: 4
[ZMQEndpointInterface] Protocol v4: Received 64D token (latent action), tokens[0]=0.0395, frame_index: 591
[ZMQEndpointInterface] Protocol v4: Left hand joints set: [0.0000, 0.0000, 0.0000, 0.0000, 0.0000, 0.0000, 0.0000]
[ZMQEndpointInterface] Protocol v4: Right hand joints set: [0.0000, -0.0068, 0.0000, 0.0000, 0.0000, 0.0000, 0.0000]
[ZMQEndpointInterface] Received ZMQ message - topic: 'pose', protocol_version: 4, num_fields: 4, total_size: 4 buffers
[ZMQEndpointInterface] *** Starting ZMQ processing ***
[ZMQEndpointInterface] Protocol version: 4
[ZMQEndpointInterface] Protocol v4: Received 64D token (latent action), tokens[0]=0.0429, frame_index: 592
[ZMQEndpointInterface] Protocol v4: Left hand joints set: [0.0000, 0.0041, 0.0000, -0.0059, -0.0029, 0.0000, -0.0029]
[ZMQEndpointInterface] Protocol v4: Right hand joints set: [0.0000, -0.0014, 0.0000, 0.0020, 0.0000, 0.0020, 0.0000]
[ZMQEndpointInterface] Received ZMQ message - topic: 'pose', protocol_version: 4, num_fields: 4, total_size: 4 buffers
[ZMQEndpointInterface] *** Starting ZMQ processing ***
[ZMQEndpointInterface] Protocol version: 4
[ZMQEndpointInterface] Protocol v4: Received 64D token (latent action), tokens[0]=0.0412, frame_index: 593
[ZMQEndpointInterface] Protocol v4: Left hand joints set: [0.0000, 0.0000, 0.0068, 0.0000, -0.0029, -0.0039, 0.0000]
[ZMQEndpointInterface] Protocol v4: Right hand joints set: [0.0000, -0.0027, -0.0027, 0.0000, 0.0000, 0.0000, 0.0000]
[ZMQEndpointInterface] Received ZMQ message - topic: 'pose', protocol_version: 4, num_fields: 4, total_size: 4 buffers
[ZMQEndpointInterface] *** Starting ZMQ processing ***
[ZMQEndpointInterface] Protocol version: 4
[ZMQEndpointInterface] Protocol v4: Received 64D token (latent action), tokens[0]=0.0433, frame_index: 594
[ZMQEndpointInterface] Protocol v4: Left hand joints set: [0.0000, 0.0055, 0.0068, 0.0000, -0.0029, 0.0000, 0.0000]
[ZMQEndpointInterface] Protocol v4: Right hand joints set: [0.0000, -0.0027, 0.0000, 0.0039, 0.0000, 0.0000, 0.0000]
[ZMQEndpointInterface] Received ZMQ message - topic: 'pose', protocol_version: 4, num_fields: 4, total_size: 4 buffers
[ZMQEndpointInterface] *** Starting ZMQ processing ***
[ZMQEndpointInterface] Protocol version: 4
[ZMQEndpointInterface] Protocol v4: Received 64D token (latent action), tokens[0]=0.0429, frame_index: 595
[ZMQEndpointInterface] Protocol v4: Left hand joints set: [0.0000, 0.0014, 0.0027, -0.0020, 0.0000, 0.0000, -0.0029]
[ZMQEndpointInterface] Protocol v4: Right hand joints set: [0.0000, -0.0055, 0.0000, 0.0000, 0.0000, 0.0020, 0.0000]
[ZMQEndpointInterface] Received ZMQ message - topic: 'pose', protocol_version: 4, num_fields: 4, total_size: 4 buffers
[ZMQEndpointInterface] *** Starting ZMQ processing ***
[ZMQEndpointInterface] Protocol version: 4
[ZMQEndpointInterface] Protocol v4: Received 64D token (latent action), tokens[0]=0.0416, frame_index: 596
[ZMQEndpointInterface] Protocol v4: Left hand joints set: [0.0000, 0.0055, 0.0027, -0.0020, 0.0000, 0.0000, 0.0000]
[ZMQEndpointInterface] Protocol v4: Right hand joints set: [0.0000, -0.0055, -0.0027, 0.0000, 0.0000, 0.0000, 0.0000]
[ZMQEndpointInterface] Received ZMQ message - topic: 'pose', protocol_version: 4, num_fields: 4, total_size: 4 buffers
[ZMQEndpointInterface] *** Starting ZMQ processing ***
[ZMQEndpointInterface] Protocol version: 4
[ZMQEndpointInterface] Protocol v4: Received 64D token (latent action), tokens[0]=0.0433, frame_index: 597
[ZMQEndpointInterface] Protocol v4: Left hand joints set: [0.0000, 0.0041, 0.0000, 0.0000, 0.0000, 0.0000, -0.0059]
[ZMQEndpointInterface] Protocol v4: Right hand joints set: [0.0000, -0.0109, -0.0055, 0.0020, 0.0000, 0.0000, 0.0000]
[ZMQEndpointInterface] Received ZMQ message - topic: 'pose', protocol_version: 4, num_fields: 4, total_size: 4 buffers
[ZMQEndpointInterface] *** Starting ZMQ processing ***
[ZMQEndpointInterface] Protocol version: 4
[ZMQEndpointInterface] Protocol v4: Received 64D token (latent action), tokens[0]=0.0463, frame_index: 598
[ZMQEndpointInterface] Protocol v4: Left hand joints set: [0.0000, 0.0041, 0.0014, 0.0000, -0.0088, 0.0000, 0.0000]
[ZMQEndpointInterface] Protocol v4: Right hand joints set: [0.0000, -0.0027, 0.0000, 0.0000, 0.0059, 0.0000, 0.0000]
[Token Flow] Copied external tokens, tokens[0]=0.0463
[ZMQEndpointInterface] Received ZMQ message - topic: 'pose', protocol_version: 4, num_fields: 4, total_size: 4 buffers
[ZMQEndpointInterface] *** Starting ZMQ processing ***
[ZMQEndpointInterface] Protocol version: 4
[ZMQEndpointInterface] Protocol v4: Received 64D token (latent action), tokens[0]=0.0423, frame_index: 599
[ZMQEndpointInterface] Protocol v4: Left hand joints set: [0.0000, 0.0055, 0.0055, -0.0020, -0.0059, 0.0000, -0.0059]
[ZMQEndpointInterface] Protocol v4: Right hand joints set: [0.0000, -0.0082, -0.0027, 0.0020, 0.0000, 0.0039, 0.0000]
[ZMQEndpointInterface] Received ZMQ message - topic: 'pose', protocol_version: 4, num_fields: 4, total_size: 4 buffers
[ZMQEndpointInterface] *** Starting ZMQ processing ***
[ZMQEndpointInterface] Protocol version: 4
[ZMQEndpointInterface] Protocol v4: Received 64D token (latent action), tokens[0]=0.0474, frame_index: 600
[ZMQEndpointInterface] Protocol v4: Left hand joints set: [0.0000, 0.0055, 0.0000, -0.0039, 0.0000, 0.0000, 0.0000]
[ZMQEndpointInterface] Protocol v4: Right hand joints set: [0.0000, -0.0082, -0.0055, 0.0059, 0.0000, 0.0000, 0.0000]
[ZMQEndpointInterface] Received ZMQ message - topic: 'pose', protocol_version: 4, num_fields: 4, total_size: 4 buffers
[ZMQEndpointInterface] *** Starting ZMQ processing ***
[ZMQEndpointInterface] Protocol version: 4
[ZMQEndpointInterface] Protocol v4: Received 64D token (latent action), tokens[0]=0.0446, frame_index: 601
[ZMQEndpointInterface] Protocol v4: Left hand joints set: [0.0000, 0.0027, 0.0000, -0.0039, -0.0059, -0.0078, 0.0000]
[ZMQEndpointInterface] Protocol v4: Right hand joints set: [0.0000, -0.0055, -0.0027, 0.0078, 0.0000, 0.0000, 0.0000]
[ZMQEndpointInterface] Received ZMQ message - topic: 'pose', protocol_version: 4, num_fields: 4, total_size: 4 buffers
[ZMQEndpointInterface] *** Starting ZMQ processing ***
[ZMQEndpointInterface] Protocol version: 4
[ZMQEndpointInterface] Protocol v4: Received 64D token (latent action), tokens[0]=0.0459, frame_index: 602
[ZMQEndpointInterface] Protocol v4: Left hand joints set: [0.0000, 0.0041, 0.0014, -0.0059, 0.0000, 0.0000, -0.0059]
[ZMQEndpointInterface] Protocol v4: Right hand joints set: [0.0000, 0.0000, -0.0068, 0.0078, 0.0000, 0.0059, 0.0000]
[ZMQEndpointInterface] Received ZMQ message - topic: 'pose', protocol_version: 4, num_fields: 4, total_size: 4 buffers
[ZMQEndpointInterface] *** Starting ZMQ processing ***
[ZMQEndpointInterface] Protocol version: 4
[ZMQEndpointInterface] Protocol v4: Received 64D token (latent action), tokens[0]=0.0455, frame_index: 603
[ZMQEndpointInterface] Protocol v4: Left hand joints set: [0.0000, 0.0000, 0.0014, -0.0020, 0.0000, 0.0000, 0.0000]
[ZMQEndpointInterface] Protocol v4: Right hand joints set: [0.0000, 0.0000, 0.0000, 0.0000, 0.0000, 0.0000, 0.0000]
[ZMQEndpointInterface] Received ZMQ message - topic: 'pose', protocol_version: 4, num_fields: 4, total_size: 4 buffers
[ZMQEndpointInterface] *** Starting ZMQ processing ***
[ZMQEndpointInterface] Protocol version: 4
[ZMQEndpointInterface] Protocol v4: Received 64D token (latent action), tokens[0]=0.0446, frame_index: 604
[ZMQEndpointInterface] Protocol v4: Left hand joints set: [0.0000, 0.0000, 0.0055, 0.0000, 0.0000, 0.0000, 0.0000]
[ZMQEndpointInterface] Protocol v4: Right hand joints set: [0.0000, 0.0000, 0.0000, 0.0000, 0.0000, 0.0000, 0.0000]
[ZMQEndpointInterface] Received ZMQ message - topic: 'pose', protocol_version: 4, num_fields: 4, total_size: 4 buffers
[ZMQEndpointInterface] *** Starting ZMQ processing ***
[ZMQEndpointInterface] Protocol version: 4
[ZMQEndpointInterface] Protocol v4: Received 64D token (latent action), tokens[0]=0.0459, frame_index: 605
[ZMQEndpointInterface] Protocol v4: Left hand joints set: [0.0000, 0.0000, 0.0000, -0.0059, 0.0000, -0.0039, 0.0000]
[ZMQEndpointInterface] Protocol v4: Right hand joints set: [0.0000, 0.0000, 0.0000, 0.0000, 0.0000, 0.0000, 0.0000]
[ZMQEndpointInterface] Received ZMQ message - topic: 'pose', protocol_version: 4, num_fields: 4, total_size: 4 buffers
[ZMQEndpointInterface] *** Starting ZMQ processing ***
[ZMQEndpointInterface] Protocol version: 4
[ZMQEndpointInterface] Protocol v4: Received 64D token (latent action), tokens[0]=0.0478, frame_index: 606
[ZMQEndpointInterface] Protocol v4: Left hand joints set: [0.0000, 0.0027, 0.0000, -0.0020, -0.0059, -0.0020, 0.0000]
[ZMQEndpointInterface] Protocol v4: Right hand joints set: [0.0000, 0.0000, 0.0000, 0.0000, 0.0000, 0.0000, 0.0000]
[ZMQEndpointInterface] Received ZMQ message - topic: 'pose', protocol_version: 4, num_fields: 4, total_size: 4 buffers
[ZMQEndpointInterface] *** Starting ZMQ processing ***
[ZMQEndpointInterface] Protocol version: 4
[ZMQEndpointInterface] Protocol v4: Received 64D token (latent action), tokens[0]=0.0549, frame_index: 607
[ZMQEndpointInterface] Protocol v4: Left hand joints set: [0.0000, 0.0000, 0.0000, -0.0020, 0.0000, 0.0000, 0.0000]
[ZMQEndpointInterface] Protocol v4: Right hand joints set: [0.0000, 0.0000, 0.0000, 0.0000, 0.0000, 0.0000, 0.0000]
[ZMQEndpointInterface] Received ZMQ message - topic: 'pose', protocol_version: 4, num_fields: 4, total_size: 4 buffers
[ZMQEndpointInterface] *** Starting ZMQ processing ***
[ZMQEndpointInterface] Protocol version: 4
[ZMQEndpointInterface] Protocol v4: Received 64D token (latent action), tokens[0]=0.0544, frame_index: 608
[ZMQEndpointInterface] Protocol v4: Left hand joints set: [0.0000, 0.0000, 0.0014, -0.0059, -0.0029, 0.0000, 0.0000]
[ZMQEndpointInterface] Protocol v4: Right hand joints set: [0.0000, 0.0000, 0.0000, 0.0000, 0.0000, 0.0000, 0.0000]
[ZMQEndpointInterface] Received ZMQ message - topic: 'pose', protocol_version: 4, num_fields: 4, total_size: 4 buffers
[ZMQEndpointInterface] *** Starting ZMQ processing ***
[ZMQEndpointInterface] Protocol version: 4
[ZMQEndpointInterface] Protocol v4: Received 64D token (latent action), tokens[0]=0.0568, frame_index: 609
[ZMQEndpointInterface] Protocol v4: Left hand joints set: [0.0000, 0.0055, 0.0027, -0.0020, 0.0000, 0.0000, 0.0000]
[ZMQEndpointInterface] Protocol v4: Right hand joints set: [0.0000, -0.0027, 0.0000, 0.0000, 0.0000, 0.0000, 0.0000]
[ZMQEndpointInterface] Received ZMQ message - topic: 'pose', protocol_version: 4, num_fields: 4, total_size: 4 buffers
[ZMQEndpointInterface] *** Starting ZMQ processing ***
[ZMQEndpointInterface] Protocol version: 4
[ZMQEndpointInterface] Protocol v4: Received 64D token (latent action), tokens[0]=0.0596, frame_index: 610
[ZMQEndpointInterface] Protocol v4: Left hand joints set: [0.0000, 0.0000, 0.0027, -0.0039, 0.0000, 0.0000, 0.0000]
[ZMQEndpointInterface] Protocol v4: Right hand joints set: [0.0000, 0.0000, 0.0000, 0.0000, 0.0000, 0.0000, 0.0000]
[ZMQEndpointInterface] Received ZMQ message - topic: 'pose', protocol_version: 4, num_fields: 4, total_size: 4 buffers
[ZMQEndpointInterface] *** Starting ZMQ processing ***
[ZMQEndpointInterface] Protocol version: 4
[ZMQEndpointInterface] Protocol v4: Received 64D token (latent action), tokens[0]=0.0617, frame_index: 611
[ZMQEndpointInterface] Protocol v4: Left hand joints set: [0.0000, 0.0000, 0.0055, -0.0078, 0.0000, 0.0000, 0.0000]
[ZMQEndpointInterface] Protocol v4: Right hand joints set: [0.0000, 0.0000, 0.0000, 0.0000, 0.0000, 0.0000, 0.0000]
[ZMQEndpointInterface] Received ZMQ message - topic: 'pose', protocol_version: 4, num_fields: 4, total_size: 4 buffers
[ZMQEndpointInterface] *** Starting ZMQ processing ***
[ZMQEndpointInterface] Protocol version: 4
[ZMQEndpointInterface] Protocol v4: Received 64D token (latent action), tokens[0]=0.0632, frame_index: 612
[ZMQEndpointInterface] Protocol v4: Left hand joints set: [0.0000, 0.0000, 0.0000, -0.0039, -0.0059, 0.0000, 0.0000]
[ZMQEndpointInterface] Protocol v4: Right hand joints set: [0.0000, 0.0000, 0.0000, 0.0000, 0.0000, 0.0000, 0.0000]
[ZMQEndpointInterface] Received ZMQ message - topic: 'pose', protocol_version: 4, num_fields: 4, total_size: 4 buffers
[ZMQEndpointInterface] *** Starting ZMQ processing ***
[ZMQEndpointInterface] Protocol version: 4
[ZMQEndpointInterface] Protocol v4: Received 64D token (latent action), tokens[0]=0.0623, frame_index: 613
[ZMQEndpointInterface] Protocol v4: Left hand joints set: [0.0000, 0.0000, 0.0000, -0.0059, 0.0000, 0.0000, 0.0000]
[ZMQEndpointInterface] Protocol v4: Right hand joints set: [0.0000, 0.0000, 0.0000, 0.0000, 0.0000, 0.0000, 0.0000]
Loop timing - LowState age: 4.6450ms, Streaming data mean delay: 9.6591ms, Streaming data std delay: 5.5599ms, IMU age: 4.6300ms, Obs: 71us, Policy: 610us, Obs 2 Motor Command: 681us, Post processing: 24us | HandCloseRatio: 1.0000
[ZMQEndpointInterface] Received ZMQ message - topic: 'pose', protocol_version: 4, num_fields: 4, total_size: 4 buffers
[ZMQEndpointInterface] *** Starting ZMQ processing ***
[ZMQEndpointInterface] Protocol version: 4
[ZMQEndpointInterface] Protocol v4: Received 64D token (latent action), tokens[0]=0.0651, frame_index: 614
[ZMQEndpointInterface] Protocol v4: Left hand joints set: [0.0000, 0.0000, 0.0000, 0.0000, 0.0000, 0.0000, 0.0000]
[ZMQEndpointInterface] Protocol v4: Right hand joints set: [0.0000, 0.0000, 0.0000, 0.0000, 0.0000, 0.0000, 0.0000]
[ZMQEndpointInterface] Received ZMQ message - topic: 'pose', protocol_version: 4, num_fields: 4, total_size: 4 buffers
[ZMQEndpointInterface] *** Starting ZMQ processing ***
[ZMQEndpointInterface] Protocol version: 4
[ZMQEndpointInterface] Protocol v4: Received 64D token (latent action), tokens[0]=0.0626, frame_index: 615
[ZMQEndpointInterface] Protocol v4: Left hand joints set: [0.0000, 0.0000, 0.0014, 0.0000, 0.0000, 0.0000, 0.0000]
[ZMQEndpointInterface] Protocol v4: Right hand joints set: [0.0000, 0.0000, 0.0000, 0.0000, 0.0000, 0.0000, 0.0000]
[ZMQEndpointInterface] Received ZMQ message - topic: 'pose', protocol_version: 4, num_fields: 4, total_size: 4 buffers
[ZMQEndpointInterface] *** Starting ZMQ processing ***
[ZMQEndpointInterface] Protocol version: 4
[ZMQEndpointInterface] Protocol v4: Received 64D token (latent action), tokens[0]=0.0643, frame_index: 616
[ZMQEndpointInterface] Protocol v4: Left hand joints set: [0.0000, 0.0027, 0.0027, 0.0000, -0.0059, 0.0000, 0.0000]
[ZMQEndpointInterface] Protocol v4: Right hand joints set: [0.0000, 0.0000, 0.0000, 0.0000, 0.0000, 0.0000, 0.0000]
[ZMQEndpointInterface] Received ZMQ message - topic: 'pose', protocol_version: 4, num_fields: 4, total_size: 4 buffers
[ZMQEndpointInterface] *** Starting ZMQ processing ***
[ZMQEndpointInterface] Protocol version: 4
[ZMQEndpointInterface] Protocol v4: Received 64D token (latent action), tokens[0]=0.0638, frame_index: 617
[ZMQEndpointInterface] Protocol v4: Left hand joints set: [0.0000, 0.0000, 0.0041, 0.0000, 0.0000, 0.0000, 0.0000]
[ZMQEndpointInterface] Protocol v4: Right hand joints set: [0.0000, 0.0000, 0.0000, 0.0000, 0.0000, 0.0000, 0.0000]
[ZMQEndpointInterface] Received ZMQ message - topic: 'pose', protocol_version: 4, num_fields: 4, total_size: 4 buffers
[ZMQEndpointInterface] *** Starting ZMQ processing ***
[ZMQEndpointInterface] Protocol version: 4
[ZMQEndpointInterface] Protocol v4: Received 64D token (latent action), tokens[0]=0.0638, frame_index: 618
[ZMQEndpointInterface] Protocol v4: Left hand joints set: [0.0000, 0.0014, 0.0000, 0.0000, -0.0059, 0.0000, 0.0000]
[ZMQEndpointInterface] Protocol v4: Right hand joints set: [0.0000, 0.0000, 0.0000, 0.0000, 0.0000, 0.0000, 0.0000]
Temporary motion completed.
Reset to frame 0.
[ZMQEndpointInterface] Received ZMQ message - topic: 'pose', protocol_version: 4, num_fields: 4, total_size: 4 buffers
[ZMQEndpointInterface] *** Starting ZMQ processing ***
[ZMQEndpointInterface] Protocol version: 4
[ZMQEndpointInterface] Protocol v4: Received 64D token (latent action), tokens[0]=0.0634, frame_index: 619
[ZMQEndpointInterface] Protocol v4: Left hand joints set: [0.0000, 0.0000, 0.0014, 0.0000, -0.0059, 0.0000, 0.0000]
[ZMQEndpointInterface] Protocol v4: Right hand joints set: [0.0000, 0.0000, 0.0000, 0.0000, 0.0000, 0.0000, 0.0000]
Reset heading state to 0.9990, 0.0001, -0.0289, -0.0327
Reset delta heading to 0
Reset init reference data root rotation to current frame: 0.9997, -0.0016, -0.0223, -0.0045
**********************************************************
Reference motion name: temporary_motion
**********************************************************
[ZMQEndpointInterface] Received ZMQ message - topic: 'pose', protocol_version: 4, num_fields: 4, total_size: 4 buffers
[ZMQEndpointInterface] *** Starting ZMQ processing ***
[ZMQEndpointInterface] Protocol version: 4
[ZMQEndpointInterface] Protocol v4: Received 64D token (latent action), tokens[0]=0.0665, frame_index: 620
[ZMQEndpointInterface] Protocol v4: Left hand joints set: [0.0000, 0.0000, 0.0014, 0.0000, -0.0117, 0.0000, 0.0000]
[ZMQEndpointInterface] Protocol v4: Right hand joints set: [0.0000, 0.0000, 0.0000, 0.0000, 0.0000, 0.0000, 0.0000]
[ZMQEndpointInterface] Received ZMQ message - topic: 'pose', protocol_version: 4, num_fields: 4, total_size: 4 buffers
[ZMQEndpointInterface] *** Starting ZMQ processing ***
[ZMQEndpointInterface] Protocol version: 4
[ZMQEndpointInterface] Protocol v4: Received 64D token (latent action), tokens[0]=0.0673, frame_index: 621
[ZMQEndpointInterface] Protocol v4: Left hand joints set: [0.0000, 0.0000, 0.0000, 0.0000, 0.0000, 0.0000, 0.0000]
[ZMQEndpointInterface] Protocol v4: Right hand joints set: [0.0000, 0.0000, 0.0000, 0.0000, 0.0000, 0.0000, 0.0000]
[ZMQEndpointInterface] Received ZMQ message - topic: 'pose', protocol_version: 4, num_fields: 4, total_size: 4 buffers
[ZMQEndpointInterface] *** Starting ZMQ processing ***
[ZMQEndpointInterface] Protocol version: 4
[ZMQEndpointInterface] Protocol v4: Received 64D token (latent action), tokens[0]=0.0679, frame_index: 622
[ZMQEndpointInterface] Protocol v4: Left hand joints set: [0.0000, 0.0014, 0.0014, 0.0000, 0.0000, 0.0000, 0.0000]
[ZMQEndpointInterface] Protocol v4: Right hand joints set: [0.0000, 0.0000, 0.0000, 0.0000, 0.0000, 0.0000, 0.0000]
[ZMQEndpointInterface] Received ZMQ message - topic: 'pose', protocol_version: 4, num_fields: 4, total_size: 4 buffers
[ZMQEndpointInterface] *** Starting ZMQ processing ***
[ZMQEndpointInterface] Protocol version: 4
[ZMQEndpointInterface] Protocol v4: Received 64D token (latent action), tokens[0]=0.0700, frame_index: 623
[ZMQEndpointInterface] Protocol v4: Left hand joints set: [0.0000, 0.0000, 0.0000, -0.0020, 0.0000, 0.0000, 0.0000]
[ZMQEndpointInterface] Protocol v4: Right hand joints set: [0.0000, 0.0000, 0.0000, 0.0000, 0.0000, 0.0000, 0.0000]
[ZMQEndpointInterface] Received ZMQ message - topic: 'pose', protocol_version: 4, num_fields: 4, total_size: 4 buffers
[ZMQEndpointInterface] *** Starting ZMQ processing ***
[ZMQEndpointInterface] Protocol version: 4
[ZMQEndpointInterface] Protocol v4: Received 64D token (latent action), tokens[0]=0.0711, frame_index: 624
[ZMQEndpointInterface] Protocol v4: Left hand joints set: [0.0000, 0.0000, 0.0027, 0.0000, 0.0000, -0.0039, 0.0000]
[ZMQEndpointInterface] Protocol v4: Right hand joints set: [0.0000, 0.0000, 0.0000, 0.0000, 0.0000, 0.0000, 0.0000]
[ZMQEndpointInterface] Received ZMQ message - topic: 'pose', protocol_version: 4, num_fields: 4, total_size: 4 buffers
[ZMQEndpointInterface] *** Starting ZMQ processing ***
[ZMQEndpointInterface] Protocol version: 4
[ZMQEndpointInterface] Protocol v4: Received 64D token (latent action), tokens[0]=0.0732, frame_index: 625
[ZMQEndpointInterface] Protocol v4: Left hand joints set: [0.0000, 0.0000, 0.0000, 0.0000, 0.0000, 0.0000, 0.0000]
[ZMQEndpointInterface] Protocol v4: Right hand joints set: [0.0000, 0.0000, 0.0000, 0.0000, 0.0000, 0.0000, 0.0000]
[ZMQEndpointInterface] Received ZMQ message - topic: 'pose', protocol_version: 4, num_fields: 4, total_size: 4 buffers
[ZMQEndpointInterface] *** Starting ZMQ processing ***
[ZMQEndpointInterface] Protocol version: 4
[ZMQEndpointInterface] Protocol v4: Received 64D token (latent action), tokens[0]=0.0739, frame_index: 626
[ZMQEndpointInterface] Protocol v4: Left hand joints set: [0.0000, 0.0000, 0.0000, 0.0000, 0.0000, 0.0000, 0.0000]
[ZMQEndpointInterface] Protocol v4: Right hand joints set: [0.0000, 0.0000, 0.0000, 0.0000, 0.0000, 0.0000, 0.0000]
[ZMQEndpointInterface] Received ZMQ message - topic: 'pose', protocol_version: 4, num_fields: 4, total_size: 4 buffers
[ZMQEndpointInterface] *** Starting ZMQ processing ***
[ZMQEndpointInterface] Protocol version: 4
[ZMQEndpointInterface] Protocol v4: Received 64D token (latent action), tokens[0]=0.0754, frame_index: 627
[ZMQEndpointInterface] Protocol v4: Left hand joints set: [0.0000, 0.0000, 0.0000, -0.0020, -0.0029, 0.0000, 0.0000]
[ZMQEndpointInterface] Protocol v4: Right hand joints set: [0.0000, 0.0000, 0.0000, 0.0000, 0.0000, 0.0000, 0.0000]
[ZMQEndpointInterface] Received ZMQ message - topic: 'pose', protocol_version: 4, num_fields: 4, total_size: 4 buffers
[ZMQEndpointInterface] *** Starting ZMQ processing ***
[ZMQEndpointInterface] Protocol version: 4
[ZMQEndpointInterface] Protocol v4: Received 64D token (latent action), tokens[0]=0.0769, frame_index: 628
[ZMQEndpointInterface] Protocol v4: Left hand joints set: [0.0000, 0.0000, 0.0027, 0.0000, 0.0000, 0.0000, 0.0000]
[ZMQEndpointInterface] Protocol v4: Right hand joints set: [0.0000, -0.0014, -0.0014, 0.0000, 0.0000, 0.0000, 0.0000]
[ZMQEndpointInterface] Received ZMQ message - topic: 'pose', protocol_version: 4, num_fields: 4, total_size: 4 buffers
[ZMQEndpointInterface] *** Starting ZMQ processing ***
[ZMQEndpointInterface] Protocol version: 4
[ZMQEndpointInterface] Protocol v4: Received 64D token (latent action), tokens[0]=0.0732, frame_index: 629
[ZMQEndpointInterface] Protocol v4: Left hand joints set: [0.0000, 0.0000, 0.0041, -0.0059, -0.0088, 0.0000, 0.0000]
[ZMQEndpointInterface] Protocol v4: Right hand joints set: [0.0000, -0.0014, 0.0000, 0.0000, 0.0000, 0.0000, 0.0000]
[ZMQEndpointInterface] Received ZMQ message - topic: 'pose', protocol_version: 4, num_fields: 4, total_size: 4 buffers
[ZMQEndpointInterface] *** Starting ZMQ processing ***
[ZMQEndpointInterface] Protocol version: 4
[ZMQEndpointInterface] Protocol v4: Received 64D token (latent action), tokens[0]=0.0681, frame_index: 630
[ZMQEndpointInterface] Protocol v4: Left hand joints set: [0.0000, 0.0055, 0.0055, 0.0000, 0.0000, -0.0059, -0.0059]
[ZMQEndpointInterface] Protocol v4: Right hand joints set: [0.0000, -0.0027, 0.0000, 0.0000, 0.0000, 0.0000, 0.0000]
[ZMQEndpointInterface] Received ZMQ message - topic: 'pose', protocol_version: 4, num_fields: 4, total_size: 4 buffers
[ZMQEndpointInterface] *** Starting ZMQ processing ***
[ZMQEndpointInterface] Protocol version: 4
[ZMQEndpointInterface] Protocol v4: Received 64D token (latent action), tokens[0]=0.0668, frame_index: 631
[ZMQEndpointInterface] Protocol v4: Left hand joints set: [0.0000, 0.0123, 0.0082, -0.0020, -0.0088, -0.0039, 0.0000]
[ZMQEndpointInterface] Protocol v4: Right hand joints set: [0.0000, -0.0027, 0.0000, 0.0000, 0.0000, 0.0000, 0.0000]
[ZMQEndpointInterface] Received ZMQ message - topic: 'pose', protocol_version: 4, num_fields: 4, total_size: 4 buffers
[ZMQEndpointInterface] *** Starting ZMQ processing ***
[ZMQEndpointInterface] Protocol version: 4
[ZMQEndpointInterface] Protocol v4: Received 64D token (latent action), tokens[0]=0.0695, frame_index: 632
[ZMQEndpointInterface] Protocol v4: Left hand joints set: [0.0000, 0.0055, 0.0027, -0.0020, -0.0088, -0.0078, 0.0000]
[ZMQEndpointInterface] Protocol v4: Right hand joints set: [0.0000, -0.0014, 0.0000, 0.0000, 0.0000, 0.0000, 0.0000]
[ZMQEndpointInterface] Received ZMQ message - topic: 'pose', protocol_version: 4, num_fields: 4, total_size: 4 buffers
[ZMQEndpointInterface] *** Starting ZMQ processing ***
[ZMQEndpointInterface] Protocol version: 4
[ZMQEndpointInterface] Protocol v4: Received 64D token (latent action), tokens[0]=0.0651, frame_index: 633
[ZMQEndpointInterface] Protocol v4: Left hand joints set: [0.0000, 0.0096, 0.0000, 0.0000, 0.0000, -0.0098, 0.0000]
[ZMQEndpointInterface] Protocol v4: Right hand joints set: [0.0000, -0.0014, 0.0000, 0.0000, 0.0000, 0.0000, 0.0000]
[ZMQEndpointInterface] Received ZMQ message - topic: 'pose', protocol_version: 4, num_fields: 4, total_size: 4 buffers
[ZMQEndpointInterface] *** Starting ZMQ processing ***
[ZMQEndpointInterface] Protocol version: 4
[ZMQEndpointInterface] Protocol v4: Received 64D token (latent action), tokens[0]=0.0679, frame_index: 634
[ZMQEndpointInterface] Protocol v4: Left hand joints set: [0.0000, 0.0055, 0.0082, 0.0000, -0.0059, -0.0059, 0.0000]
[ZMQEndpointInterface] Protocol v4: Right hand joints set: [0.0000, -0.0068, 0.0000, 0.0000, 0.0000, 0.0000, 0.0000]
[ZMQEndpointInterface] Received ZMQ message - topic: 'pose', protocol_version: 4, num_fields: 4, total_size: 4 buffers
[ZMQEndpointInterface] *** Starting ZMQ processing ***
[ZMQEndpointInterface] Protocol version: 4
[ZMQEndpointInterface] Protocol v4: Received 64D token (latent action), tokens[0]=0.0643, frame_index: 635
[ZMQEndpointInterface] Protocol v4: Left hand joints set: [0.0000, 0.0068, 0.0055, 0.0000, -0.0059, -0.0059, 0.0000]
[ZMQEndpointInterface] Protocol v4: Right hand joints set: [0.0000, -0.0014, 0.0000, 0.0000, 0.0000, 0.0000, 0.0000]
[ZMQEndpointInterface] Received ZMQ message - topic: 'pose', protocol_version: 4, num_fields: 4, total_size: 4 buffers
[ZMQEndpointInterface] *** Starting ZMQ processing ***
[ZMQEndpointInterface] Protocol version: 4
[ZMQEndpointInterface] Protocol v4: Received 64D token (latent action), tokens[0]=0.0651, frame_index: 636
[ZMQEndpointInterface] Protocol v4: Left hand joints set: [0.0000, 0.0041, 0.0014, 0.0000, -0.0029, -0.0098, 0.0000]
[ZMQEndpointInterface] Protocol v4: Right hand joints set: [0.0000, -0.0027, 0.0000, 0.0000, 0.0000, 0.0000, 0.0000]
[ZMQEndpointInterface] Received ZMQ message - topic: 'pose', protocol_version: 4, num_fields: 4, total_size: 4 buffers
[ZMQEndpointInterface] *** Starting ZMQ processing ***
[ZMQEndpointInterface] Protocol version: 4
[ZMQEndpointInterface] Protocol v4: Received 64D token (latent action), tokens[0]=0.0636, frame_index: 637
[ZMQEndpointInterface] Protocol v4: Left hand joints set: [0.0000, 0.0027, 0.0000, 0.0000, 0.0000, -0.0039, 0.0000]
[ZMQEndpointInterface] Protocol v4: Right hand joints set: [0.0000, -0.0027, 0.0000, 0.0000, 0.0000, 0.0000, 0.0000]
[ZMQEndpointInterface] Received ZMQ message - topic: 'pose', protocol_version: 4, num_fields: 4, total_size: 4 buffers
[ZMQEndpointInterface] *** Starting ZMQ processing ***
[ZMQEndpointInterface] Protocol version: 4
[ZMQEndpointInterface] Protocol v4: Received 64D token (latent action), tokens[0]=0.0649, frame_index: 638
[ZMQEndpointInterface] Protocol v4: Left hand joints set: [0.0000, 0.0027, 0.0027, 0.0000, -0.0029, -0.0078, 0.0000]
[ZMQEndpointInterface] Protocol v4: Right hand joints set: [0.0000, 0.0000, 0.0000, 0.0000, 0.0000, 0.0000, 0.0000]
[ZMQEndpointInterface] Received ZMQ message - topic: 'pose', protocol_version: 4, num_fields: 4, total_size: 4 buffers
[ZMQEndpointInterface] *** Starting ZMQ processing ***
[ZMQEndpointInterface] Protocol version: 4
[ZMQEndpointInterface] Protocol v4: Received 64D token (latent action), tokens[0]=0.0621, frame_index: 639
[ZMQEndpointInterface] Protocol v4: Left hand joints set: [0.0000, 0.0055, 0.0055, -0.0020, -0.0059, -0.0117, -0.0117]
[ZMQEndpointInterface] Protocol v4: Right hand joints set: [0.0000, -0.0041, 0.0000, 0.0000, 0.0029, 0.0000, 0.0000]
[ZMQEndpointInterface] Received ZMQ message - topic: 'pose', protocol_version: 4, num_fields: 4, total_size: 4 buffers
[ZMQEndpointInterface] *** Starting ZMQ processing ***
[ZMQEndpointInterface] Protocol version: 4
[ZMQEndpointInterface] Protocol v4: Received 64D token (latent action), tokens[0]=0.0615, frame_index: 640
[ZMQEndpointInterface] Protocol v4: Left hand joints set: [0.0000, 0.0055, 0.0041, 0.0000, -0.0059, -0.0039, 0.0000]
[ZMQEndpointInterface] Protocol v4: Right hand joints set: [0.0000, -0.0027, 0.0000, 0.0000, 0.0000, 0.0000, 0.0000]
[ZMQEndpointInterface] Received ZMQ message - topic: 'pose', protocol_version: 4, num_fields: 4, total_size: 4 buffers
[ZMQEndpointInterface] *** Starting ZMQ processing ***
[ZMQEndpointInterface] Protocol version: 4
[ZMQEndpointInterface] Protocol v4: Received 64D token (latent action), tokens[0]=0.0585, frame_index: 641
[ZMQEndpointInterface] Protocol v4: Left hand joints set: [0.0000, 0.0041, 0.0027, 0.0000, -0.0117, -0.0117, -0.0117]
[ZMQEndpointInterface] Protocol v4: Right hand joints set: [0.0000, 0.0000, 0.0000, 0.0000, 0.0000, 0.0000, 0.0000]
[ZMQEndpointInterface] Received ZMQ message - topic: 'pose', protocol_version: 4, num_fields: 4, total_size: 4 buffers
[ZMQEndpointInterface] *** Starting ZMQ processing ***
[ZMQEndpointInterface] Protocol version: 4
[ZMQEndpointInterface] Protocol v4: Received 64D token (latent action), tokens[0]=0.0585, frame_index: 642
[ZMQEndpointInterface] Protocol v4: Left hand joints set: [0.0000, 0.0068, 0.0055, -0.0020, -0.0117, -0.0078, -0.0059]
[ZMQEndpointInterface] Protocol v4: Right hand joints set: [0.0000, 0.0000, 0.0000, 0.0000, 0.0000, 0.0000, 0.0000]
[ZMQEndpointInterface] Received ZMQ message - topic: 'pose', protocol_version: 4, num_fields: 4, total_size: 4 buffers
[ZMQEndpointInterface] *** Starting ZMQ processing ***
[ZMQEndpointInterface] Protocol version: 4
[ZMQEndpointInterface] Protocol v4: Received 64D token (latent action), tokens[0]=0.0579, frame_index: 643
[ZMQEndpointInterface] Protocol v4: Left hand joints set: [0.0000, 0.0055, 0.0123, -0.0039, -0.0029, -0.0078, 0.0000]
[ZMQEndpointInterface] Protocol v4: Right hand joints set: [0.0000, -0.0014, 0.0000, 0.0000, 0.0000, 0.0000, 0.0000]
[ZMQEndpointInterface] Received ZMQ message - topic: 'pose', protocol_version: 4, num_fields: 4, total_size: 4 buffers
[ZMQEndpointInterface] *** Starting ZMQ processing ***
[ZMQEndpointInterface] Protocol version: 4
[ZMQEndpointInterface] Protocol v4: Received 64D token (latent action), tokens[0]=0.0532, frame_index: 644
[ZMQEndpointInterface] Protocol v4: Left hand joints set: [0.0000, 0.0068, 0.0123, 0.0000, -0.0117, -0.0059, -0.0088]
[ZMQEndpointInterface] Protocol v4: Right hand joints set: [0.0000, 0.0000, 0.0000, 0.0020, 0.0000, 0.0000, 0.0000]
[ZMQEndpointInterface] Received ZMQ message - topic: 'pose', protocol_version: 4, num_fields: 4, total_size: 4 buffers
[ZMQEndpointInterface] *** Starting ZMQ processing ***
[ZMQEndpointInterface] Protocol version: 4
[ZMQEndpointInterface] Protocol v4: Received 64D token (latent action), tokens[0]=0.0525, frame_index: 645
[ZMQEndpointInterface] Protocol v4: Left hand joints set: [0.0000, 0.0027, 0.0137, -0.0039, -0.0146, -0.0098, -0.0176]
[ZMQEndpointInterface] Protocol v4: Right hand joints set: [0.0000, -0.0027, 0.0000, 0.0000, 0.0000, 0.0000, 0.0000]
[ZMQEndpointInterface] Received ZMQ message - topic: 'pose', protocol_version: 4, num_fields: 4, total_size: 4 buffers
[ZMQEndpointInterface] *** Starting ZMQ processing ***
[ZMQEndpointInterface] Protocol version: 4
[ZMQEndpointInterface] Protocol v4: Received 64D token (latent action), tokens[0]=0.0519, frame_index: 646
[ZMQEndpointInterface] Protocol v4: Left hand joints set: [0.0000, 0.0014, 0.0082, 0.0000, -0.0088, -0.0176, -0.0029]
[ZMQEndpointInterface] Protocol v4: Right hand joints set: [0.0000, 0.0000, 0.0000, 0.0000, 0.0000, 0.0000, 0.0000]
[ZMQEndpointInterface] Received ZMQ message - topic: 'pose', protocol_version: 4, num_fields: 4, total_size: 4 buffers
[ZMQEndpointInterface] *** Starting ZMQ processing ***
[ZMQEndpointInterface] Protocol version: 4
[ZMQEndpointInterface] Protocol v4: Received 64D token (latent action), tokens[0]=0.0504, frame_index: 647
[ZMQEndpointInterface] Protocol v4: Left hand joints set: [0.0000, 0.0000, 0.0000, 0.0000, -0.0176, -0.0117, 0.0000]
[ZMQEndpointInterface] Protocol v4: Right hand joints set: [0.0000, 0.0000, 0.0000, 0.0000, 0.0000, 0.0000, 0.0000]
[ZMQEndpointInterface] Received ZMQ message - topic: 'pose', protocol_version: 4, num_fields: 4, total_size: 4 buffers
[ZMQEndpointInterface] *** Starting ZMQ processing ***
[ZMQEndpointInterface] Protocol version: 4
[ZMQEndpointInterface] Protocol v4: Received 64D token (latent action), tokens[0]=0.0510, frame_index: 648
[ZMQEndpointInterface] Protocol v4: Left hand joints set: [0.0000, 0.0014, 0.0055, 0.0000, -0.0117, -0.0078, 0.0000]
[ZMQEndpointInterface] Protocol v4: Right hand joints set: [0.0000, 0.0000, 0.0000, 0.0000, 0.0000, 0.0000, 0.0000]
[Token Flow] Copied external tokens, tokens[0]=0.0510
[ZMQEndpointInterface] Received ZMQ message - topic: 'pose', protocol_version: 4, num_fields: 4, total_size: 4 buffers
[ZMQEndpointInterface] *** Starting ZMQ processing ***
[ZMQEndpointInterface] Protocol version: 4
[ZMQEndpointInterface] Protocol v4: Received 64D token (latent action), tokens[0]=0.0542, frame_index: 649
[ZMQEndpointInterface] Protocol v4: Left hand joints set: [0.0000, 0.0027, 0.0109, -0.0039, -0.0176, -0.0078, -0.0088]
[ZMQEndpointInterface] Protocol v4: Right hand joints set: [0.0000, 0.0000, 0.0000, 0.0000, 0.0000, 0.0000, 0.0000]
[ZMQEndpointInterface] Received ZMQ message - topic: 'pose', protocol_version: 4, num_fields: 4, total_size: 4 buffers
[ZMQEndpointInterface] *** Starting ZMQ processing ***
[ZMQEndpointInterface] Protocol version: 4
[ZMQEndpointInterface] Protocol v4: Received 64D token (latent action), tokens[0]=0.0472, frame_index: 650
[ZMQEndpointInterface] Protocol v4: Left hand joints set: [0.0000, 0.0041, 0.0068, 0.0000, -0.0059, -0.0059, -0.0029]
[ZMQEndpointInterface] Protocol v4: Right hand joints set: [0.0000, 0.0000, 0.0000, 0.0000, 0.0000, 0.0039, 0.0000]
[ZMQEndpointInterface] Received ZMQ message - topic: 'pose', protocol_version: 4, num_fields: 4, total_size: 4 buffers
[ZMQEndpointInterface] *** Starting ZMQ processing ***
[ZMQEndpointInterface] Protocol version: 4
[ZMQEndpointInterface] Protocol v4: Received 64D token (latent action), tokens[0]=0.0502, frame_index: 651
[ZMQEndpointInterface] Protocol v4: Left hand joints set: [0.0000, 0.0055, 0.0109, 0.0000, -0.0234, -0.0137, -0.0059]
[ZMQEndpointInterface] Protocol v4: Right hand joints set: [0.0000, 0.0000, 0.0000, 0.0000, 0.0000, 0.0000, 0.0000]
[ZMQEndpointInterface] Received ZMQ message - topic: 'pose', protocol_version: 4, num_fields: 4, total_size: 4 buffers
[ZMQEndpointInterface] *** Starting ZMQ processing ***
[ZMQEndpointInterface] Protocol version: 4
[ZMQEndpointInterface] Protocol v4: Received 64D token (latent action), tokens[0]=0.0455, frame_index: 652
[ZMQEndpointInterface] Protocol v4: Left hand joints set: [0.0000, 0.0055, 0.0068, -0.0039, -0.0117, -0.0195, -0.0146]
[ZMQEndpointInterface] Protocol v4: Right hand joints set: [0.0000, -0.0041, 0.0000, 0.0000, 0.0000, 0.0000, 0.0000]
[ZMQEndpointInterface] Received ZMQ message - topic: 'pose', protocol_version: 4, num_fields: 4, total_size: 4 buffers
[ZMQEndpointInterface] *** Starting ZMQ processing ***
[ZMQEndpointInterface] Protocol version: 4
[ZMQEndpointInterface] Protocol v4: Received 64D token (latent action), tokens[0]=0.0497, frame_index: 653
[ZMQEndpointInterface] Protocol v4: Left hand joints set: [0.0000, 0.0041, 0.0027, -0.0020, -0.0117, -0.0059, -0.0059]
[ZMQEndpointInterface] Protocol v4: Right hand joints set: [0.0000, -0.0027, 0.0000, 0.0000, 0.0000, 0.0000, 0.0000]
[ZMQEndpointInterface] Received ZMQ message - topic: 'pose', protocol_version: 4, num_fields: 4, total_size: 4 buffers
[ZMQEndpointInterface] *** Starting ZMQ processing ***
[ZMQEndpointInterface] Protocol version: 4
[ZMQEndpointInterface] Protocol v4: Received 64D token (latent action), tokens[0]=0.0463, frame_index: 654
[ZMQEndpointInterface] Protocol v4: Left hand joints set: [0.0000, 0.0082, 0.0055, 0.0000, -0.0205, -0.0078, -0.0059]
[ZMQEndpointInterface] Protocol v4: Right hand joints set: [0.0000, 0.0000, 0.0000, 0.0000, 0.0000, 0.0000, 0.0000]
[ZMQEndpointInterface] Received ZMQ message - topic: 'pose', protocol_version: 4, num_fields: 4, total_size: 4 buffers
[ZMQEndpointInterface] *** Starting ZMQ processing ***
[ZMQEndpointInterface] Protocol version: 4
[ZMQEndpointInterface] Protocol v4: Received 64D token (latent action), tokens[0]=0.0491, frame_index: 655
[ZMQEndpointInterface] Protocol v4: Left hand joints set: [0.0000, 0.0068, 0.0068, 0.0000, -0.0117, -0.0137, -0.0059]
[ZMQEndpointInterface] Protocol v4: Right hand joints set: [0.0000, 0.0000, 0.0000, 0.0000, 0.0000, 0.0000, 0.0000]
[ZMQEndpointInterface] Received ZMQ message - topic: 'pose', protocol_version: 4, num_fields: 4, total_size: 4 buffers
[ZMQEndpointInterface] *** Starting ZMQ processing ***
[ZMQEndpointInterface] Protocol version: 4
[ZMQEndpointInterface] Protocol v4: Received 64D token (latent action), tokens[0]=0.0472, frame_index: 656
[ZMQEndpointInterface] Protocol v4: Left hand joints set: [0.0000, 0.0041, 0.0096, -0.0078, -0.0234, -0.0137, 0.0000]
[ZMQEndpointInterface] Protocol v4: Right hand joints set: [0.0000, 0.0000, 0.0000, 0.0039, 0.0000, 0.0000, 0.0000]
[ZMQEndpointInterface] Received ZMQ message - topic: 'pose', protocol_version: 4, num_fields: 4, total_size: 4 buffers
[ZMQEndpointInterface] *** Starting ZMQ processing ***
[ZMQEndpointInterface] Protocol version: 4
[ZMQEndpointInterface] Protocol v4: Received 64D token (latent action), tokens[0]=0.0463, frame_index: 657
[ZMQEndpointInterface] Protocol v4: Left hand joints set: [0.0000, 0.0109, 0.0041, -0.0039, -0.0117, -0.0117, 0.0000]
[ZMQEndpointInterface] Protocol v4: Right hand joints set: [0.0000, 0.0000, 0.0000, 0.0000, 0.0000, 0.0059, 0.0000]
[ZMQEndpointInterface] Received ZMQ message - topic: 'pose', protocol_version: 4, num_fields: 4, total_size: 4 buffers
[ZMQEndpointInterface] *** Starting ZMQ processing ***
[ZMQEndpointInterface] Protocol version: 4
[ZMQEndpointInterface] Protocol v4: Received 64D token (latent action), tokens[0]=0.0262, frame_index: 658
[ZMQEndpointInterface] Protocol v4: Left hand joints set: [0.0000, 0.0068, 0.0027, 0.0000, -0.0146, 0.0000, -0.0059]
[ZMQEndpointInterface] Protocol v4: Right hand joints set: [0.0000, -0.0082, -0.0027, 0.0117, 0.0059, 0.0000, 0.0000]
[ZMQEndpointInterface] Received ZMQ message - topic: 'pose', protocol_version: 4, num_fields: 4, total_size: 4 buffers
[ZMQEndpointInterface] *** Starting ZMQ processing ***
[ZMQEndpointInterface] Protocol version: 4
[ZMQEndpointInterface] Protocol v4: Received 64D token (latent action), tokens[0]=0.0267, frame_index: 659
[ZMQEndpointInterface] Protocol v4: Left hand joints set: [0.0000, 0.0014, 0.0041, -0.0078, -0.0146, 0.0000, -0.0029]
[ZMQEndpointInterface] Protocol v4: Right hand joints set: [0.0000, -0.0082, -0.0041, 0.0059, 0.0117, 0.0000, 0.0000]
[ZMQEndpointInterface] Received ZMQ message - topic: 'pose', protocol_version: 4, num_fields: 4, total_size: 4 buffers
[ZMQEndpointInterface] *** Starting ZMQ processing ***
[ZMQEndpointInterface] Protocol version: 4
[ZMQEndpointInterface] Protocol v4: Received 64D token (latent action), tokens[0]=0.0241, frame_index: 660
[ZMQEndpointInterface] Protocol v4: Left hand joints set: [0.0000, 0.0055, 0.0027, -0.0059, -0.0117, -0.0020, -0.0029]
[ZMQEndpointInterface] Protocol v4: Right hand joints set: [0.0000, -0.0109, -0.0027, 0.0039, 0.0029, 0.0000, 0.0029]
[ZMQEndpointInterface] Received ZMQ message - topic: 'pose', protocol_version: 4, num_fields: 4, total_size: 4 buffers
[ZMQEndpointInterface] *** Starting ZMQ processing ***
[ZMQEndpointInterface] Protocol version: 4
[ZMQEndpointInterface] Protocol v4: Received 64D token (latent action), tokens[0]=0.0220, frame_index: 661
[ZMQEndpointInterface] Protocol v4: Left hand joints set: [0.0000, 0.0041, 0.0055, -0.0020, -0.0205, -0.0039, -0.0059]
[ZMQEndpointInterface] Protocol v4: Right hand joints set: [0.0000, -0.0082, -0.0014, 0.0039, 0.0088, 0.0000, 0.0000]
[ZMQEndpointInterface] Received ZMQ message - topic: 'pose', protocol_version: 4, num_fields: 4, total_size: 4 buffers
[ZMQEndpointInterface] *** Starting ZMQ processing ***
[ZMQEndpointInterface] Protocol version: 4
[ZMQEndpointInterface] Protocol v4: Received 64D token (latent action), tokens[0]=0.0271, frame_index: 662
[ZMQEndpointInterface] Protocol v4: Left hand joints set: [0.0000, 0.0068, 0.0027, -0.0039, -0.0059, 0.0000, 0.0000]
[ZMQEndpointInterface] Protocol v4: Right hand joints set: [0.0000, -0.0096, 0.0000, 0.0156, 0.0059, 0.0000, 0.0000]
[ZMQEndpointInterface] Received ZMQ message - topic: 'pose', protocol_version: 4, num_fields: 4, total_size: 4 buffers
[ZMQEndpointInterface] *** Starting ZMQ processing ***
[ZMQEndpointInterface] Protocol version: 4
[ZMQEndpointInterface] Protocol v4: Received 64D token (latent action), tokens[0]=0.0254, frame_index: 663
[ZMQEndpointInterface] Protocol v4: Left hand joints set: [0.0000, 0.0000, 0.0055, -0.0039, -0.0146, 0.0000, 0.0000]
[ZMQEndpointInterface] Protocol v4: Right hand joints set: [0.0000, -0.0082, 0.0000, 0.0156, 0.0029, 0.0039, 0.0000]
Loop timing - LowState age: 3.3710ms, Streaming data mean delay: 9.3198ms, Streaming data std delay: 5.4875ms, IMU age: 3.3590ms, Obs: 62us, Policy: 601us, Obs 2 Motor Command: 663us, Post processing: 25us | HandCloseRatio: 1.0000
[ZMQEndpointInterface] Received ZMQ message - topic: 'pose', protocol_version: 4, num_fields: 4, total_size: 4 buffers
[ZMQEndpointInterface] *** Starting ZMQ processing ***
[ZMQEndpointInterface] Protocol version: 4
[ZMQEndpointInterface] Protocol v4: Received 64D token (latent action), tokens[0]=0.0267, frame_index: 664
[ZMQEndpointInterface] Protocol v4: Left hand joints set: [0.0000, 0.0055, 0.0123, -0.0059, -0.0117, 0.0000, -0.0059]
[ZMQEndpointInterface] Protocol v4: Right hand joints set: [0.0000, -0.0123, 0.0000, 0.0098, 0.0176, 0.0000, 0.0000]
[ZMQEndpointInterface] Received ZMQ message - topic: 'pose', protocol_version: 4, num_fields: 4, total_size: 4 buffers
[ZMQEndpointInterface] *** Starting ZMQ processing ***
[ZMQEndpointInterface] Protocol version: 4
[ZMQEndpointInterface] Protocol v4: Received 64D token (latent action), tokens[0]=0.0245, frame_index: 665
[ZMQEndpointInterface] Protocol v4: Left hand joints set: [0.0000, 0.0014, 0.0082, 0.0000, -0.0176, 0.0000, 0.0000]
[ZMQEndpointInterface] Protocol v4: Right hand joints set: [0.0000, -0.0082, -0.0068, 0.0078, 0.0117, 0.0000, 0.0000]
[ZMQEndpointInterface] Received ZMQ message - topic: 'pose', protocol_version: 4, num_fields: 4, total_size: 4 buffers
[ZMQEndpointInterface] *** Starting ZMQ processing ***
[ZMQEndpointInterface] Protocol version: 4
[ZMQEndpointInterface] Protocol v4: Received 64D token (latent action), tokens[0]=0.0254, frame_index: 666
[ZMQEndpointInterface] Protocol v4: Left hand joints set: [0.0000, 0.0068, 0.0068, 0.0000, -0.0176, 0.0000, -0.0029]
[ZMQEndpointInterface] Protocol v4: Right hand joints set: [0.0000, -0.0123, -0.0041, 0.0059, 0.0029, 0.0000, 0.0000]
[ZMQEndpointInterface] Received ZMQ message - topic: 'pose', protocol_version: 4, num_fields: 4, total_size: 4 buffers
[ZMQEndpointInterface] *** Starting ZMQ processing ***
[ZMQEndpointInterface] Protocol version: 4
[ZMQEndpointInterface] Protocol v4: Received 64D token (latent action), tokens[0]=0.0258, frame_index: 667
[ZMQEndpointInterface] Protocol v4: Left hand joints set: [0.0000, 0.0014, 0.0055, -0.0020, -0.0029, 0.0000, -0.0059]
[ZMQEndpointInterface] Protocol v4: Right hand joints set: [0.0000, -0.0068, -0.0041, 0.0059, 0.0000, 0.0000, 0.0059]
[ZMQEndpointInterface] Received ZMQ message - topic: 'pose', protocol_version: 4, num_fields: 4, total_size: 4 buffers
[ZMQEndpointInterface] *** Starting ZMQ processing ***
[ZMQEndpointInterface] Protocol version: 4
[ZMQEndpointInterface] Protocol v4: Received 64D token (latent action), tokens[0]=0.0267, frame_index: 668
[ZMQEndpointInterface] Protocol v4: Left hand joints set: [0.0000, 0.0014, 0.0082, -0.0039, -0.0117, 0.0000, 0.0000]
[ZMQEndpointInterface] Protocol v4: Right hand joints set: [0.0000, -0.0123, 0.0000, 0.0117, 0.0059, 0.0039, 0.0000]
[ZMQEndpointInterface] Received ZMQ message - topic: 'pose', protocol_version: 4, num_fields: 4, total_size: 4 buffers
[ZMQEndpointInterface] *** Starting ZMQ processing ***
[ZMQEndpointInterface] Protocol version: 4
[ZMQEndpointInterface] Protocol v4: Received 64D token (latent action), tokens[0]=0.0254, frame_index: 669
[ZMQEndpointInterface] Protocol v4: Left hand joints set: [0.0000, 0.0014, 0.0082, -0.0059, -0.0293, -0.0020, -0.0176]
[ZMQEndpointInterface] Protocol v4: Right hand joints set: [0.0000, -0.0123, -0.0055, 0.0156, 0.0146, 0.0039, 0.0000]
[ZMQEndpointInterface] Received ZMQ message - topic: 'pose', protocol_version: 4, num_fields: 4, total_size: 4 buffers
[ZMQEndpointInterface] *** Starting ZMQ processing ***
[ZMQEndpointInterface] Protocol version: 4
[ZMQEndpointInterface] Protocol v4: Received 64D token (latent action), tokens[0]=0.0267, frame_index: 670
[ZMQEndpointInterface] Protocol v4: Left hand joints set: [0.0000, 0.0027, 0.0082, -0.0059, -0.0059, -0.0059, 0.0000]
[ZMQEndpointInterface] Protocol v4: Right hand joints set: [0.0000, -0.0082, -0.0041, 0.0078, 0.0000, 0.0078, 0.0000]
[ZMQEndpointInterface] Received ZMQ message - topic: 'pose', protocol_version: 4, num_fields: 4, total_size: 4 buffers
[ZMQEndpointInterface] *** Starting ZMQ processing ***
[ZMQEndpointInterface] Protocol version: 4
[ZMQEndpointInterface] Protocol v4: Received 64D token (latent action), tokens[0]=0.0301, frame_index: 671
[ZMQEndpointInterface] Protocol v4: Left hand joints set: [0.0000, 0.0082, 0.0014, 0.0000, -0.0117, -0.0039, -0.0029]
[ZMQEndpointInterface] Protocol v4: Right hand joints set: [0.0000, -0.0082, -0.0027, 0.0117, 0.0059, 0.0117, 0.0000]
[ZMQEndpointInterface] Received ZMQ message - topic: 'pose', protocol_version: 4, num_fields: 4, total_size: 4 buffers
[ZMQEndpointInterface] *** Starting ZMQ processing ***
[ZMQEndpointInterface] Protocol version: 4
[ZMQEndpointInterface] Protocol v4: Received 64D token (latent action), tokens[0]=0.0271, frame_index: 672
[ZMQEndpointInterface] Protocol v4: Left hand joints set: [0.0000, 0.0027, 0.0055, 0.0000, -0.0176, 0.0000, -0.0088]
[ZMQEndpointInterface] Protocol v4: Right hand joints set: [0.0000, -0.0082, -0.0041, 0.0117, 0.0117, 0.0000, 0.0000]
[ZMQEndpointInterface] Received ZMQ message - topic: 'pose', protocol_version: 4, num_fields: 4, total_size: 4 buffers
[ZMQEndpointInterface] *** Starting ZMQ processing ***
[ZMQEndpointInterface] Protocol version: 4
[ZMQEndpointInterface] Protocol v4: Received 64D token (latent action), tokens[0]=0.0241, frame_index: 673
[ZMQEndpointInterface] Protocol v4: Left hand joints set: [0.0000, 0.0082, 0.0055, -0.0039, -0.0146, 0.0000, -0.0088]
[ZMQEndpointInterface] Protocol v4: Right hand joints set: [0.0000, -0.0055, -0.0055, 0.0156, 0.0059, 0.0000, 0.0000]
[ZMQEndpointInterface] Received ZMQ message - topic: 'pose', protocol_version: 4, num_fields: 4, total_size: 4 buffers
[ZMQEndpointInterface] *** Starting ZMQ processing ***
[ZMQEndpointInterface] Protocol version: 4
[ZMQEndpointInterface] Protocol v4: Received 64D token (latent action), tokens[0]=0.0267, frame_index: 674
[ZMQEndpointInterface] Protocol v4: Left hand joints set: [0.0000, 0.0041, 0.0096, -0.0078, -0.0176, -0.0020, 0.0000]
[ZMQEndpointInterface] Protocol v4: Right hand joints set: [0.0000, -0.0055, -0.0041, 0.0098, 0.0234, 0.0000, 0.0000]
[ZMQEndpointInterface] Received ZMQ message - topic: 'pose', protocol_version: 4, num_fields: 4, total_size: 4 buffers
[ZMQEndpointInterface] *** Starting ZMQ processing ***
[ZMQEndpointInterface] Protocol version: 4
[ZMQEndpointInterface] Protocol v4: Received 64D token (latent action), tokens[0]=0.0250, frame_index: 675
[ZMQEndpointInterface] Protocol v4: Left hand joints set: [0.0000, 0.0027, 0.0055, 0.0000, -0.0205, 0.0000, 0.0000]
[ZMQEndpointInterface] Protocol v4: Right hand joints set: [0.0000, -0.0109, -0.0041, 0.0156, 0.0059, 0.0020, 0.0000]
[ZMQEndpointInterface] Received ZMQ message - topic: 'pose', protocol_version: 4, num_fields: 4, total_size: 4 buffers
[ZMQEndpointInterface] *** Starting ZMQ processing ***
[ZMQEndpointInterface] Protocol version: 4
[ZMQEndpointInterface] Protocol v4: Received 64D token (latent action), tokens[0]=0.0211, frame_index: 676
[ZMQEndpointInterface] Protocol v4: Left hand joints set: [0.0000, 0.0000, 0.0068, 0.0000, -0.0117, 0.0000, 0.0000]
[ZMQEndpointInterface] Protocol v4: Right hand joints set: [0.0000, -0.0082, -0.0014, 0.0117, 0.0029, 0.0000, 0.0000]
[ZMQEndpointInterface] Received ZMQ message - topic: 'pose', protocol_version: 4, num_fields: 4, total_size: 4 buffers
[ZMQEndpointInterface] *** Starting ZMQ processing ***
[ZMQEndpointInterface] Protocol version: 4
[ZMQEndpointInterface] Protocol v4: Received 64D token (latent action), tokens[0]=0.0211, frame_index: 677
[ZMQEndpointInterface] Protocol v4: Left hand joints set: [0.0000, 0.0027, 0.0055, 0.0000, -0.0176, 0.0000, -0.0059]
[ZMQEndpointInterface] Protocol v4: Right hand joints set: [0.0000, -0.0150, 0.0000, 0.0098, 0.0000, 0.0000, 0.0000]
[ZMQEndpointInterface] Received ZMQ message - topic: 'pose', protocol_version: 4, num_fields: 4, total_size: 4 buffers
[ZMQEndpointInterface] *** Starting ZMQ processing ***
[ZMQEndpointInterface] Protocol version: 4
[ZMQEndpointInterface] Protocol v4: Received 64D token (latent action), tokens[0]=0.0233, frame_index: 678
[ZMQEndpointInterface] Protocol v4: Left hand joints set: [0.0000, 0.0041, 0.0109, 0.0000, -0.0117, 0.0000, 0.0000]
[ZMQEndpointInterface] Protocol v4: Right hand joints set: [0.0000, -0.0109, -0.0014, 0.0000, 0.0088, 0.0039, 0.0000]
[ZMQEndpointInterface] Received ZMQ message - topic: 'pose', protocol_version: 4, num_fields: 4, total_size: 4 buffers
[ZMQEndpointInterface] *** Starting ZMQ processing ***
[ZMQEndpointInterface] Protocol version: 4
[ZMQEndpointInterface] Protocol v4: Received 64D token (latent action), tokens[0]=0.0211, frame_index: 679
[ZMQEndpointInterface] Protocol v4: Left hand joints set: [0.0000, 0.0055, 0.0055, 0.0000, -0.0117, 0.0000, 0.0000]
[ZMQEndpointInterface] Protocol v4: Right hand joints set: [0.0000, -0.0068, -0.0055, 0.0156, 0.0059, 0.0000, 0.0000]
[ZMQEndpointInterface] Received ZMQ message - topic: 'pose', protocol_version: 4, num_fields: 4, total_size: 4 buffers
[ZMQEndpointInterface] *** Starting ZMQ processing ***
[ZMQEndpointInterface] Protocol version: 4
[ZMQEndpointInterface] Protocol v4: Received 64D token (latent action), tokens[0]=0.0211, frame_index: 680
[ZMQEndpointInterface] Protocol v4: Left hand joints set: [0.0000, 0.0068, 0.0055, 0.0000, -0.0293, 0.0000, -0.0029]
[ZMQEndpointInterface] Protocol v4: Right hand joints set: [0.0000, -0.0041, 0.0000, 0.0137, 0.0146, 0.0020, 0.0000]
Temporary motion completed.
Reset to frame 0.
[ZMQEndpointInterface] Received ZMQ message - topic: 'pose', protocol_version: 4, num_fields: 4, total_size: 4 buffers
[ZMQEndpointInterface] *** Starting ZMQ processing ***
[ZMQEndpointInterface] Protocol version: 4
[ZMQEndpointInterface] Protocol v4: Received 64D token (latent action), tokens[0]=0.0186, frame_index: 681
[ZMQEndpointInterface] Protocol v4: Left hand joints set: [0.0000, 0.0000, 0.0055, -0.0078, -0.0234, 0.0000, 0.0000]
[ZMQEndpointInterface] Protocol v4: Right hand joints set: [0.0000, -0.0123, 0.0000, 0.0059, 0.0000, 0.0000, 0.0000]
Reset heading state to 0.9984, -0.0003, -0.0415, -0.0375
Reset delta heading to 0
Reset init reference data root rotation to current frame: 0.9997, -0.0016, -0.0223, -0.0045
**********************************************************
Reference motion name: temporary_motion
**********************************************************
[ZMQEndpointInterface] Received ZMQ message - topic: 'pose', protocol_version: 4, num_fields: 4, total_size: 4 buffers
[ZMQEndpointInterface] *** Starting ZMQ processing ***
[ZMQEndpointInterface] Protocol version: 4
[ZMQEndpointInterface] Protocol v4: Received 64D token (latent action), tokens[0]=0.0194, frame_index: 682
[ZMQEndpointInterface] Protocol v4: Left hand joints set: [0.0000, 0.0027, 0.0082, -0.0039, -0.0205, 0.0000, 0.0000]
[ZMQEndpointInterface] Protocol v4: Right hand joints set: [0.0000, -0.0137, -0.0068, 0.0117, 0.0059, 0.0000, 0.0000]
[ZMQEndpointInterface] Received ZMQ message - topic: 'pose', protocol_version: 4, num_fields: 4, total_size: 4 buffers
[ZMQEndpointInterface] *** Starting ZMQ processing ***
[ZMQEndpointInterface] Protocol version: 4
[ZMQEndpointInterface] Protocol v4: Received 64D token (latent action), tokens[0]=0.0228, frame_index: 683
[ZMQEndpointInterface] Protocol v4: Left hand joints set: [0.0000, 0.0055, 0.0027, 0.0000, -0.0146, 0.0000, 0.0000]
[ZMQEndpointInterface] Protocol v4: Right hand joints set: [0.0000, -0.0150, -0.0082, 0.0039, 0.0000, 0.0059, 0.0000]
[ZMQEndpointInterface] Received ZMQ message - topic: 'pose', protocol_version: 4, num_fields: 4, total_size: 4 buffers
[ZMQEndpointInterface] *** Starting ZMQ processing ***
[ZMQEndpointInterface] Protocol version: 4
[ZMQEndpointInterface] Protocol v4: Received 64D token (latent action), tokens[0]=0.0224, frame_index: 684
[ZMQEndpointInterface] Protocol v4: Left hand joints set: [0.0000, 0.0068, 0.0096, -0.0020, -0.0146, -0.0020, 0.0000]
[ZMQEndpointInterface] Protocol v4: Right hand joints set: [0.0000, -0.0123, -0.0096, 0.0059, 0.0088, 0.0000, 0.0000]
[ZMQEndpointInterface] Received ZMQ message - topic: 'pose', protocol_version: 4, num_fields: 4, total_size: 4 buffers
[ZMQEndpointInterface] *** Starting ZMQ processing ***
[ZMQEndpointInterface] Protocol version: 4
[ZMQEndpointInterface] Protocol v4: Received 64D token (latent action), tokens[0]=0.0331, frame_index: 685
[ZMQEndpointInterface] Protocol v4: Left hand joints set: [0.0000, 0.0000, 0.0000, 0.0000, 0.0000, 0.0000, 0.0000]
[ZMQEndpointInterface] Protocol v4: Right hand joints set: [0.0000, 0.0000, 0.0000, 0.0000, 0.0000, 0.0000, 0.0000]
[ZMQEndpointInterface] Received ZMQ message - topic: 'pose', protocol_version: 4, num_fields: 4, total_size: 4 buffers
[ZMQEndpointInterface] *** Starting ZMQ processing ***
[ZMQEndpointInterface] Protocol version: 4
[ZMQEndpointInterface] Protocol v4: Received 64D token (latent action), tokens[0]=0.0344, frame_index: 686
[ZMQEndpointInterface] Protocol v4: Left hand joints set: [0.0000, 0.0000, 0.0014, 0.0000, 0.0000, -0.0039, 0.0000]
[ZMQEndpointInterface] Protocol v4: Right hand joints set: [0.0000, 0.0000, 0.0000, 0.0000, 0.0000, 0.0000, 0.0000]
[ZMQEndpointInterface] Received ZMQ message - topic: 'pose', protocol_version: 4, num_fields: 4, total_size: 4 buffers
[ZMQEndpointInterface] *** Starting ZMQ processing ***
[ZMQEndpointInterface] Protocol version: 4
[ZMQEndpointInterface] Protocol v4: Received 64D token (latent action), tokens[0]=0.0322, frame_index: 687
[ZMQEndpointInterface] Protocol v4: Left hand joints set: [0.0000, 0.0000, 0.0000, 0.0000, 0.0000, 0.0000, 0.0000]
[ZMQEndpointInterface] Protocol v4: Right hand joints set: [0.0000, 0.0000, 0.0000, 0.0000, 0.0000, 0.0000, 0.0000]
[ZMQEndpointInterface] Received ZMQ message - topic: 'pose', protocol_version: 4, num_fields: 4, total_size: 4 buffers
[ZMQEndpointInterface] *** Starting ZMQ processing ***
[ZMQEndpointInterface] Protocol version: 4
[ZMQEndpointInterface] Protocol v4: Received 64D token (latent action), tokens[0]=0.0344, frame_index: 688
[ZMQEndpointInterface] Protocol v4: Left hand joints set: [0.0000, 0.0000, 0.0000, -0.0039, 0.0000, -0.0078, 0.0000]
[ZMQEndpointInterface] Protocol v4: Right hand joints set: [0.0000, 0.0000, 0.0000, 0.0000, 0.0000, 0.0000, 0.0000]
[ZMQEndpointInterface] Received ZMQ message - topic: 'pose', protocol_version: 4, num_fields: 4, total_size: 4 buffers
[ZMQEndpointInterface] *** Starting ZMQ processing ***
[ZMQEndpointInterface] Protocol version: 4
[ZMQEndpointInterface] Protocol v4: Received 64D token (latent action), tokens[0]=0.0309, frame_index: 689
[ZMQEndpointInterface] Protocol v4: Left hand joints set: [0.0000, 0.0000, 0.0000, 0.0000, 0.0000, -0.0059, 0.0000]
[ZMQEndpointInterface] Protocol v4: Right hand joints set: [0.0000, 0.0000, 0.0000, 0.0000, 0.0000, 0.0000, 0.0000]
[ZMQEndpointInterface] Received ZMQ message - topic: 'pose', protocol_version: 4, num_fields: 4, total_size: 4 buffers
[ZMQEndpointInterface] *** Starting ZMQ processing ***
[ZMQEndpointInterface] Protocol version: 4
[ZMQEndpointInterface] Protocol v4: Received 64D token (latent action), tokens[0]=0.0322, frame_index: 690
[ZMQEndpointInterface] Protocol v4: Left hand joints set: [0.0000, 0.0027, 0.0000, 0.0000, 0.0000, 0.0000, 0.0000]
[ZMQEndpointInterface] Protocol v4: Right hand joints set: [0.0000, 0.0000, 0.0000, 0.0000, 0.0000, 0.0000, 0.0000]
[ZMQEndpointInterface] Received ZMQ message - topic: 'pose', protocol_version: 4, num_fields: 4, total_size: 4 buffers
[ZMQEndpointInterface] *** Starting ZMQ processing ***
[ZMQEndpointInterface] Protocol version: 4
[ZMQEndpointInterface] Protocol v4: Received 64D token (latent action), tokens[0]=0.0309, frame_index: 691
[ZMQEndpointInterface] Protocol v4: Left hand joints set: [0.0000, 0.0000, 0.0000, 0.0000, 0.0000, 0.0000, 0.0000]
[ZMQEndpointInterface] Protocol v4: Right hand joints set: [0.0000, 0.0000, 0.0000, 0.0000, 0.0000, 0.0000, 0.0000]
[ZMQEndpointInterface] Received ZMQ message - topic: 'pose', protocol_version: 4, num_fields: 4, total_size: 4 buffers
[ZMQEndpointInterface] *** Starting ZMQ processing ***
[ZMQEndpointInterface] Protocol version: 4
[ZMQEndpointInterface] Protocol v4: Received 64D token (latent action), tokens[0]=0.0331, frame_index: 692
[ZMQEndpointInterface] Protocol v4: Left hand joints set: [0.0000, 0.0000, 0.0000, 0.0000, -0.0029, -0.0020, 0.0000]
[ZMQEndpointInterface] Protocol v4: Right hand joints set: [0.0000, 0.0000, 0.0000, 0.0000, 0.0000, 0.0000, 0.0000]
[ZMQEndpointInterface] Received ZMQ message - topic: 'pose', protocol_version: 4, num_fields: 4, total_size: 4 buffers
[ZMQEndpointInterface] *** Starting ZMQ processing ***
[ZMQEndpointInterface] Protocol version: 4
[ZMQEndpointInterface] Protocol v4: Received 64D token (latent action), tokens[0]=0.0327, frame_index: 693
[ZMQEndpointInterface] Protocol v4: Left hand joints set: [0.0000, 0.0000, 0.0000, 0.0000, 0.0000, -0.0020, 0.0000]
[ZMQEndpointInterface] Protocol v4: Right hand joints set: [0.0000, 0.0000, 0.0000, 0.0000, 0.0000, 0.0000, 0.0000]
[ZMQEndpointInterface] Received ZMQ message - topic: 'pose', protocol_version: 4, num_fields: 4, total_size: 4 buffers
[ZMQEndpointInterface] *** Starting ZMQ processing ***
[ZMQEndpointInterface] Protocol version: 4
[ZMQEndpointInterface] Protocol v4: Received 64D token (latent action), tokens[0]=0.0309, frame_index: 694
[ZMQEndpointInterface] Protocol v4: Left hand joints set: [0.0000, 0.0000, 0.0000, 0.0000, 0.0000, 0.0000, 0.0000]
[ZMQEndpointInterface] Protocol v4: Right hand joints set: [0.0000, 0.0000, 0.0000, 0.0020, 0.0000, 0.0000, 0.0000]
[ZMQEndpointInterface] Received ZMQ message - topic: 'pose', protocol_version: 4, num_fields: 4, total_size: 4 buffers
[ZMQEndpointInterface] *** Starting ZMQ processing ***
[ZMQEndpointInterface] Protocol version: 4
[ZMQEndpointInterface] Protocol v4: Received 64D token (latent action), tokens[0]=0.0322, frame_index: 695
[ZMQEndpointInterface] Protocol v4: Left hand joints set: [0.0000, 0.0000, 0.0000, 0.0000, -0.0029, -0.0020, 0.0000]
[ZMQEndpointInterface] Protocol v4: Right hand joints set: [0.0000, 0.0000, 0.0000, 0.0000, 0.0000, 0.0000, 0.0000]
[ZMQEndpointInterface] Received ZMQ message - topic: 'pose', protocol_version: 4, num_fields: 4, total_size: 4 buffers
[ZMQEndpointInterface] *** Starting ZMQ processing ***
[ZMQEndpointInterface] Protocol version: 4
[ZMQEndpointInterface] Protocol v4: Received 64D token (latent action), tokens[0]=0.0352, frame_index: 696
[ZMQEndpointInterface] Protocol v4: Left hand joints set: [0.0000, 0.0000, 0.0000, 0.0000, -0.0029, 0.0000, 0.0000]
[ZMQEndpointInterface] Protocol v4: Right hand joints set: [0.0000, 0.0000, 0.0000, 0.0000, 0.0000, 0.0000, 0.0000]
[ZMQEndpointInterface] Received ZMQ message - topic: 'pose', protocol_version: 4, num_fields: 4, total_size: 4 buffers
[ZMQEndpointInterface] *** Starting ZMQ processing ***
[ZMQEndpointInterface] Protocol version: 4
[ZMQEndpointInterface] Protocol v4: Received 64D token (latent action), tokens[0]=0.0318, frame_index: 697
[ZMQEndpointInterface] Protocol v4: Left hand joints set: [0.0000, 0.0014, 0.0000, 0.0000, 0.0000, 0.0000, 0.0000]
[ZMQEndpointInterface] Protocol v4: Right hand joints set: [0.0000, -0.0041, 0.0000, 0.0000, 0.0000, 0.0000, 0.0000]
[ZMQEndpointInterface] Received ZMQ message - topic: 'pose', protocol_version: 4, num_fields: 4, total_size: 4 buffers
[ZMQEndpointInterface] *** Starting ZMQ processing ***
[ZMQEndpointInterface] Protocol version: 4
[ZMQEndpointInterface] Protocol v4: Received 64D token (latent action), tokens[0]=0.0292, frame_index: 698
[ZMQEndpointInterface] Protocol v4: Left hand joints set: [0.0000, 0.0000, 0.0000, 0.0000, 0.0000, 0.0000, 0.0000]
[ZMQEndpointInterface] Protocol v4: Right hand joints set: [0.0000, 0.0000, 0.0000, 0.0000, 0.0000, 0.0000, 0.0000]
[Token Flow] Copied external tokens, tokens[0]=0.0292
[ZMQEndpointInterface] Received ZMQ message - topic: 'pose', protocol_version: 4, num_fields: 4, total_size: 4 buffers
[ZMQEndpointInterface] *** Starting ZMQ processing ***
[ZMQEndpointInterface] Protocol version: 4
[ZMQEndpointInterface] Protocol v4: Received 64D token (latent action), tokens[0]=0.0327, frame_index: 699
[ZMQEndpointInterface] Protocol v4: Left hand joints set: [0.0000, 0.0000, 0.0000, 0.0000, 0.0000, 0.0000, 0.0000]
[ZMQEndpointInterface] Protocol v4: Right hand joints set: [0.0000, -0.0014, 0.0000, 0.0000, 0.0000, 0.0000, 0.0000]
[ZMQEndpointInterface] Received ZMQ message - topic: 'pose', protocol_version: 4, num_fields: 4, total_size: 4 buffers
[ZMQEndpointInterface] *** Starting ZMQ processing ***
[ZMQEndpointInterface] Protocol version: 4
[ZMQEndpointInterface] Protocol v4: Received 64D token (latent action), tokens[0]=0.0262, frame_index: 700
[ZMQEndpointInterface] Protocol v4: Left hand joints set: [0.0000, 0.0027, 0.0082, 0.0000, 0.0000, 0.0000, 0.0000]
[ZMQEndpointInterface] Protocol v4: Right hand joints set: [0.0000, 0.0000, 0.0000, 0.0000, 0.0000, 0.0000, 0.0000]
[ZMQEndpointInterface] Received ZMQ message - topic: 'pose', protocol_version: 4, num_fields: 4, total_size: 4 buffers
[ZMQEndpointInterface] *** Starting ZMQ processing ***
[ZMQEndpointInterface] Protocol version: 4
[ZMQEndpointInterface] Protocol v4: Received 64D token (latent action), tokens[0]=0.0258, frame_index: 701
[ZMQEndpointInterface] Protocol v4: Left hand joints set: [0.0000, 0.0055, 0.0000, 0.0000, 0.0000, 0.0000, 0.0000]
[ZMQEndpointInterface] Protocol v4: Right hand joints set: [0.0000, 0.0000, 0.0000, 0.0000, 0.0000, 0.0000, 0.0000]
[ZMQEndpointInterface] Received ZMQ message - topic: 'pose', protocol_version: 4, num_fields: 4, total_size: 4 buffers
[ZMQEndpointInterface] *** Starting ZMQ processing ***
[ZMQEndpointInterface] Protocol version: 4
[ZMQEndpointInterface] Protocol v4: Received 64D token (latent action), tokens[0]=0.0207, frame_index: 702
[ZMQEndpointInterface] Protocol v4: Left hand joints set: [0.0000, 0.0000, 0.0027, 0.0000, 0.0000, -0.0039, -0.0059]
[ZMQEndpointInterface] Protocol v4: Right hand joints set: [0.0000, 0.0000, 0.0000, 0.0039, 0.0000, 0.0000, 0.0000]
[ZMQEndpointInterface] Received ZMQ message - topic: 'pose', protocol_version: 4, num_fields: 4, total_size: 4 buffers
[ZMQEndpointInterface] *** Starting ZMQ processing ***
[ZMQEndpointInterface] Protocol version: 4
[ZMQEndpointInterface] Protocol v4: Received 64D token (latent action), tokens[0]=0.0207, frame_index: 703
[ZMQEndpointInterface] Protocol v4: Left hand joints set: [0.0000, 0.0055, 0.0027, 0.0000, -0.0029, 0.0000, 0.0000]
[ZMQEndpointInterface] Protocol v4: Right hand joints set: [0.0000, 0.0000, 0.0000, 0.0000, 0.0000, 0.0000, 0.0000]
[ZMQEndpointInterface] Received ZMQ message - topic: 'pose', protocol_version: 4, num_fields: 4, total_size: 4 buffers
[ZMQEndpointInterface] *** Starting ZMQ processing ***
[ZMQEndpointInterface] Protocol version: 4
[ZMQEndpointInterface] Protocol v4: Received 64D token (latent action), tokens[0]=0.0233, frame_index: 704
[ZMQEndpointInterface] Protocol v4: Left hand joints set: [0.0000, 0.0000, 0.0000, 0.0000, 0.0000, 0.0000, 0.0000]
[ZMQEndpointInterface] Protocol v4: Right hand joints set: [0.0000, 0.0000, 0.0000, 0.0000, 0.0000, 0.0000, 0.0000]
[ZMQEndpointInterface] Received ZMQ message - topic: 'pose', protocol_version: 4, num_fields: 4, total_size: 4 buffers
[ZMQEndpointInterface] *** Starting ZMQ processing ***
[ZMQEndpointInterface] Protocol version: 4
[ZMQEndpointInterface] Protocol v4: Received 64D token (latent action), tokens[0]=0.0211, frame_index: 705
[ZMQEndpointInterface] Protocol v4: Left hand joints set: [0.0000, 0.0027, 0.0055, 0.0000, 0.0000, 0.0000, 0.0000]
[ZMQEndpointInterface] Protocol v4: Right hand joints set: [0.0000, 0.0000, 0.0000, 0.0039, 0.0000, 0.0000, 0.0000]
[ZMQEndpointInterface] Received ZMQ message - topic: 'pose', protocol_version: 4, num_fields: 4, total_size: 4 buffers
[ZMQEndpointInterface] *** Starting ZMQ processing ***
[ZMQEndpointInterface] Protocol version: 4
[ZMQEndpointInterface] Protocol v4: Received 64D token (latent action), tokens[0]=0.0207, frame_index: 706
[ZMQEndpointInterface] Protocol v4: Left hand joints set: [0.0000, 0.0000, 0.0000, 0.0000, 0.0000, 0.0000, 0.0000]
[ZMQEndpointInterface] Protocol v4: Right hand joints set: [0.0000, 0.0000, 0.0000, 0.0000, 0.0000, 0.0000, 0.0000]
[ZMQEndpointInterface] Received ZMQ message - topic: 'pose', protocol_version: 4, num_fields: 4, total_size: 4 buffers
[ZMQEndpointInterface] *** Starting ZMQ processing ***
[ZMQEndpointInterface] Protocol version: 4
[ZMQEndpointInterface] Protocol v4: Received 64D token (latent action), tokens[0]=0.0190, frame_index: 707
[ZMQEndpointInterface] Protocol v4: Left hand joints set: [0.0000, 0.0000, 0.0014, 0.0000, 0.0000, 0.0000, 0.0000]
[ZMQEndpointInterface] Protocol v4: Right hand joints set: [0.0000, 0.0000, 0.0000, 0.0020, 0.0000, 0.0000, 0.0000]
[ZMQEndpointInterface] Received ZMQ message - topic: 'pose', protocol_version: 4, num_fields: 4, total_size: 4 buffers
[ZMQEndpointInterface] *** Starting ZMQ processing ***
[ZMQEndpointInterface] Protocol version: 4
[ZMQEndpointInterface] Protocol v4: Received 64D token (latent action), tokens[0]=0.0194, frame_index: 708
[ZMQEndpointInterface] Protocol v4: Left hand joints set: [0.0000, 0.0000, 0.0000, 0.0000, 0.0000, 0.0000, 0.0000]
[ZMQEndpointInterface] Protocol v4: Right hand joints set: [0.0000, -0.0055, 0.0000, 0.0059, 0.0000, 0.0000, 0.0000]
[ZMQEndpointInterface] Received ZMQ message - topic: 'pose', protocol_version: 4, num_fields: 4, total_size: 4 buffers
[ZMQEndpointInterface] *** Starting ZMQ processing ***
[ZMQEndpointInterface] Protocol version: 4
[ZMQEndpointInterface] Protocol v4: Received 64D token (latent action), tokens[0]=0.0228, frame_index: 709
[ZMQEndpointInterface] Protocol v4: Left hand joints set: [0.0000, 0.0000, 0.0000, 0.0000, 0.0000, 0.0000, 0.0000]
[ZMQEndpointInterface] Protocol v4: Right hand joints set: [0.0000, 0.0000, 0.0000, 0.0020, 0.0000, 0.0000, 0.0000]
[ZMQEndpointInterface] Received ZMQ message - topic: 'pose', protocol_version: 4, num_fields: 4, total_size: 4 buffers
[ZMQEndpointInterface] *** Starting ZMQ processing ***
[ZMQEndpointInterface] Protocol version: 4
[ZMQEndpointInterface] Protocol v4: Received 64D token (latent action), tokens[0]=0.0271, frame_index: 710
[ZMQEndpointInterface] Protocol v4: Left hand joints set: [0.0000, 0.0000, 0.0000, 0.0000, 0.0000, 0.0000, 0.0000]
[ZMQEndpointInterface] Protocol v4: Right hand joints set: [0.0000, 0.0000, 0.0000, 0.0000, 0.0000, 0.0000, 0.0000]
[ZMQEndpointInterface] Received ZMQ message - topic: 'pose', protocol_version: 4, num_fields: 4, total_size: 4 buffers
[ZMQEndpointInterface] *** Starting ZMQ processing ***
[ZMQEndpointInterface] Protocol version: 4
[ZMQEndpointInterface] Protocol v4: Received 64D token (latent action), tokens[0]=0.0284, frame_index: 711
[ZMQEndpointInterface] Protocol v4: Left hand joints set: [0.0000, 0.0041, 0.0000, 0.0000, 0.0000, 0.0000, 0.0000]
[ZMQEndpointInterface] Protocol v4: Right hand joints set: [0.0000, 0.0000, 0.0000, 0.0039, 0.0000, 0.0000, 0.0000]
[ZMQEndpointInterface] Received ZMQ message - topic: 'pose', protocol_version: 4, num_fields: 4, total_size: 4 buffers
[ZMQEndpointInterface] *** Starting ZMQ processing ***
[ZMQEndpointInterface] Protocol version: 4
[ZMQEndpointInterface] Protocol v4: Received 64D token (latent action), tokens[0]=0.0215, frame_index: 712
[ZMQEndpointInterface] Protocol v4: Left hand joints set: [0.0000, 0.0150, 0.0082, -0.0137, -0.0176, -0.0039, -0.0117]
[ZMQEndpointInterface] Protocol v4: Right hand joints set: [0.0000, 0.0000, -0.0041, 0.0000, 0.0059, 0.0000, 0.0000]
[ZMQEndpointInterface] Received ZMQ message - topic: 'pose', protocol_version: 4, num_fields: 4, total_size: 4 buffers
[ZMQEndpointInterface] *** Starting ZMQ processing ***
[ZMQEndpointInterface] Protocol version: 4
[ZMQEndpointInterface] Protocol v4: Received 64D token (latent action), tokens[0]=0.0220, frame_index: 713
[ZMQEndpointInterface] Protocol v4: Left hand joints set: [0.0000, 0.0068, 0.0109, -0.0117, -0.0176, -0.0039, -0.0088]
[ZMQEndpointInterface] Protocol v4: Right hand joints set: [0.0000, -0.0014, 0.0000, 0.0000, 0.0059, 0.0000, 0.0000]
Loop timing - LowState age: 3.2270ms, Streaming data mean delay: 8.7696ms, Streaming data std delay: 5.6688ms, IMU age: 3.2210ms, Obs: 72us, Policy: 608us, Obs 2 Motor Command: 680us, Post processing: 21us | HandCloseRatio: 1.0000
[ZMQEndpointInterface] Received ZMQ message - topic: 'pose', protocol_version: 4, num_fields: 4, total_size: 4 buffers
[ZMQEndpointInterface] *** Starting ZMQ processing ***
[ZMQEndpointInterface] Protocol version: 4
[ZMQEndpointInterface] Protocol v4: Received 64D token (latent action), tokens[0]=0.0224, frame_index: 714
[ZMQEndpointInterface] Protocol v4: Left hand joints set: [0.0000, 0.0055, 0.0109, -0.0117, -0.0117, -0.0020, -0.0176]
[ZMQEndpointInterface] Protocol v4: Right hand joints set: [0.0000, 0.0000, 0.0000, 0.0039, 0.0000, 0.0000, 0.0000]
[ZMQEndpointInterface] Received ZMQ message - topic: 'pose', protocol_version: 4, num_fields: 4, total_size: 4 buffers
[ZMQEndpointInterface] *** Starting ZMQ processing ***
[ZMQEndpointInterface] Protocol version: 4
[ZMQEndpointInterface] Protocol v4: Received 64D token (latent action), tokens[0]=0.0254, frame_index: 715
[ZMQEndpointInterface] Protocol v4: Left hand joints set: [0.0000, 0.0027, 0.0082, -0.0039, -0.0234, -0.0039, -0.0117]
[ZMQEndpointInterface] Protocol v4: Right hand joints set: [0.0000, -0.0027, -0.0014, 0.0000, 0.0117, 0.0098, 0.0000]
[ZMQEndpointInterface] Received ZMQ message - topic: 'pose', protocol_version: 4, num_fields: 4, total_size: 4 buffers
[ZMQEndpointInterface] *** Starting ZMQ processing ***
[ZMQEndpointInterface] Protocol version: 4
[ZMQEndpointInterface] Protocol v4: Received 64D token (latent action), tokens[0]=0.0288, frame_index: 716
[ZMQEndpointInterface] Protocol v4: Left hand joints set: [0.0000, 0.0082, 0.0014, -0.0078, -0.0205, -0.0059, -0.0059]
[ZMQEndpointInterface] Protocol v4: Right hand joints set: [0.0000, -0.0027, -0.0027, 0.0000, 0.0000, 0.0039, 0.0000]
[ZMQEndpointInterface] Received ZMQ message - topic: 'pose', protocol_version: 4, num_fields: 4, total_size: 4 buffers
[ZMQEndpointInterface] *** Starting ZMQ processing ***
[ZMQEndpointInterface] Protocol version: 4
[ZMQEndpointInterface] Protocol v4: Received 64D token (latent action), tokens[0]=0.0267, frame_index: 717
[ZMQEndpointInterface] Protocol v4: Left hand joints set: [0.0000, 0.0055, 0.0055, -0.0039, -0.0117, 0.0000, 0.0000]
[ZMQEndpointInterface] Protocol v4: Right hand joints set: [0.0000, 0.0000, 0.0000, 0.0000, 0.0000, 0.0000, 0.0000]
[ZMQEndpointInterface] Received ZMQ message - topic: 'pose', protocol_version: 4, num_fields: 4, total_size: 4 buffers
[ZMQEndpointInterface] *** Starting ZMQ processing ***
[ZMQEndpointInterface] Protocol version: 4
[ZMQEndpointInterface] Protocol v4: Received 64D token (latent action), tokens[0]=0.0301, frame_index: 718
[ZMQEndpointInterface] Protocol v4: Left hand joints set: [0.0000, 0.0000, 0.0123, -0.0039, -0.0088, -0.0137, 0.0000]
[ZMQEndpointInterface] Protocol v4: Right hand joints set: [0.0000, -0.0055, 0.0000, 0.0020, 0.0000, 0.0000, 0.0000]
[ZMQEndpointInterface] Received ZMQ message - topic: 'pose', protocol_version: 4, num_fields: 4, total_size: 4 buffers
[ZMQEndpointInterface] *** Starting ZMQ processing ***
[ZMQEndpointInterface] Protocol version: 4
[ZMQEndpointInterface] Protocol v4: Received 64D token (latent action), tokens[0]=0.0288, frame_index: 719
[ZMQEndpointInterface] Protocol v4: Left hand joints set: [0.0000, 0.0027, 0.0096, -0.0039, 0.0000, -0.0039, 0.0000]
[ZMQEndpointInterface] Protocol v4: Right hand joints set: [0.0000, 0.0000, 0.0000, 0.0000, 0.0117, 0.0039, 0.0000]
[ZMQEndpointInterface] Received ZMQ message - topic: 'pose', protocol_version: 4, num_fields: 4, total_size: 4 buffers
[ZMQEndpointInterface] *** Starting ZMQ processing ***
[ZMQEndpointInterface] Protocol version: 4
[ZMQEndpointInterface] Protocol v4: Received 64D token (latent action), tokens[0]=0.0327, frame_index: 720
[ZMQEndpointInterface] Protocol v4: Left hand joints set: [0.0000, 0.0041, 0.0096, 0.0000, -0.0146, -0.0039, 0.0000]
[ZMQEndpointInterface] Protocol v4: Right hand joints set: [0.0000, -0.0041, 0.0000, 0.0000, 0.0000, 0.0020, 0.0000]
[ZMQEndpointInterface] Received ZMQ message - topic: 'pose', protocol_version: 4, num_fields: 4, total_size: 4 buffers
[ZMQEndpointInterface] *** Starting ZMQ processing ***
[ZMQEndpointInterface] Protocol version: 4
[ZMQEndpointInterface] Protocol v4: Received 64D token (latent action), tokens[0]=0.0339, frame_index: 721
[ZMQEndpointInterface] Protocol v4: Left hand joints set: [0.0000, 0.0109, 0.0191, -0.0098, -0.0146, -0.0078, -0.0117]
[ZMQEndpointInterface] Protocol v4: Right hand joints set: [0.0000, -0.0041, -0.0014, 0.0000, 0.0029, 0.0000, 0.0000]
[ZMQEndpointInterface] Received ZMQ message - topic: 'pose', protocol_version: 4, num_fields: 4, total_size: 4 buffers
[ZMQEndpointInterface] *** Starting ZMQ processing ***
[ZMQEndpointInterface] Protocol version: 4
[ZMQEndpointInterface] Protocol v4: Received 64D token (latent action), tokens[0]=0.0339, frame_index: 722
[ZMQEndpointInterface] Protocol v4: Left hand joints set: [0.0000, 0.0027, 0.0068, -0.0117, -0.0088, -0.0059, -0.0146]
[ZMQEndpointInterface] Protocol v4: Right hand joints set: [0.0000, -0.0027, 0.0000, 0.0000, 0.0088, 0.0000, 0.0000]
[ZMQEndpointInterface] Received ZMQ message - topic: 'pose', protocol_version: 4, num_fields: 4, total_size: 4 buffers
[ZMQEndpointInterface] *** Starting ZMQ processing ***
[ZMQEndpointInterface] Protocol version: 4
[ZMQEndpointInterface] Protocol v4: Received 64D token (latent action), tokens[0]=0.0374, frame_index: 723
[ZMQEndpointInterface] Protocol v4: Left hand joints set: [0.0000, 0.0027, 0.0109, -0.0098, -0.0117, 0.0000, -0.0176]
[ZMQEndpointInterface] Protocol v4: Right hand joints set: [0.0000, -0.0014, 0.0000, 0.0000, 0.0117, 0.0000, 0.0000]
[ZMQEndpointInterface] Received ZMQ message - topic: 'pose', protocol_version: 4, num_fields: 4, total_size: 4 buffers
[ZMQEndpointInterface] *** Starting ZMQ processing ***
[ZMQEndpointInterface] Protocol version: 4
[ZMQEndpointInterface] Protocol v4: Received 64D token (latent action), tokens[0]=0.0397, frame_index: 724
[ZMQEndpointInterface] Protocol v4: Left hand joints set: [0.0000, 0.0000, 0.0055, -0.0059, -0.0088, -0.0078, -0.0029]
[ZMQEndpointInterface] Protocol v4: Right hand joints set: [0.0000, -0.0014, -0.0055, 0.0000, 0.0059, 0.0039, 0.0000]
[ZMQEndpointInterface] Received ZMQ message - topic: 'pose', protocol_version: 4, num_fields: 4, total_size: 4 buffers
[ZMQEndpointInterface] *** Starting ZMQ processing ***
[ZMQEndpointInterface] Protocol version: 4
[ZMQEndpointInterface] Protocol v4: Received 64D token (latent action), tokens[0]=0.0393, frame_index: 725
[ZMQEndpointInterface] Protocol v4: Left hand joints set: [0.0000, 0.0027, 0.0096, -0.0039, -0.0059, -0.0117, -0.0146]
[ZMQEndpointInterface] Protocol v4: Right hand joints set: [0.0000, -0.0027, -0.0014, 0.0020, 0.0000, 0.0000, 0.0000]
[ZMQEndpointInterface] Received ZMQ message - topic: 'pose', protocol_version: 4, num_fields: 4, total_size: 4 buffers
[ZMQEndpointInterface] *** Starting ZMQ processing ***
[ZMQEndpointInterface] Protocol version: 4
[ZMQEndpointInterface] Protocol v4: Received 64D token (latent action), tokens[0]=0.0410, frame_index: 726
[ZMQEndpointInterface] Protocol v4: Left hand joints set: [0.0000, 0.0000, 0.0082, -0.0098, 0.0000, -0.0098, -0.0176]
[ZMQEndpointInterface] Protocol v4: Right hand joints set: [0.0000, 0.0000, -0.0082, 0.0117, 0.0000, 0.0000, 0.0000]
[ZMQEndpointInterface] Received ZMQ message - topic: 'pose', protocol_version: 4, num_fields: 4, total_size: 4 buffers
[ZMQEndpointInterface] *** Starting ZMQ processing ***
[ZMQEndpointInterface] Protocol version: 4
[ZMQEndpointInterface] Protocol v4: Received 64D token (latent action), tokens[0]=0.0386, frame_index: 727
[ZMQEndpointInterface] Protocol v4: Left hand joints set: [0.0000, 0.0041, 0.0109, -0.0039, -0.0146, -0.0059, -0.0205]
[ZMQEndpointInterface] Protocol v4: Right hand joints set: [0.0000, -0.0027, 0.0000, 0.0059, 0.0059, 0.0000, 0.0000]
[ZMQEndpointInterface] Received ZMQ message - topic: 'pose', protocol_version: 4, num_fields: 4, total_size: 4 buffers
[ZMQEndpointInterface] *** Starting ZMQ processing ***
[ZMQEndpointInterface] Protocol version: 4
[ZMQEndpointInterface] Protocol v4: Received 64D token (latent action), tokens[0]=0.0382, frame_index: 728
[ZMQEndpointInterface] Protocol v4: Left hand joints set: [0.0000, 0.0055, 0.0137, -0.0039, -0.0146, -0.0117, 0.0000]
[ZMQEndpointInterface] Protocol v4: Right hand joints set: [0.0000, -0.0014, 0.0000, 0.0020, 0.0000, 0.0039, 0.0000]
[ZMQEndpointInterface] Received ZMQ message - topic: 'pose', protocol_version: 4, num_fields: 4, total_size: 4 buffers
[ZMQEndpointInterface] *** Starting ZMQ processing ***
[ZMQEndpointInterface] Protocol version: 4
[ZMQEndpointInterface] Protocol v4: Received 64D token (latent action), tokens[0]=0.0442, frame_index: 729
[ZMQEndpointInterface] Protocol v4: Left hand joints set: [0.0000, 0.0055, 0.0096, -0.0117, 0.0000, -0.0117, -0.0264]
[ZMQEndpointInterface] Protocol v4: Right hand joints set: [0.0000, -0.0041, -0.0027, 0.0039, 0.0000, 0.0020, 0.0029]
[ZMQEndpointInterface] Received ZMQ message - topic: 'pose', protocol_version: 4, num_fields: 4, total_size: 4 buffers
[ZMQEndpointInterface] *** Starting ZMQ processing ***
[ZMQEndpointInterface] Protocol version: 4
[ZMQEndpointInterface] Protocol v4: Received 64D token (latent action), tokens[0]=0.0378, frame_index: 730
[ZMQEndpointInterface] Protocol v4: Left hand joints set: [0.0000, 0.0000, 0.0096, -0.0039, -0.0146, -0.0020, -0.0088]
[ZMQEndpointInterface] Protocol v4: Right hand joints set: [0.0000, -0.0027, 0.0000, 0.0039, 0.0000, 0.0000, 0.0000]
[ZMQEndpointInterface] Received ZMQ message - topic: 'pose', protocol_version: 4, num_fields: 4, total_size: 4 buffers
[ZMQEndpointInterface] *** Starting ZMQ processing ***
[ZMQEndpointInterface] Protocol version: 4
[ZMQEndpointInterface] Protocol v4: Received 64D token (latent action), tokens[0]=0.0421, frame_index: 731
[ZMQEndpointInterface] Protocol v4: Left hand joints set: [0.0000, 0.0041, 0.0109, -0.0098, -0.0059, -0.0117, -0.0117]
[ZMQEndpointInterface] Protocol v4: Right hand joints set: [0.0000, -0.0014, -0.0027, 0.0020, 0.0029, 0.0078, 0.0000]
[ZMQEndpointInterface] Received ZMQ message - topic: 'pose', protocol_version: 4, num_fields: 4, total_size: 4 buffers
[ZMQEndpointInterface] *** Starting ZMQ processing ***
[ZMQEndpointInterface] Protocol version: 4
[ZMQEndpointInterface] Protocol v4: Received 64D token (latent action), tokens[0]=0.0421, frame_index: 732
[ZMQEndpointInterface] Protocol v4: Left hand joints set: [0.0000, 0.0000, 0.0068, -0.0176, -0.0176, -0.0059, 0.0000]
[ZMQEndpointInterface] Protocol v4: Right hand joints set: [0.0000, -0.0027, 0.0000, 0.0059, 0.0059, 0.0000, 0.0029]
[ZMQEndpointInterface] Received ZMQ message - topic: 'pose', protocol_version: 4, num_fields: 4, total_size: 4 buffers
[ZMQEndpointInterface] *** Starting ZMQ processing ***
[ZMQEndpointInterface] Protocol version: 4
[ZMQEndpointInterface] Protocol v4: Received 64D token (latent action), tokens[0]=0.0429, frame_index: 733
[ZMQEndpointInterface] Protocol v4: Left hand joints set: [0.0000, 0.0000, 0.0055, -0.0078, -0.0059, -0.0078, -0.0029]
[ZMQEndpointInterface] Protocol v4: Right hand joints set: [0.0000, -0.0014, -0.0027, 0.0039, 0.0000, 0.0137, 0.0059]
[ZMQEndpointInterface] Received ZMQ message - topic: 'pose', protocol_version: 4, num_fields: 4, total_size: 4 buffers
[ZMQEndpointInterface] *** Starting ZMQ processing ***
[ZMQEndpointInterface] Protocol version: 4
[ZMQEndpointInterface] Protocol v4: Received 64D token (latent action), tokens[0]=0.0433, frame_index: 734
[ZMQEndpointInterface] Protocol v4: Left hand joints set: [0.0000, 0.0055, 0.0082, -0.0059, -0.0146, 0.0000, -0.0146]
[ZMQEndpointInterface] Protocol v4: Right hand joints set: [0.0000, 0.0000, -0.0055, 0.0039, 0.0000, 0.0039, 0.0000]
[ZMQEndpointInterface] Received ZMQ message - topic: 'pose', protocol_version: 4, num_fields: 4, total_size: 4 buffers
[ZMQEndpointInterface] *** Starting ZMQ processing ***
[ZMQEndpointInterface] Protocol version: 4
[ZMQEndpointInterface] Protocol v4: Received 64D token (latent action), tokens[0]=0.0450, frame_index: 735
[ZMQEndpointInterface] Protocol v4: Left hand joints set: [0.0000, 0.0041, 0.0055, -0.0078, -0.0088, -0.0059, -0.0117]
[ZMQEndpointInterface] Protocol v4: Right hand joints set: [0.0000, -0.0041, -0.0014, 0.0000, 0.0117, 0.0098, 0.0059]
[ZMQEndpointInterface] Received ZMQ message - topic: 'pose', protocol_version: 4, num_fields: 4, total_size: 4 buffers
[ZMQEndpointInterface] *** Starting ZMQ processing ***
[ZMQEndpointInterface] Protocol version: 4
[ZMQEndpointInterface] Protocol v4: Received 64D token (latent action), tokens[0]=0.0423, frame_index: 736
[ZMQEndpointInterface] Protocol v4: Left hand joints set: [0.0000, 0.0055, 0.0096, -0.0059, -0.0059, -0.0059, -0.0059]
[ZMQEndpointInterface] Protocol v4: Right hand joints set: [0.0000, 0.0000, -0.0082, 0.0039, 0.0000, 0.0039, 0.0059]
[ZMQEndpointInterface] Received ZMQ message - topic: 'pose', protocol_version: 4, num_fields: 4, total_size: 4 buffers
[ZMQEndpointInterface] *** Starting ZMQ processing ***
[ZMQEndpointInterface] Protocol version: 4
[ZMQEndpointInterface] Protocol v4: Received 64D token (latent action), tokens[0]=0.0435, frame_index: 737
[ZMQEndpointInterface] Protocol v4: Left hand joints set: [0.0000, 0.0027, 0.0082, -0.0078, -0.0117, -0.0117, -0.0117]
[ZMQEndpointInterface] Protocol v4: Right hand joints set: [0.0000, -0.0027, -0.0027, 0.0098, 0.0088, 0.0059, 0.0000]
[ZMQEndpointInterface] Received ZMQ message - topic: 'pose', protocol_version: 4, num_fields: 4, total_size: 4 buffers
[ZMQEndpointInterface] *** Starting ZMQ processing ***
[ZMQEndpointInterface] Protocol version: 4
[ZMQEndpointInterface] Protocol v4: Received 64D token (latent action), tokens[0]=0.0429, frame_index: 738
[ZMQEndpointInterface] Protocol v4: Left hand joints set: [0.0000, 0.0068, 0.0109, -0.0039, -0.0029, -0.0098, -0.0117]
[ZMQEndpointInterface] Protocol v4: Right hand joints set: [0.0000, 0.0000, 0.0000, 0.0039, 0.0146, 0.0039, 0.0117]
[ZMQEndpointInterface] Received ZMQ message - topic: 'pose', protocol_version: 4, num_fields: 4, total_size: 4 buffers
[ZMQEndpointInterface] *** Starting ZMQ processing ***
[ZMQEndpointInterface] Protocol version: 4
[ZMQEndpointInterface] Protocol v4: Received 64D token (latent action), tokens[0]=0.0211, frame_index: 739
[ZMQEndpointInterface] Protocol v4: Left hand joints set: [0.0000, 0.0068, 0.0123, -0.0098, -0.0059, -0.0059, -0.0117]
[ZMQEndpointInterface] Protocol v4: Right hand joints set: [0.0000, 0.0000, 0.0000, 0.0000, 0.0000, 0.0000, 0.0000]
[ZMQEndpointInterface] Received ZMQ message - topic: 'pose', protocol_version: 4, num_fields: 4, total_size: 4 buffers
[ZMQEndpointInterface] *** Starting ZMQ processing ***
[ZMQEndpointInterface] Protocol version: 4
[ZMQEndpointInterface] Protocol v4: Received 64D token (latent action), tokens[0]=0.0241, frame_index: 740
[ZMQEndpointInterface] Protocol v4: Left hand joints set: [0.0000, 0.0082, 0.0109, -0.0215, -0.0088, -0.0156, -0.0146]
[ZMQEndpointInterface] Protocol v4: Right hand joints set: [0.0000, 0.0000, 0.0000, 0.0000, 0.0000, 0.0000, 0.0000]
[ZMQEndpointInterface] Received ZMQ message - topic: 'pose', protocol_version: 4, num_fields: 4, total_size: 4 buffers
[ZMQEndpointInterface] *** Starting ZMQ processing ***
[ZMQEndpointInterface] Protocol version: 4
[ZMQEndpointInterface] Protocol v4: Received 64D token (latent action), tokens[0]=0.0250, frame_index: 741
[ZMQEndpointInterface] Protocol v4: Left hand joints set: [0.0000, 0.0082, 0.0014, -0.0078, -0.0117, -0.0059, -0.0234]
[ZMQEndpointInterface] Protocol v4: Right hand joints set: [0.0000, 0.0000, 0.0000, 0.0000, 0.0000, 0.0000, 0.0000]
Temporary motion completed.
Reset to frame 0.
[ZMQEndpointInterface] Received ZMQ message - topic: 'pose', protocol_version: 4, num_fields: 4, total_size: 4 buffers
[ZMQEndpointInterface] *** Starting ZMQ processing ***
[ZMQEndpointInterface] Protocol version: 4
[ZMQEndpointInterface] Protocol v4: Received 64D token (latent action), tokens[0]=0.0250, frame_index: 742
[ZMQEndpointInterface] Protocol v4: Left hand joints set: [0.0000, 0.0096, 0.0123, -0.0078, -0.0146, -0.0195, -0.0117]
[ZMQEndpointInterface] Protocol v4: Right hand joints set: [0.0000, -0.0041, 0.0000, 0.0000, 0.0000, 0.0000, 0.0000]
Reset heading state to 0.9977, -0.0024, -0.0448, -0.0503
Reset delta heading to 0
Reset init reference data root rotation to current frame: 0.9997, -0.0016, -0.0223, -0.0045
**********************************************************
Reference motion name: temporary_motion
**********************************************************
[ZMQEndpointInterface] Received ZMQ message - topic: 'pose', protocol_version: 4, num_fields: 4, total_size: 4 buffers
[ZMQEndpointInterface] *** Starting ZMQ processing ***
[ZMQEndpointInterface] Protocol version: 4
[ZMQEndpointInterface] Protocol v4: Received 64D token (latent action), tokens[0]=0.0241, frame_index: 743
[ZMQEndpointInterface] Protocol v4: Left hand joints set: [0.0000, 0.0082, 0.0055, -0.0117, -0.0205, -0.0098, -0.0176]
[ZMQEndpointInterface] Protocol v4: Right hand joints set: [0.0000, 0.0000, 0.0000, 0.0000, 0.0000, 0.0000, 0.0000]
[ZMQEndpointInterface] Received ZMQ message - topic: 'pose', protocol_version: 4, num_fields: 4, total_size: 4 buffers
[ZMQEndpointInterface] *** Starting ZMQ processing ***
[ZMQEndpointInterface] Protocol version: 4
[ZMQEndpointInterface] Protocol v4: Received 64D token (latent action), tokens[0]=0.0245, frame_index: 744
[ZMQEndpointInterface] Protocol v4: Left hand joints set: [0.0000, 0.0055, 0.0055, -0.0156, -0.0029, -0.0078, -0.0117]
[ZMQEndpointInterface] Protocol v4: Right hand joints set: [0.0000, 0.0000, 0.0000, 0.0039, 0.0000, 0.0000, 0.0000]
[ZMQEndpointInterface] Received ZMQ message - topic: 'pose', protocol_version: 4, num_fields: 4, total_size: 4 buffers
[ZMQEndpointInterface] *** Starting ZMQ processing ***
[ZMQEndpointInterface] Protocol version: 4
[ZMQEndpointInterface] Protocol v4: Received 64D token (latent action), tokens[0]=0.0224, frame_index: 745
[ZMQEndpointInterface] Protocol v4: Left hand joints set: [0.0000, 0.0068, 0.0068, -0.0156, -0.0059, -0.0156, -0.0117]
[ZMQEndpointInterface] Protocol v4: Right hand joints set: [0.0000, 0.0000, -0.0014, 0.0000, 0.0000, 0.0000, 0.0000]
[ZMQEndpointInterface] Received ZMQ message - topic: 'pose', protocol_version: 4, num_fields: 4, total_size: 4 buffers
[ZMQEndpointInterface] *** Starting ZMQ processing ***
[ZMQEndpointInterface] Protocol version: 4
[ZMQEndpointInterface] Protocol v4: Received 64D token (latent action), tokens[0]=0.0228, frame_index: 746
[ZMQEndpointInterface] Protocol v4: Left hand joints set: [0.0000, 0.0055, 0.0082, -0.0117, -0.0117, -0.0156, -0.0117]
[ZMQEndpointInterface] Protocol v4: Right hand joints set: [0.0000, 0.0000, 0.0000, 0.0000, 0.0000, 0.0000, 0.0000]
[ZMQEndpointInterface] Received ZMQ message - topic: 'pose', protocol_version: 4, num_fields: 4, total_size: 4 buffers
[ZMQEndpointInterface] *** Starting ZMQ processing ***
[ZMQEndpointInterface] Protocol version: 4
[ZMQEndpointInterface] Protocol v4: Received 64D token (latent action), tokens[0]=0.0254, frame_index: 747
[ZMQEndpointInterface] Protocol v4: Left hand joints set: [0.0000, 0.0109, 0.0068, -0.0156, -0.0088, -0.0195, -0.0176]
[ZMQEndpointInterface] Protocol v4: Right hand joints set: [0.0000, 0.0000, 0.0000, 0.0000, 0.0000, 0.0000, 0.0000]
[Token Flow] Copied external tokens, tokens[0]=0.0254
[ZMQEndpointInterface] Received ZMQ message - topic: 'pose', protocol_version: 4, num_fields: 4, total_size: 4 buffers
[ZMQEndpointInterface] *** Starting ZMQ processing ***
[ZMQEndpointInterface] Protocol version: 4
[ZMQEndpointInterface] Protocol v4: Received 64D token (latent action), tokens[0]=0.0280, frame_index: 748
[ZMQEndpointInterface] Protocol v4: Left hand joints set: [0.0000, 0.0109, 0.0027, -0.0195, -0.0088, -0.0156, -0.0234]
[ZMQEndpointInterface] Protocol v4: Right hand joints set: [0.0000, 0.0000, 0.0000, 0.0000, 0.0000, 0.0000, 0.0000]
[ZMQEndpointInterface] Received ZMQ message - topic: 'pose', protocol_version: 4, num_fields: 4, total_size: 4 buffers
[ZMQEndpointInterface] *** Starting ZMQ processing ***
[ZMQEndpointInterface] Protocol version: 4
[ZMQEndpointInterface] Protocol v4: Received 64D token (latent action), tokens[0]=0.0228, frame_index: 749
[ZMQEndpointInterface] Protocol v4: Left hand joints set: [0.0000, 0.0082, 0.0096, -0.0078, -0.0117, -0.0098, -0.0264]
[ZMQEndpointInterface] Protocol v4: Right hand joints set: [0.0000, 0.0000, 0.0000, 0.0000, 0.0000, 0.0000, 0.0000]
[ZMQEndpointInterface] Received ZMQ message - topic: 'pose', protocol_version: 4, num_fields: 4, total_size: 4 buffers
[ZMQEndpointInterface] *** Starting ZMQ processing ***
[ZMQEndpointInterface] Protocol version: 4
[ZMQEndpointInterface] Protocol v4: Received 64D token (latent action), tokens[0]=0.0245, frame_index: 750
[ZMQEndpointInterface] Protocol v4: Left hand joints set: [0.0000, 0.0096, 0.0055, -0.0156, -0.0059, -0.0156, -0.0146]
[ZMQEndpointInterface] Protocol v4: Right hand joints set: [0.0000, 0.0000, 0.0000, 0.0000, 0.0000, 0.0000, 0.0000]
[ZMQEndpointInterface] Received ZMQ message - topic: 'pose', protocol_version: 4, num_fields: 4, total_size: 4 buffers
[ZMQEndpointInterface] *** Starting ZMQ processing ***
[ZMQEndpointInterface] Protocol version: 4
[ZMQEndpointInterface] Protocol v4: Received 64D token (latent action), tokens[0]=0.0258, frame_index: 751
[ZMQEndpointInterface] Protocol v4: Left hand joints set: [0.0000, 0.0068, 0.0055, -0.0117, -0.0088, -0.0098, -0.0322]
[ZMQEndpointInterface] Protocol v4: Right hand joints set: [0.0000, 0.0000, 0.0000, 0.0098, 0.0000, 0.0000, 0.0000]
[ZMQEndpointInterface] Received ZMQ message - topic: 'pose', protocol_version: 4, num_fields: 4, total_size: 4 buffers
[ZMQEndpointInterface] *** Starting ZMQ processing ***
[ZMQEndpointInterface] Protocol version: 4
[ZMQEndpointInterface] Protocol v4: Received 64D token (latent action), tokens[0]=0.0262, frame_index: 752
[ZMQEndpointInterface] Protocol v4: Left hand joints set: [0.0000, 0.0055, 0.0041, -0.0195, -0.0059, -0.0117, -0.0176]
[ZMQEndpointInterface] Protocol v4: Right hand joints set: [0.0000, 0.0000, 0.0000, 0.0000, 0.0000, 0.0000, 0.0000]
[ZMQEndpointInterface] Received ZMQ message - topic: 'pose', protocol_version: 4, num_fields: 4, total_size: 4 buffers
[ZMQEndpointInterface] *** Starting ZMQ processing ***
[ZMQEndpointInterface] Protocol version: 4
[ZMQEndpointInterface] Protocol v4: Received 64D token (latent action), tokens[0]=0.0241, frame_index: 753
[ZMQEndpointInterface] Protocol v4: Left hand joints set: [0.0000, 0.0068, 0.0082, -0.0137, -0.0176, -0.0215, -0.0293]
[ZMQEndpointInterface] Protocol v4: Right hand joints set: [0.0000, -0.0014, 0.0000, 0.0000, 0.0000, 0.0000, 0.0000]
[ZMQEndpointInterface] Received ZMQ message - topic: 'pose', protocol_version: 4, num_fields: 4, total_size: 4 buffers
[ZMQEndpointInterface] *** Starting ZMQ processing ***
[ZMQEndpointInterface] Protocol version: 4
[ZMQEndpointInterface] Protocol v4: Received 64D token (latent action), tokens[0]=0.0224, frame_index: 754
[ZMQEndpointInterface] Protocol v4: Left hand joints set: [0.0000, 0.0082, 0.0068, -0.0117, -0.0117, -0.0117, -0.0176]
[ZMQEndpointInterface] Protocol v4: Right hand joints set: [0.0000, -0.0014, 0.0000, 0.0000, 0.0000, 0.0000, 0.0000]
[ZMQEndpointInterface] Received ZMQ message - topic: 'pose', protocol_version: 4, num_fields: 4, total_size: 4 buffers
[ZMQEndpointInterface] *** Starting ZMQ processing ***
[ZMQEndpointInterface] Protocol version: 4
[ZMQEndpointInterface] Protocol v4: Received 64D token (latent action), tokens[0]=0.0228, frame_index: 755
[ZMQEndpointInterface] Protocol v4: Left hand joints set: [0.0000, 0.0082, 0.0082, -0.0117, 0.0000, -0.0176, -0.0088]
[ZMQEndpointInterface] Protocol v4: Right hand joints set: [0.0000, 0.0000, 0.0000, 0.0000, 0.0000, 0.0000, 0.0000]
[ZMQEndpointInterface] Received ZMQ message - topic: 'pose', protocol_version: 4, num_fields: 4, total_size: 4 buffers
[ZMQEndpointInterface] *** Starting ZMQ processing ***
[ZMQEndpointInterface] Protocol version: 4
[ZMQEndpointInterface] Protocol v4: Received 64D token (latent action), tokens[0]=0.0186, frame_index: 756
[ZMQEndpointInterface] Protocol v4: Left hand joints set: [0.0000, 0.0027, 0.0109, -0.0137, -0.0059, -0.0117, -0.0234]
[ZMQEndpointInterface] Protocol v4: Right hand joints set: [0.0000, 0.0000, 0.0000, 0.0078, 0.0000, 0.0000, 0.0000]
[ZMQEndpointInterface] Received ZMQ message - topic: 'pose', protocol_version: 4, num_fields: 4, total_size: 4 buffers
[ZMQEndpointInterface] *** Starting ZMQ processing ***
[ZMQEndpointInterface] Protocol version: 4
[ZMQEndpointInterface] Protocol v4: Received 64D token (latent action), tokens[0]=0.0220, frame_index: 757
[ZMQEndpointInterface] Protocol v4: Left hand joints set: [0.0000, 0.0055, 0.0055, -0.0137, 0.0000, -0.0137, -0.0205]
[ZMQEndpointInterface] Protocol v4: Right hand joints set: [0.0000, -0.0014, 0.0000, 0.0039, 0.0000, 0.0000, 0.0000]
[ZMQEndpointInterface] Received ZMQ message - topic: 'pose', protocol_version: 4, num_fields: 4, total_size: 4 buffers
[ZMQEndpointInterface] *** Starting ZMQ processing ***
[ZMQEndpointInterface] Protocol version: 4
[ZMQEndpointInterface] Protocol v4: Received 64D token (latent action), tokens[0]=0.0186, frame_index: 758
[ZMQEndpointInterface] Protocol v4: Left hand joints set: [0.0000, 0.0096, 0.0123, -0.0117, -0.0146, -0.0098, -0.0176]
[ZMQEndpointInterface] Protocol v4: Right hand joints set: [0.0000, 0.0000, 0.0000, 0.0020, 0.0000, 0.0000, 0.0029]
[ZMQEndpointInterface] Received ZMQ message - topic: 'pose', protocol_version: 4, num_fields: 4, total_size: 4 buffers
[ZMQEndpointInterface] *** Starting ZMQ processing ***
[ZMQEndpointInterface] Protocol version: 4
[ZMQEndpointInterface] Protocol v4: Received 64D token (latent action), tokens[0]=0.0173, frame_index: 759
[ZMQEndpointInterface] Protocol v4: Left hand joints set: [0.0000, 0.0014, 0.0082, -0.0117, -0.0117, -0.0117, -0.0176]
[ZMQEndpointInterface] Protocol v4: Right hand joints set: [0.0000, 0.0000, 0.0000, 0.0039, 0.0000, 0.0000, 0.0000]
[ZMQEndpointInterface] Received ZMQ message - topic: 'pose', protocol_version: 4, num_fields: 4, total_size: 4 buffers
[ZMQEndpointInterface] *** Starting ZMQ processing ***
[ZMQEndpointInterface] Protocol version: 4
[ZMQEndpointInterface] Protocol v4: Received 64D token (latent action), tokens[0]=0.0168, frame_index: 760
[ZMQEndpointInterface] Protocol v4: Left hand joints set: [0.0000, 0.0027, 0.0082, -0.0078, -0.0059, -0.0059, -0.0205]
[ZMQEndpointInterface] Protocol v4: Right hand joints set: [0.0000, -0.0027, 0.0000, 0.0000, 0.0000, 0.0000, 0.0000]
[ZMQEndpointInterface] Received ZMQ message - topic: 'pose', protocol_version: 4, num_fields: 4, total_size: 4 buffers
[ZMQEndpointInterface] *** Starting ZMQ processing ***
[ZMQEndpointInterface] Protocol version: 4
[ZMQEndpointInterface] Protocol v4: Received 64D token (latent action), tokens[0]=0.0173, frame_index: 761
[ZMQEndpointInterface] Protocol v4: Left hand joints set: [0.0000, 0.0055, 0.0096, -0.0137, -0.0264, -0.0156, -0.0293]
[ZMQEndpointInterface] Protocol v4: Right hand joints set: [0.0000, -0.0014, 0.0000, 0.0059, 0.0000, 0.0000, 0.0000]
[ZMQEndpointInterface] Received ZMQ message - topic: 'pose', protocol_version: 4, num_fields: 4, total_size: 4 buffers
[ZMQEndpointInterface] *** Starting ZMQ processing ***
[ZMQEndpointInterface] Protocol version: 4
[ZMQEndpointInterface] Protocol v4: Received 64D token (latent action), tokens[0]=0.0126, frame_index: 762
[ZMQEndpointInterface] Protocol v4: Left hand joints set: [0.0000, 0.0055, 0.0096, -0.0137, -0.0059, -0.0098, -0.0205]
[ZMQEndpointInterface] Protocol v4: Right hand joints set: [0.0000, 0.0000, 0.0000, 0.0039, 0.0000, 0.0000, 0.0000]
Loop timing - LowState age: 2.5560ms, Streaming data mean delay: 9.3120ms, Streaming data std delay: 5.8942ms, IMU age: 2.5530ms, Obs: 67us, Policy: 631us, Obs 2 Motor Command: 698us, Post processing: 34us | HandCloseRatio: 1.0000
[ZMQEndpointInterface] Received ZMQ message - topic: 'pose', protocol_version: 4, num_fields: 4, total_size: 4 buffers
[ZMQEndpointInterface] *** Starting ZMQ processing ***
[ZMQEndpointInterface] Protocol version: 4
[ZMQEndpointInterface] Protocol v4: Received 64D token (latent action), tokens[0]=0.0134, frame_index: 763
[ZMQEndpointInterface] Protocol v4: Left hand joints set: [0.0000, 0.0055, 0.0055, -0.0137, -0.0029, -0.0020, -0.0205]
[ZMQEndpointInterface] Protocol v4: Right hand joints set: [0.0000, 0.0000, 0.0000, 0.0000, 0.0000, 0.0000, 0.0000]
[ZMQEndpointInterface] Received ZMQ message - topic: 'pose', protocol_version: 4, num_fields: 4, total_size: 4 buffers
[ZMQEndpointInterface] *** Starting ZMQ processing ***
[ZMQEndpointInterface] Protocol version: 4
[ZMQEndpointInterface] Protocol v4: Received 64D token (latent action), tokens[0]=0.0160, frame_index: 764
[ZMQEndpointInterface] Protocol v4: Left hand joints set: [0.0000, 0.0041, 0.0068, -0.0117, -0.0088, -0.0137, -0.0322]
[ZMQEndpointInterface] Protocol v4: Right hand joints set: [0.0000, 0.0000, 0.0000, 0.0039, 0.0000, 0.0000, 0.0029]
[ZMQEndpointInterface] Received ZMQ message - topic: 'pose', protocol_version: 4, num_fields: 4, total_size: 4 buffers
[ZMQEndpointInterface] *** Starting ZMQ processing ***
[ZMQEndpointInterface] Protocol version: 4
[ZMQEndpointInterface] Protocol v4: Received 64D token (latent action), tokens[0]=0.0190, frame_index: 765
[ZMQEndpointInterface] Protocol v4: Left hand joints set: [0.0000, 0.0082, 0.0027, -0.0137, -0.0059, -0.0117, -0.0410]
[ZMQEndpointInterface] Protocol v4: Right hand joints set: [0.0000, 0.0000, 0.0000, 0.0000, 0.0000, 0.0000, 0.0000]
[ZMQEndpointInterface] Received ZMQ message - topic: 'pose', protocol_version: 4, num_fields: 4, total_size: 4 buffers
[ZMQEndpointInterface] *** Starting ZMQ processing ***
[ZMQEndpointInterface] Protocol version: 4
[ZMQEndpointInterface] Protocol v4: Received 64D token (latent action), tokens[0]=0.0280, frame_index: 766
[ZMQEndpointInterface] Protocol v4: Left hand joints set: [0.0000, 0.0055, 0.0000, -0.0078, -0.0029, -0.0078, -0.0029]
[ZMQEndpointInterface] Protocol v4: Right hand joints set: [0.0000, 0.0000, 0.0000, 0.0000, 0.0000, 0.0000, 0.0000]
[ZMQEndpointInterface] Received ZMQ message - topic: 'pose', protocol_version: 4, num_fields: 4, total_size: 4 buffers
[ZMQEndpointInterface] *** Starting ZMQ processing ***
[ZMQEndpointInterface] Protocol version: 4
[ZMQEndpointInterface] Protocol v4: Received 64D token (latent action), tokens[0]=0.0297, frame_index: 767
[ZMQEndpointInterface] Protocol v4: Left hand joints set: [0.0000, 0.0150, 0.0000, -0.0020, -0.0088, -0.0117, 0.0000]
[ZMQEndpointInterface] Protocol v4: Right hand joints set: [0.0000, 0.0000, -0.0027, 0.0000, 0.0000, 0.0000, 0.0000]
[ZMQEndpointInterface] Received ZMQ message - topic: 'pose', protocol_version: 4, num_fields: 4, total_size: 4 buffers
[ZMQEndpointInterface] *** Starting ZMQ processing ***
[ZMQEndpointInterface] Protocol version: 4
[ZMQEndpointInterface] Protocol v4: Received 64D token (latent action), tokens[0]=0.0305, frame_index: 768
[ZMQEndpointInterface] Protocol v4: Left hand joints set: [0.0000, 0.0082, 0.0014, 0.0000, -0.0088, -0.0059, -0.0117]
[ZMQEndpointInterface] Protocol v4: Right hand joints set: [0.0000, 0.0000, 0.0000, 0.0000, 0.0000, 0.0000, 0.0000]
[ZMQEndpointInterface] Received ZMQ message - topic: 'pose', protocol_version: 4, num_fields: 4, total_size: 4 buffers
[ZMQEndpointInterface] *** Starting ZMQ processing ***
[ZMQEndpointInterface] Protocol version: 4
[ZMQEndpointInterface] Protocol v4: Received 64D token (latent action), tokens[0]=0.0288, frame_index: 769
[ZMQEndpointInterface] Protocol v4: Left hand joints set: [0.0000, 0.0027, 0.0000, -0.0039, -0.0029, -0.0059, -0.0059]
[ZMQEndpointInterface] Protocol v4: Right hand joints set: [0.0000, 0.0000, 0.0000, 0.0000, 0.0000, 0.0000, 0.0000]
[ZMQEndpointInterface] Received ZMQ message - topic: 'pose', protocol_version: 4, num_fields: 4, total_size: 4 buffers
[ZMQEndpointInterface] *** Starting ZMQ processing ***
[ZMQEndpointInterface] Protocol version: 4
[ZMQEndpointInterface] Protocol v4: Received 64D token (latent action), tokens[0]=0.0344, frame_index: 770
[ZMQEndpointInterface] Protocol v4: Left hand joints set: [0.0000, 0.0082, 0.0000, -0.0020, 0.0000, -0.0098, -0.0117]
[ZMQEndpointInterface] Protocol v4: Right hand joints set: [0.0000, 0.0000, 0.0000, 0.0000, 0.0000, 0.0000, 0.0000]
[ZMQEndpointInterface] Received ZMQ message - topic: 'pose', protocol_version: 4, num_fields: 4, total_size: 4 buffers
[ZMQEndpointInterface] *** Starting ZMQ processing ***
[ZMQEndpointInterface] Protocol version: 4
[ZMQEndpointInterface] Protocol v4: Received 64D token (latent action), tokens[0]=0.0331, frame_index: 771
[ZMQEndpointInterface] Protocol v4: Left hand joints set: [0.0000, 0.0055, 0.0027, 0.0000, 0.0000, -0.0039, 0.0000]
[ZMQEndpointInterface] Protocol v4: Right hand joints set: [0.0000, 0.0000, 0.0000, 0.0000, 0.0000, 0.0020, 0.0000]
[ZMQEndpointInterface] Received ZMQ message - topic: 'pose', protocol_version: 4, num_fields: 4, total_size: 4 buffers
[ZMQEndpointInterface] *** Starting ZMQ processing ***
[ZMQEndpointInterface] Protocol version: 4
[ZMQEndpointInterface] Protocol v4: Received 64D token (latent action), tokens[0]=0.0327, frame_index: 772
[ZMQEndpointInterface] Protocol v4: Left hand joints set: [0.0000, 0.0082, 0.0027, 0.0000, 0.0000, -0.0020, -0.0059]
[ZMQEndpointInterface] Protocol v4: Right hand joints set: [0.0000, 0.0000, 0.0000, 0.0000, 0.0000, 0.0000, 0.0000]
[ZMQEndpointInterface] Received ZMQ message - topic: 'pose', protocol_version: 4, num_fields: 4, total_size: 4 buffers
[ZMQEndpointInterface] *** Starting ZMQ processing ***
[ZMQEndpointInterface] Protocol version: 4
[ZMQEndpointInterface] Protocol v4: Received 64D token (latent action), tokens[0]=0.0335, frame_index: 773
[ZMQEndpointInterface] Protocol v4: Left hand joints set: [0.0000, 0.0068, 0.0055, -0.0039, 0.0000, -0.0098, 0.0000]
[ZMQEndpointInterface] Protocol v4: Right hand joints set: [0.0000, -0.0014, 0.0000, 0.0000, 0.0000, 0.0000, 0.0000]
[ZMQEndpointInterface] Received ZMQ message - topic: 'pose', protocol_version: 4, num_fields: 4, total_size: 4 buffers
[ZMQEndpointInterface] *** Starting ZMQ processing ***
[ZMQEndpointInterface] Protocol version: 4
[ZMQEndpointInterface] Protocol v4: Received 64D token (latent action), tokens[0]=0.0374, frame_index: 774
[ZMQEndpointInterface] Protocol v4: Left hand joints set: [0.0000, 0.0027, 0.0055, -0.0098, 0.0000, -0.0039, 0.0000]
[ZMQEndpointInterface] Protocol v4: Right hand joints set: [0.0000, -0.0014, 0.0000, 0.0020, 0.0000, 0.0039, 0.0000]
[ZMQEndpointInterface] Received ZMQ message - topic: 'pose', protocol_version: 4, num_fields: 4, total_size: 4 buffers
[ZMQEndpointInterface] *** Starting ZMQ processing ***
[ZMQEndpointInterface] Protocol version: 4
[ZMQEndpointInterface] Protocol v4: Received 64D token (latent action), tokens[0]=0.0365, frame_index: 775
[ZMQEndpointInterface] Protocol v4: Left hand joints set: [0.0000, 0.0000, 0.0041, 0.0000, 0.0000, -0.0059, -0.0029]
[ZMQEndpointInterface] Protocol v4: Right hand joints set: [0.0000, 0.0000, 0.0000, 0.0000, 0.0000, 0.0000, 0.0000]
[ZMQEndpointInterface] Received ZMQ message - topic: 'pose', protocol_version: 4, num_fields: 4, total_size: 4 buffers
[ZMQEndpointInterface] *** Starting ZMQ processing ***
[ZMQEndpointInterface] Protocol version: 4
[ZMQEndpointInterface] Protocol v4: Received 64D token (latent action), tokens[0]=0.0386, frame_index: 776
[ZMQEndpointInterface] Protocol v4: Left hand joints set: [0.0000, 0.0068, 0.0027, 0.0000, -0.0059, -0.0117, -0.0117]
[ZMQEndpointInterface] Protocol v4: Right hand joints set: [0.0000, 0.0000, 0.0000, 0.0000, 0.0000, 0.0000, 0.0000]
[ZMQEndpointInterface] Received ZMQ message - topic: 'pose', protocol_version: 4, num_fields: 4, total_size: 4 buffers
[ZMQEndpointInterface] *** Starting ZMQ processing ***
[ZMQEndpointInterface] Protocol version: 4
[ZMQEndpointInterface] Protocol v4: Received 64D token (latent action), tokens[0]=0.0416, frame_index: 777
[ZMQEndpointInterface] Protocol v4: Left hand joints set: [0.0000, 0.0014, 0.0068, 0.0000, 0.0000, -0.0117, -0.0029]
[ZMQEndpointInterface] Protocol v4: Right hand joints set: [0.0000, 0.0000, -0.0027, 0.0000, 0.0000, 0.0000, 0.0000]
[ZMQEndpointInterface] Received ZMQ message - topic: 'pose', protocol_version: 4, num_fields: 4, total_size: 4 buffers
[ZMQEndpointInterface] *** Starting ZMQ processing ***
[ZMQEndpointInterface] Protocol version: 4
[ZMQEndpointInterface] Protocol v4: Received 64D token (latent action), tokens[0]=0.0378, frame_index: 778
[ZMQEndpointInterface] Protocol v4: Left hand joints set: [0.0000, 0.0027, 0.0055, -0.0059, 0.0000, -0.0059, -0.0059]
[ZMQEndpointInterface] Protocol v4: Right hand joints set: [0.0000, 0.0000, 0.0000, 0.0039, 0.0000, 0.0000, 0.0000]
[ZMQEndpointInterface] Received ZMQ message - topic: 'pose', protocol_version: 4, num_fields: 4, total_size: 4 buffers
[ZMQEndpointInterface] *** Starting ZMQ processing ***
[ZMQEndpointInterface] Protocol version: 4
[ZMQEndpointInterface] Protocol v4: Received 64D token (latent action), tokens[0]=0.0408, frame_index: 779
[ZMQEndpointInterface] Protocol v4: Left hand joints set: [0.0000, 0.0027, 0.0000, 0.0000, 0.0000, -0.0059, 0.0000]
[ZMQEndpointInterface] Protocol v4: Right hand joints set: [0.0000, -0.0027, 0.0000, 0.0000, 0.0029, 0.0000, 0.0000]
[ZMQEndpointInterface] Received ZMQ message - topic: 'pose', protocol_version: 4, num_fields: 4, total_size: 4 buffers
[ZMQEndpointInterface] *** Starting ZMQ processing ***
[ZMQEndpointInterface] Protocol version: 4
[ZMQEndpointInterface] Protocol v4: Received 64D token (latent action), tokens[0]=0.0408, frame_index: 780
[ZMQEndpointInterface] Protocol v4: Left hand joints set: [0.0000, 0.0027, 0.0096, -0.0039, 0.0000, -0.0078, -0.0059]
[ZMQEndpointInterface] Protocol v4: Right hand joints set: [0.0000, 0.0000, 0.0000, 0.0000, 0.0000, 0.0039, 0.0000]
[ZMQEndpointInterface] Received ZMQ message - topic: 'pose', protocol_version: 4, num_fields: 4, total_size: 4 buffers
[ZMQEndpointInterface] *** Starting ZMQ processing ***
[ZMQEndpointInterface] Protocol version: 4
[ZMQEndpointInterface] Protocol v4: Received 64D token (latent action), tokens[0]=0.0391, frame_index: 781
[ZMQEndpointInterface] Protocol v4: Left hand joints set: [0.0000, 0.0027, 0.0055, -0.0059, 0.0000, -0.0039, -0.0059]
[ZMQEndpointInterface] Protocol v4: Right hand joints set: [0.0000, 0.0000, 0.0000, 0.0000, 0.0000, 0.0039, 0.0000]
[ZMQEndpointInterface] Received ZMQ message - topic: 'pose', protocol_version: 4, num_fields: 4, total_size: 4 buffers
[ZMQEndpointInterface] *** Starting ZMQ processing ***
[ZMQEndpointInterface] Protocol version: 4
[ZMQEndpointInterface] Protocol v4: Received 64D token (latent action), tokens[0]=0.0406, frame_index: 782
[ZMQEndpointInterface] Protocol v4: Left hand joints set: [0.0000, 0.0000, 0.0068, -0.0059, -0.0029, -0.0078, 0.0000]
[ZMQEndpointInterface] Protocol v4: Right hand joints set: [0.0000, 0.0000, 0.0000, 0.0000, 0.0000, 0.0000, 0.0000]
[ZMQEndpointInterface] Received ZMQ message - topic: 'pose', protocol_version: 4, num_fields: 4, total_size: 4 buffers
[ZMQEndpointInterface] *** Starting ZMQ processing ***
[ZMQEndpointInterface] Protocol version: 4
[ZMQEndpointInterface] Protocol v4: Received 64D token (latent action), tokens[0]=0.0425, frame_index: 783
[ZMQEndpointInterface] Protocol v4: Left hand joints set: [0.0000, 0.0027, 0.0055, -0.0078, 0.0000, -0.0098, 0.0000]
[ZMQEndpointInterface] Protocol v4: Right hand joints set: [0.0000, 0.0000, 0.0000, 0.0000, 0.0000, 0.0000, 0.0000]
[ZMQEndpointInterface] Received ZMQ message - topic: 'pose', protocol_version: 4, num_fields: 4, total_size: 4 buffers
[ZMQEndpointInterface] *** Starting ZMQ processing ***
[ZMQEndpointInterface] Protocol version: 4
[ZMQEndpointInterface] Protocol v4: Received 64D token (latent action), tokens[0]=0.0386, frame_index: 784
[ZMQEndpointInterface] Protocol v4: Left hand joints set: [0.0000, 0.0014, 0.0068, -0.0059, 0.0000, -0.0078, 0.0000]
[ZMQEndpointInterface] Protocol v4: Right hand joints set: [0.0000, -0.0014, 0.0000, 0.0000, 0.0029, 0.0000, 0.0000]
[ZMQEndpointInterface] Received ZMQ message - topic: 'pose', protocol_version: 4, num_fields: 4, total_size: 4 buffers
[ZMQEndpointInterface] *** Starting ZMQ processing ***
[ZMQEndpointInterface] Protocol version: 4
[ZMQEndpointInterface] Protocol v4: Received 64D token (latent action), tokens[0]=0.0440, frame_index: 785
[ZMQEndpointInterface] Protocol v4: Left hand joints set: [0.0000, 0.0000, 0.0068, -0.0078, 0.0000, -0.0059, -0.0029]
[ZMQEndpointInterface] Protocol v4: Right hand joints set: [0.0000, 0.0000, 0.0000, 0.0000, 0.0000, 0.0000, 0.0000]
[ZMQEndpointInterface] Received ZMQ message - topic: 'pose', protocol_version: 4, num_fields: 4, total_size: 4 buffers
[ZMQEndpointInterface] *** Starting ZMQ processing ***
[ZMQEndpointInterface] Protocol version: 4
[ZMQEndpointInterface] Protocol v4: Received 64D token (latent action), tokens[0]=0.0427, frame_index: 786
[ZMQEndpointInterface] Protocol v4: Left hand joints set: [0.0000, 0.0041, 0.0068, -0.0117, 0.0000, -0.0117, 0.0000]
[ZMQEndpointInterface] Protocol v4: Right hand joints set: [0.0000, 0.0000, 0.0000, 0.0000, 0.0000, 0.0000, 0.0000]
[ZMQEndpointInterface] Received ZMQ message - topic: 'pose', protocol_version: 4, num_fields: 4, total_size: 4 buffers
[ZMQEndpointInterface] *** Starting ZMQ processing ***
[ZMQEndpointInterface] Protocol version: 4
[ZMQEndpointInterface] Protocol v4: Received 64D token (latent action), tokens[0]=0.0468, frame_index: 787
[ZMQEndpointInterface] Protocol v4: Left hand joints set: [0.0000, 0.0041, 0.0055, -0.0078, -0.0029, -0.0039, -0.0059]
[ZMQEndpointInterface] Protocol v4: Right hand joints set: [0.0000, -0.0014, 0.0000, 0.0000, 0.0059, 0.0000, 0.0000]
[ZMQEndpointInterface] Received ZMQ message - topic: 'pose', protocol_version: 4, num_fields: 4, total_size: 4 buffers
[ZMQEndpointInterface] *** Starting ZMQ processing ***
[ZMQEndpointInterface] Protocol version: 4
[ZMQEndpointInterface] Protocol v4: Received 64D token (latent action), tokens[0]=0.0480, frame_index: 788
[ZMQEndpointInterface] Protocol v4: Left hand joints set: [0.0000, 0.0055, 0.0068, -0.0059, -0.0117, -0.0078, -0.0088]
[ZMQEndpointInterface] Protocol v4: Right hand joints set: [0.0000, 0.0000, -0.0041, 0.0000, 0.0117, 0.0000, 0.0000]
[ZMQEndpointInterface] Received ZMQ message - topic: 'pose', protocol_version: 4, num_fields: 4, total_size: 4 buffers
[ZMQEndpointInterface] *** Starting ZMQ processing ***
[ZMQEndpointInterface] Protocol version: 4
[ZMQEndpointInterface] Protocol v4: Received 64D token (latent action), tokens[0]=0.0594, frame_index: 789
[ZMQEndpointInterface] Protocol v4: Left hand joints set: [0.0000, 0.0055, 0.0068, -0.0156, 0.0000, -0.0059, -0.0117]
[ZMQEndpointInterface] Protocol v4: Right hand joints set: [0.0000, 0.0000, -0.0027, 0.0000, 0.0059, 0.0000, 0.0000]
[ZMQEndpointInterface] Received ZMQ message - topic: 'pose', protocol_version: 4, num_fields: 4, total_size: 4 buffers
[ZMQEndpointInterface] *** Starting ZMQ processing ***
[ZMQEndpointInterface] Protocol version: 4
[ZMQEndpointInterface] Protocol v4: Received 64D token (latent action), tokens[0]=0.0583, frame_index: 790
[ZMQEndpointInterface] Protocol v4: Left hand joints set: [0.0000, 0.0027, 0.0041, -0.0176, 0.0000, -0.0098, -0.0088]
[ZMQEndpointInterface] Protocol v4: Right hand joints set: [0.0000, -0.0027, -0.0055, 0.0000, 0.0117, 0.0000, 0.0000]
[ZMQEndpointInterface] Received ZMQ message - topic: 'pose', protocol_version: 4, num_fields: 4, total_size: 4 buffers
[ZMQEndpointInterface] *** Starting ZMQ processing ***
[ZMQEndpointInterface] Protocol version: 4
[ZMQEndpointInterface] Protocol v4: Received 64D token (latent action), tokens[0]=0.0623, frame_index: 791
[ZMQEndpointInterface] Protocol v4: Left hand joints set: [0.0000, 0.0055, 0.0027, -0.0137, -0.0059, -0.0078, -0.0176]
[ZMQEndpointInterface] Protocol v4: Right hand joints set: [0.0000, -0.0014, -0.0068, 0.0000, 0.0117, 0.0039, 0.0000]
[ZMQEndpointInterface] Received ZMQ message - topic: 'pose', protocol_version: 4, num_fields: 4, total_size: 4 buffers
[ZMQEndpointInterface] *** Starting ZMQ processing ***
[ZMQEndpointInterface] Protocol version: 4
[ZMQEndpointInterface] Protocol v4: Received 64D token (latent action), tokens[0]=0.0636, frame_index: 792
[ZMQEndpointInterface] Protocol v4: Left hand joints set: [0.0000, 0.0164, 0.0082, -0.0059, -0.0029, -0.0117, -0.0117]
[ZMQEndpointInterface] Protocol v4: Right hand joints set: [0.0000, 0.0000, -0.0068, 0.0000, 0.0117, 0.0098, 0.0000]
[ZMQEndpointInterface] Received ZMQ message - topic: 'pose', protocol_version: 4, num_fields: 4, total_size: 4 buffers
[ZMQEndpointInterface] *** Starting ZMQ processing ***
[ZMQEndpointInterface] Protocol version: 4
[ZMQEndpointInterface] Protocol v4: Received 64D token (latent action), tokens[0]=0.0497, frame_index: 793
[ZMQEndpointInterface] Protocol v4: Left hand joints set: [0.0000, 0.0014, 0.0000, 0.0000, 0.0000, 0.0000, 0.0000]
[ZMQEndpointInterface] Protocol v4: Right hand joints set: [0.0000, 0.0000, 0.0000, 0.0000, 0.0000, 0.0000, 0.0000]
[ZMQEndpointInterface] Received ZMQ message - topic: 'pose', protocol_version: 4, num_fields: 4, total_size: 4 buffers
[ZMQEndpointInterface] *** Starting ZMQ processing ***
[ZMQEndpointInterface] Protocol version: 4
[ZMQEndpointInterface] Protocol v4: Received 64D token (latent action), tokens[0]=0.0459, frame_index: 794
[ZMQEndpointInterface] Protocol v4: Left hand joints set: [0.0000, 0.0041, 0.0000, 0.0000, 0.0000, 0.0000, -0.0146]
[ZMQEndpointInterface] Protocol v4: Right hand joints set: [0.0000, -0.0014, 0.0000, 0.0000, 0.0000, 0.0000, 0.0000]
[ZMQEndpointInterface] Received ZMQ message - topic: 'pose', protocol_version: 4, num_fields: 4, total_size: 4 buffers
[ZMQEndpointInterface] *** Starting ZMQ processing ***
[ZMQEndpointInterface] Protocol version: 4
[ZMQEndpointInterface] Protocol v4: Received 64D token (latent action), tokens[0]=0.0478, frame_index: 795
[ZMQEndpointInterface] Protocol v4: Left hand joints set: [0.0000, 0.0000, 0.0000, 0.0000, 0.0000, 0.0000, -0.0059]
[ZMQEndpointInterface] Protocol v4: Right hand joints set: [0.0000, 0.0000, 0.0000, 0.0000, 0.0000, 0.0000, 0.0000]
[ZMQEndpointInterface] Received ZMQ message - topic: 'pose', protocol_version: 4, num_fields: 4, total_size: 4 buffers
[ZMQEndpointInterface] *** Starting ZMQ processing ***
[ZMQEndpointInterface] Protocol version: 4
[ZMQEndpointInterface] Protocol v4: Received 64D token (latent action), tokens[0]=0.0536, frame_index: 796
[ZMQEndpointInterface] Protocol v4: Left hand joints set: [0.0000, 0.0000, 0.0000, 0.0000, 0.0000, 0.0000, 0.0000]
[ZMQEndpointInterface] Protocol v4: Right hand joints set: [0.0000, 0.0000, 0.0000, 0.0000, 0.0000, 0.0000, 0.0000]
[ZMQEndpointInterface] Received ZMQ message - topic: 'pose', protocol_version: 4, num_fields: 4, total_size: 4 buffers
[ZMQEndpointInterface] *** Starting ZMQ processing ***
[ZMQEndpointInterface] Protocol version: 4
[ZMQEndpointInterface] Protocol v4: Received 64D token (latent action), tokens[0]=0.0523, frame_index: 797
[ZMQEndpointInterface] Protocol v4: Left hand joints set: [0.0000, 0.0000, 0.0027, 0.0000, 0.0000, 0.0000, 0.0000]
[ZMQEndpointInterface] Protocol v4: Right hand joints set: [0.0000, 0.0000, 0.0000, 0.0000, 0.0000, 0.0000, 0.0000]
[Token Flow] Copied external tokens, tokens[0]=0.0523
[ZMQEndpointInterface] Received ZMQ message - topic: 'pose', protocol_version: 4, num_fields: 4, total_size: 4 buffers
[ZMQEndpointInterface] *** Starting ZMQ processing ***
[ZMQEndpointInterface] Protocol version: 4
[ZMQEndpointInterface] Protocol v4: Received 64D token (latent action), tokens[0]=0.0532, frame_index: 798
[ZMQEndpointInterface] Protocol v4: Left hand joints set: [0.0000, 0.0068, 0.0055, 0.0000, -0.0059, -0.0039, 0.0000]
[ZMQEndpointInterface] Protocol v4: Right hand joints set: [0.0000, 0.0000, 0.0000, 0.0000, 0.0000, 0.0000, 0.0000]
[ZMQEndpointInterface] Received ZMQ message - topic: 'pose', protocol_version: 4, num_fields: 4, total_size: 4 buffers
[ZMQEndpointInterface] *** Starting ZMQ processing ***
[ZMQEndpointInterface] Protocol version: 4
[ZMQEndpointInterface] Protocol v4: Received 64D token (latent action), tokens[0]=0.0540, frame_index: 799
[ZMQEndpointInterface] Protocol v4: Left hand joints set: [0.0000, 0.0000, 0.0068, 0.0000, 0.0000, 0.0000, 0.0000]
[ZMQEndpointInterface] Protocol v4: Right hand joints set: [0.0000, 0.0000, 0.0000, 0.0000, 0.0000, 0.0000, 0.0000]
[ZMQEndpointInterface] Received ZMQ message - topic: 'pose', protocol_version: 4, num_fields: 4, total_size: 4 buffers
[ZMQEndpointInterface] *** Starting ZMQ processing ***
[ZMQEndpointInterface] Protocol version: 4
[ZMQEndpointInterface] Protocol v4: Received 64D token (latent action), tokens[0]=0.0536, frame_index: 800
[ZMQEndpointInterface] Protocol v4: Left hand joints set: [0.0000, 0.0000, 0.0027, -0.0078, 0.0000, 0.0000, 0.0000]
[ZMQEndpointInterface] Protocol v4: Right hand joints set: [0.0000, 0.0000, 0.0000, 0.0000, 0.0000, 0.0000, 0.0000]
[ZMQEndpointInterface] Received ZMQ message - topic: 'pose', protocol_version: 4, num_fields: 4, total_size: 4 buffers
[ZMQEndpointInterface] *** Starting ZMQ processing ***
[ZMQEndpointInterface] Protocol version: 4
[ZMQEndpointInterface] Protocol v4: Received 64D token (latent action), tokens[0]=0.0519, frame_index: 801
[ZMQEndpointInterface] Protocol v4: Left hand joints set: [0.0000, 0.0000, 0.0000, 0.0000, 0.0000, 0.0000, 0.0000]
[ZMQEndpointInterface] Protocol v4: Right hand joints set: [0.0000, 0.0000, 0.0000, 0.0039, 0.0000, 0.0000, 0.0000]
[ZMQEndpointInterface] Received ZMQ message - topic: 'pose', protocol_version: 4, num_fields: 4, total_size: 4 buffers
[ZMQEndpointInterface] *** Starting ZMQ processing ***
[ZMQEndpointInterface] Protocol version: 4
[ZMQEndpointInterface] Protocol v4: Received 64D token (latent action), tokens[0]=0.0559, frame_index: 802
[ZMQEndpointInterface] Protocol v4: Left hand joints set: [0.0000, 0.0000, 0.0055, 0.0000, 0.0000, 0.0000, 0.0000]
[ZMQEndpointInterface] Protocol v4: Right hand joints set: [0.0000, 0.0000, 0.0000, 0.0000, 0.0000, 0.0000, 0.0000]
[ZMQEndpointInterface] Received ZMQ message - topic: 'pose', protocol_version: 4, num_fields: 4, total_size: 4 buffers
[ZMQEndpointInterface] *** Starting ZMQ processing ***
[ZMQEndpointInterface] Protocol version: 4
[ZMQEndpointInterface] Protocol v4: Received 64D token (latent action), tokens[0]=0.0536, frame_index: 803
[ZMQEndpointInterface] Protocol v4: Left hand joints set: [0.0000, 0.0000, 0.0055, -0.0039, 0.0000, 0.0000, 0.0000]
[ZMQEndpointInterface] Protocol v4: Right hand joints set: [0.0000, 0.0000, 0.0000, 0.0000, 0.0000, 0.0000, 0.0000]
Temporary motion completed.
Reset to frame 0.
[ZMQEndpointInterface] Received ZMQ message - topic: 'pose', protocol_version: 4, num_fields: 4, total_size: 4 buffers
[ZMQEndpointInterface] *** Starting ZMQ processing ***
[ZMQEndpointInterface] Protocol version: 4
[ZMQEndpointInterface] Protocol v4: Received 64D token (latent action), tokens[0]=0.0534, frame_index: 804
[ZMQEndpointInterface] Protocol v4: Left hand joints set: [0.0000, 0.0000, 0.0000, 0.0000, 0.0000, 0.0000, 0.0000]
[ZMQEndpointInterface] Protocol v4: Right hand joints set: [0.0000, 0.0000, 0.0000, 0.0000, 0.0000, 0.0000, 0.0000]
Reset heading state to 0.9951, -0.0053, -0.0409, -0.0902
Reset delta heading to 0
Reset init reference data root rotation to current frame: 0.9997, -0.0016, -0.0223, -0.0045
**********************************************************
Reference motion name: temporary_motion
**********************************************************
[ZMQEndpointInterface] Received ZMQ message - topic: 'pose', protocol_version: 4, num_fields: 4, total_size: 4 buffers
[ZMQEndpointInterface] *** Starting ZMQ processing ***
[ZMQEndpointInterface] Protocol version: 4
[ZMQEndpointInterface] Protocol v4: Received 64D token (latent action), tokens[0]=0.0519, frame_index: 805
[ZMQEndpointInterface] Protocol v4: Left hand joints set: [0.0000, 0.0014, 0.0000, 0.0000, 0.0000, 0.0000, 0.0000]
[ZMQEndpointInterface] Protocol v4: Right hand joints set: [0.0000, 0.0000, 0.0000, 0.0000, 0.0000, 0.0000, 0.0000]
[ZMQEndpointInterface] Received ZMQ message - topic: 'pose', protocol_version: 4, num_fields: 4, total_size: 4 buffers
[ZMQEndpointInterface] *** Starting ZMQ processing ***
[ZMQEndpointInterface] Protocol version: 4
[ZMQEndpointInterface] Protocol v4: Received 64D token (latent action), tokens[0]=0.0540, frame_index: 806
[ZMQEndpointInterface] Protocol v4: Left hand joints set: [0.0000, 0.0000, 0.0000, 0.0000, 0.0000, 0.0000, 0.0000]
[ZMQEndpointInterface] Protocol v4: Right hand joints set: [0.0000, 0.0000, 0.0000, 0.0000, 0.0000, 0.0000, 0.0000]
[ZMQEndpointInterface] Received ZMQ message - topic: 'pose', protocol_version: 4, num_fields: 4, total_size: 4 buffers
[ZMQEndpointInterface] *** Starting ZMQ processing ***
[ZMQEndpointInterface] Protocol version: 4
[ZMQEndpointInterface] Protocol v4: Received 64D token (latent action), tokens[0]=0.0525, frame_index: 807
[ZMQEndpointInterface] Protocol v4: Left hand joints set: [0.0000, 0.0000, 0.0000, 0.0000, 0.0000, 0.0000, -0.0029]
[ZMQEndpointInterface] Protocol v4: Right hand joints set: [0.0000, 0.0000, 0.0000, 0.0000, 0.0000, 0.0000, 0.0000]
[ZMQEndpointInterface] Received ZMQ message - topic: 'pose', protocol_version: 4, num_fields: 4, total_size: 4 buffers
[ZMQEndpointInterface] *** Starting ZMQ processing ***
[ZMQEndpointInterface] Protocol version: 4
[ZMQEndpointInterface] Protocol v4: Received 64D token (latent action), tokens[0]=0.0523, frame_index: 808
[ZMQEndpointInterface] Protocol v4: Left hand joints set: [0.0000, 0.0000, 0.0014, 0.0000, 0.0000, 0.0000, 0.0000]
[ZMQEndpointInterface] Protocol v4: Right hand joints set: [0.0000, 0.0000, 0.0000, 0.0000, 0.0000, 0.0000, 0.0000]
[ZMQEndpointInterface] Received ZMQ message - topic: 'pose', protocol_version: 4, num_fields: 4, total_size: 4 buffers
[ZMQEndpointInterface] *** Starting ZMQ processing ***
[ZMQEndpointInterface] Protocol version: 4
[ZMQEndpointInterface] Protocol v4: Received 64D token (latent action), tokens[0]=0.0562, frame_index: 809
[ZMQEndpointInterface] Protocol v4: Left hand joints set: [0.0000, 0.0000, 0.0000, 0.0000, 0.0000, 0.0000, -0.0029]
[ZMQEndpointInterface] Protocol v4: Right hand joints set: [0.0000, 0.0000, 0.0000, 0.0000, 0.0000, 0.0000, 0.0000]
[ZMQEndpointInterface] Received ZMQ message - topic: 'pose', protocol_version: 4, num_fields: 4, total_size: 4 buffers
[ZMQEndpointInterface] *** Starting ZMQ processing ***
[ZMQEndpointInterface] Protocol version: 4
[ZMQEndpointInterface] Protocol v4: Received 64D token (latent action), tokens[0]=0.0532, frame_index: 810
[ZMQEndpointInterface] Protocol v4: Left hand joints set: [0.0000, 0.0027, 0.0027, 0.0000, 0.0000, 0.0000, -0.0059]
[ZMQEndpointInterface] Protocol v4: Right hand joints set: [0.0000, 0.0000, 0.0000, 0.0000, 0.0000, 0.0000, 0.0000]
[ZMQEndpointInterface] Received ZMQ message - topic: 'pose', protocol_version: 4, num_fields: 4, total_size: 4 buffers
[ZMQEndpointInterface] *** Starting ZMQ processing ***
[ZMQEndpointInterface] Protocol version: 4
[ZMQEndpointInterface] Protocol v4: Received 64D token (latent action), tokens[0]=0.0572, frame_index: 811
[ZMQEndpointInterface] Protocol v4: Left hand joints set: [0.0000, 0.0055, 0.0027, -0.0020, 0.0000, 0.0000, 0.0000]
[ZMQEndpointInterface] Protocol v4: Right hand joints set: [0.0000, 0.0000, 0.0000, 0.0000, 0.0000, 0.0000, 0.0000]
[ZMQEndpointInterface] Received ZMQ message - topic: 'pose', protocol_version: 4, num_fields: 4, total_size: 4 buffers
[ZMQEndpointInterface] *** Starting ZMQ processing ***
[ZMQEndpointInterface] Protocol version: 4
[ZMQEndpointInterface] Protocol v4: Received 64D token (latent action), tokens[0]=0.0564, frame_index: 812
[ZMQEndpointInterface] Protocol v4: Left hand joints set: [0.0000, 0.0000, 0.0027, 0.0000, 0.0000, 0.0000, 0.0000]
[ZMQEndpointInterface] Protocol v4: Right hand joints set: [0.0000, 0.0000, 0.0000, 0.0000, 0.0000, 0.0000, 0.0000]
Loop timing - LowState age: 1.8330ms, Streaming data mean delay: 9.5306ms, Streaming data std delay: 5.7844ms, IMU age: 1.8250ms, Obs: 73us, Policy: 611us, Obs 2 Motor Command: 685us, Post processing: 25us | HandCloseRatio: 1.0000
[ZMQEndpointInterface] Received ZMQ message - topic: 'pose', protocol_version: 4, num_fields: 4, total_size: 4 buffers
[ZMQEndpointInterface] *** Starting ZMQ processing ***
[ZMQEndpointInterface] Protocol version: 4
[ZMQEndpointInterface] Protocol v4: Received 64D token (latent action), tokens[0]=0.0538, frame_index: 813
[ZMQEndpointInterface] Protocol v4: Left hand joints set: [0.0000, 0.0014, 0.0041, 0.0000, 0.0000, 0.0000, 0.0000]
[ZMQEndpointInterface] Protocol v4: Right hand joints set: [0.0000, 0.0000, 0.0000, 0.0000, 0.0000, 0.0000, 0.0000]
[ZMQEndpointInterface] Received ZMQ message - topic: 'pose', protocol_version: 4, num_fields: 4, total_size: 4 buffers
[ZMQEndpointInterface] *** Starting ZMQ processing ***
[ZMQEndpointInterface] Protocol version: 4
[ZMQEndpointInterface] Protocol v4: Received 64D token (latent action), tokens[0]=0.0564, frame_index: 814
[ZMQEndpointInterface] Protocol v4: Left hand joints set: [0.0000, 0.0000, 0.0000, 0.0000, 0.0000, 0.0000, 0.0000]
[ZMQEndpointInterface] Protocol v4: Right hand joints set: [0.0000, 0.0000, 0.0000, 0.0000, 0.0000, 0.0000, 0.0000]
[ZMQEndpointInterface] Received ZMQ message - topic: 'pose', protocol_version: 4, num_fields: 4, total_size: 4 buffers
[ZMQEndpointInterface] *** Starting ZMQ processing ***
[ZMQEndpointInterface] Protocol version: 4
[ZMQEndpointInterface] Protocol v4: Received 64D token (latent action), tokens[0]=0.0579, frame_index: 815
[ZMQEndpointInterface] Protocol v4: Left hand joints set: [0.0000, 0.0000, 0.0027, 0.0000, 0.0000, 0.0000, -0.0059]
[ZMQEndpointInterface] Protocol v4: Right hand joints set: [0.0000, 0.0000, 0.0000, 0.0000, 0.0000, 0.0000, 0.0000]
[ZMQEndpointInterface] Received ZMQ message - topic: 'pose', protocol_version: 4, num_fields: 4, total_size: 4 buffers
[ZMQEndpointInterface] *** Starting ZMQ processing ***
[ZMQEndpointInterface] Protocol version: 4
[ZMQEndpointInterface] Protocol v4: Received 64D token (latent action), tokens[0]=0.0579, frame_index: 816
[ZMQEndpointInterface] Protocol v4: Left hand joints set: [0.0000, 0.0014, 0.0000, 0.0000, 0.0000, 0.0000, -0.0117]
[ZMQEndpointInterface] Protocol v4: Right hand joints set: [0.0000, 0.0000, 0.0000, 0.0000, 0.0000, 0.0000, 0.0000]
[ZMQEndpointInterface] Received ZMQ message - topic: 'pose', protocol_version: 4, num_fields: 4, total_size: 4 buffers
[ZMQEndpointInterface] *** Starting ZMQ processing ***
[ZMQEndpointInterface] Protocol version: 4
[ZMQEndpointInterface] Protocol v4: Received 64D token (latent action), tokens[0]=0.0553, frame_index: 817
[ZMQEndpointInterface] Protocol v4: Left hand joints set: [0.0000, 0.0000, 0.0055, 0.0000, 0.0000, 0.0000, -0.0088]
[ZMQEndpointInterface] Protocol v4: Right hand joints set: [0.0000, 0.0000, 0.0000, 0.0000, 0.0000, 0.0000, 0.0000]
[ZMQEndpointInterface] Received ZMQ message - topic: 'pose', protocol_version: 4, num_fields: 4, total_size: 4 buffers
[ZMQEndpointInterface] *** Starting ZMQ processing ***
[ZMQEndpointInterface] Protocol version: 4
[ZMQEndpointInterface] Protocol v4: Received 64D token (latent action), tokens[0]=0.0559, frame_index: 818
[ZMQEndpointInterface] Protocol v4: Left hand joints set: [0.0000, 0.0000, 0.0027, 0.0000, 0.0000, 0.0000, 0.0000]
[ZMQEndpointInterface] Protocol v4: Right hand joints set: [0.0000, 0.0000, 0.0000, 0.0000, 0.0000, 0.0000, 0.0000]
[ZMQEndpointInterface] Received ZMQ message - topic: 'pose', protocol_version: 4, num_fields: 4, total_size: 4 buffers
[ZMQEndpointInterface] *** Starting ZMQ processing ***
[ZMQEndpointInterface] Protocol version: 4
[ZMQEndpointInterface] Protocol v4: Received 64D token (latent action), tokens[0]=0.0544, frame_index: 819
[ZMQEndpointInterface] Protocol v4: Left hand joints set: [0.0000, 0.0014, 0.0027, 0.0000, 0.0000, 0.0000, -0.0117]
[ZMQEndpointInterface] Protocol v4: Right hand joints set: [0.0000, 0.0000, 0.0000, 0.0000, 0.0000, 0.0000, 0.0000]
[ZMQEndpointInterface] Received ZMQ message - topic: 'pose', protocol_version: 4, num_fields: 4, total_size: 4 buffers
[ZMQEndpointInterface] *** Starting ZMQ processing ***
[ZMQEndpointInterface] Protocol version: 4
[ZMQEndpointInterface] Protocol v4: Received 64D token (latent action), tokens[0]=0.0305, frame_index: 820
[ZMQEndpointInterface] Protocol v4: Left hand joints set: [0.0000, 0.0082, 0.0041, -0.0039, 0.0000, 0.0000, 0.0000]
[ZMQEndpointInterface] Protocol v4: Right hand joints set: [0.0000, -0.0014, 0.0000, 0.0000, 0.0000, 0.0000, 0.0000]
[ZMQEndpointInterface] Received ZMQ message - topic: 'pose', protocol_version: 4, num_fields: 4, total_size: 4 buffers
[ZMQEndpointInterface] *** Starting ZMQ processing ***
[ZMQEndpointInterface] Protocol version: 4
[ZMQEndpointInterface] Protocol v4: Received 64D token (latent action), tokens[0]=0.0305, frame_index: 821
[ZMQEndpointInterface] Protocol v4: Left hand joints set: [0.0000, 0.0068, 0.0027, -0.0078, 0.0000, -0.0078, 0.0000]
[ZMQEndpointInterface] Protocol v4: Right hand joints set: [0.0000, 0.0000, 0.0000, 0.0000, 0.0000, 0.0000, 0.0000]
[ZMQEndpointInterface] Received ZMQ message - topic: 'pose', protocol_version: 4, num_fields: 4, total_size: 4 buffers
[ZMQEndpointInterface] *** Starting ZMQ processing ***
[ZMQEndpointInterface] Protocol version: 4
[ZMQEndpointInterface] Protocol v4: Received 64D token (latent action), tokens[0]=0.0322, frame_index: 822
[ZMQEndpointInterface] Protocol v4: Left hand joints set: [0.0000, 0.0096, 0.0027, -0.0020, 0.0000, -0.0020, 0.0000]
[ZMQEndpointInterface] Protocol v4: Right hand joints set: [0.0000, 0.0000, 0.0000, 0.0000, 0.0000, 0.0000, 0.0000]
[ZMQEndpointInterface] Received ZMQ message - topic: 'pose', protocol_version: 4, num_fields: 4, total_size: 4 buffers
[ZMQEndpointInterface] *** Starting ZMQ processing ***
[ZMQEndpointInterface] Protocol version: 4
[ZMQEndpointInterface] Protocol v4: Received 64D token (latent action), tokens[0]=0.0361, frame_index: 823
[ZMQEndpointInterface] Protocol v4: Left hand joints set: [0.0000, 0.0055, 0.0055, -0.0020, 0.0000, 0.0000, 0.0000]
[ZMQEndpointInterface] Protocol v4: Right hand joints set: [0.0000, 0.0000, 0.0000, 0.0000, 0.0000, 0.0000, 0.0000]
[ZMQEndpointInterface] Received ZMQ message - topic: 'pose', protocol_version: 4, num_fields: 4, total_size: 4 buffers
[ZMQEndpointInterface] *** Starting ZMQ processing ***
[ZMQEndpointInterface] Protocol version: 4
[ZMQEndpointInterface] Protocol v4: Received 64D token (latent action), tokens[0]=0.0361, frame_index: 824
[ZMQEndpointInterface] Protocol v4: Left hand joints set: [0.0000, 0.0137, 0.0000, -0.0078, 0.0000, 0.0000, 0.0000]
[ZMQEndpointInterface] Protocol v4: Right hand joints set: [0.0000, 0.0000, 0.0000, 0.0000, 0.0000, 0.0000, 0.0000]
[ZMQEndpointInterface] Received ZMQ message - topic: 'pose', protocol_version: 4, num_fields: 4, total_size: 4 buffers
[ZMQEndpointInterface] *** Starting ZMQ processing ***
[ZMQEndpointInterface] Protocol version: 4
[ZMQEndpointInterface] Protocol v4: Received 64D token (latent action), tokens[0]=0.0408, frame_index: 825
[ZMQEndpointInterface] Protocol v4: Left hand joints set: [0.0000, 0.0055, 0.0027, -0.0020, 0.0000, -0.0020, -0.0059]
[ZMQEndpointInterface] Protocol v4: Right hand joints set: [0.0000, 0.0000, 0.0000, 0.0000, 0.0000, 0.0000, 0.0000]
[ZMQEndpointInterface] Received ZMQ message - topic: 'pose', protocol_version: 4, num_fields: 4, total_size: 4 buffers
[ZMQEndpointInterface] *** Starting ZMQ processing ***
[ZMQEndpointInterface] Protocol version: 4
[ZMQEndpointInterface] Protocol v4: Received 64D token (latent action), tokens[0]=0.0448, frame_index: 826
[ZMQEndpointInterface] Protocol v4: Left hand joints set: [0.0000, 0.0055, 0.0027, -0.0020, 0.0000, 0.0000, 0.0000]
[ZMQEndpointInterface] Protocol v4: Right hand joints set: [0.0000, 0.0000, 0.0000, 0.0000, 0.0000, 0.0000, 0.0000]
[ZMQEndpointInterface] Received ZMQ message - topic: 'pose', protocol_version: 4, num_fields: 4, total_size: 4 buffers
[ZMQEndpointInterface] *** Starting ZMQ processing ***
[ZMQEndpointInterface] Protocol version: 4
[ZMQEndpointInterface] Protocol v4: Received 64D token (latent action), tokens[0]=0.0497, frame_index: 827
[ZMQEndpointInterface] Protocol v4: Left hand joints set: [0.0000, 0.0096, 0.0014, 0.0000, 0.0000, 0.0000, 0.0000]
[ZMQEndpointInterface] Protocol v4: Right hand joints set: [0.0000, 0.0000, 0.0000, 0.0000, 0.0000, 0.0000, 0.0000]
[ZMQEndpointInterface] Received ZMQ message - topic: 'pose', protocol_version: 4, num_fields: 4, total_size: 4 buffers
[ZMQEndpointInterface] *** Starting ZMQ processing ***
[ZMQEndpointInterface] Protocol version: 4
[ZMQEndpointInterface] Protocol v4: Received 64D token (latent action), tokens[0]=0.0468, frame_index: 828
[ZMQEndpointInterface] Protocol v4: Left hand joints set: [0.0000, 0.0082, 0.0000, -0.0098, 0.0000, -0.0039, -0.0059]
[ZMQEndpointInterface] Protocol v4: Right hand joints set: [0.0000, 0.0000, -0.0041, 0.0000, 0.0000, 0.0000, 0.0000]
[ZMQEndpointInterface] Received ZMQ message - topic: 'pose', protocol_version: 4, num_fields: 4, total_size: 4 buffers
[ZMQEndpointInterface] *** Starting ZMQ processing ***
[ZMQEndpointInterface] Protocol version: 4
[ZMQEndpointInterface] Protocol v4: Received 64D token (latent action), tokens[0]=0.0476, frame_index: 829
[ZMQEndpointInterface] Protocol v4: Left hand joints set: [0.0000, 0.0027, 0.0000, -0.0020, 0.0000, 0.0000, 0.0000]
[ZMQEndpointInterface] Protocol v4: Right hand joints set: [0.0000, 0.0000, 0.0000, 0.0000, 0.0000, 0.0000, 0.0000]
[ZMQEndpointInterface] Received ZMQ message - topic: 'pose', protocol_version: 4, num_fields: 4, total_size: 4 buffers
[ZMQEndpointInterface] *** Starting ZMQ processing ***
[ZMQEndpointInterface] Protocol version: 4
[ZMQEndpointInterface] Protocol v4: Received 64D token (latent action), tokens[0]=0.0502, frame_index: 830
[ZMQEndpointInterface] Protocol v4: Left hand joints set: [0.0000, 0.0082, 0.0014, -0.0039, 0.0000, 0.0000, 0.0000]
[ZMQEndpointInterface] Protocol v4: Right hand joints set: [0.0000, 0.0000, 0.0000, 0.0000, 0.0000, 0.0000, 0.0000]
[ZMQEndpointInterface] Received ZMQ message - topic: 'pose', protocol_version: 4, num_fields: 4, total_size: 4 buffers
[ZMQEndpointInterface] *** Starting ZMQ processing ***
[ZMQEndpointInterface] Protocol version: 4
[ZMQEndpointInterface] Protocol v4: Received 64D token (latent action), tokens[0]=0.0491, frame_index: 831
[ZMQEndpointInterface] Protocol v4: Left hand joints set: [0.0000, 0.0068, 0.0055, -0.0059, 0.0000, -0.0039, 0.0000]
[ZMQEndpointInterface] Protocol v4: Right hand joints set: [0.0000, 0.0000, -0.0027, 0.0000, 0.0000, 0.0000, 0.0000]
[ZMQEndpointInterface] Received ZMQ message - topic: 'pose', protocol_version: 4, num_fields: 4, total_size: 4 buffers
[ZMQEndpointInterface] *** Starting ZMQ processing ***
[ZMQEndpointInterface] Protocol version: 4
[ZMQEndpointInterface] Protocol v4: Received 64D token (latent action), tokens[0]=0.0500, frame_index: 832
[ZMQEndpointInterface] Protocol v4: Left hand joints set: [0.0000, 0.0055, 0.0000, 0.0000, 0.0000, -0.0039, 0.0000]
[ZMQEndpointInterface] Protocol v4: Right hand joints set: [0.0000, -0.0055, 0.0000, 0.0000, 0.0000, 0.0000, 0.0000]
[ZMQEndpointInterface] Received ZMQ message - topic: 'pose', protocol_version: 4, num_fields: 4, total_size: 4 buffers
[ZMQEndpointInterface] *** Starting ZMQ processing ***
[ZMQEndpointInterface] Protocol version: 4
[ZMQEndpointInterface] Protocol v4: Received 64D token (latent action), tokens[0]=0.0493, frame_index: 833
[ZMQEndpointInterface] Protocol v4: Left hand joints set: [0.0000, 0.0082, 0.0041, -0.0059, 0.0000, 0.0000, -0.0029]
[ZMQEndpointInterface] Protocol v4: Right hand joints set: [0.0000, 0.0000, 0.0000, 0.0000, 0.0000, 0.0000, 0.0000]
[ZMQEndpointInterface] Received ZMQ message - topic: 'pose', protocol_version: 4, num_fields: 4, total_size: 4 buffers
[ZMQEndpointInterface] *** Starting ZMQ processing ***
[ZMQEndpointInterface] Protocol version: 4
[ZMQEndpointInterface] Protocol v4: Received 64D token (latent action), tokens[0]=0.0506, frame_index: 834
[ZMQEndpointInterface] Protocol v4: Left hand joints set: [0.0000, 0.0082, 0.0041, -0.0039, -0.0059, -0.0039, 0.0000]
[ZMQEndpointInterface] Protocol v4: Right hand joints set: [0.0000, -0.0014, 0.0000, 0.0000, 0.0000, 0.0000, 0.0000]
[ZMQEndpointInterface] Received ZMQ message - topic: 'pose', protocol_version: 4, num_fields: 4, total_size: 4 buffers
[ZMQEndpointInterface] *** Starting ZMQ processing ***
[ZMQEndpointInterface] Protocol version: 4
[ZMQEndpointInterface] Protocol v4: Received 64D token (latent action), tokens[0]=0.0502, frame_index: 835
[ZMQEndpointInterface] Protocol v4: Left hand joints set: [0.0000, 0.0096, 0.0068, 0.0000, 0.0000, -0.0020, 0.0000]
[ZMQEndpointInterface] Protocol v4: Right hand joints set: [0.0000, 0.0000, 0.0000, 0.0000, 0.0000, 0.0000, 0.0000]
[ZMQEndpointInterface] Received ZMQ message - topic: 'pose', protocol_version: 4, num_fields: 4, total_size: 4 buffers
[ZMQEndpointInterface] *** Starting ZMQ processing ***
[ZMQEndpointInterface] Protocol version: 4
[ZMQEndpointInterface] Protocol v4: Received 64D token (latent action), tokens[0]=0.0497, frame_index: 836
[ZMQEndpointInterface] Protocol v4: Left hand joints set: [0.0000, 0.0041, 0.0000, 0.0000, 0.0000, 0.0000, 0.0000]
[ZMQEndpointInterface] Protocol v4: Right hand joints set: [0.0000, 0.0000, 0.0000, 0.0000, 0.0000, 0.0020, 0.0000]
[ZMQEndpointInterface] Received ZMQ message - topic: 'pose', protocol_version: 4, num_fields: 4, total_size: 4 buffers
[ZMQEndpointInterface] *** Starting ZMQ processing ***
[ZMQEndpointInterface] Protocol version: 4
[ZMQEndpointInterface] Protocol v4: Received 64D token (latent action), tokens[0]=0.0493, frame_index: 837
[ZMQEndpointInterface] Protocol v4: Left hand joints set: [0.0000, 0.0014, 0.0055, -0.0117, 0.0000, 0.0000, -0.0117]
[ZMQEndpointInterface] Protocol v4: Right hand joints set: [0.0000, 0.0000, 0.0000, 0.0000, 0.0000, 0.0000, 0.0000]
[ZMQEndpointInterface] Received ZMQ message - topic: 'pose', protocol_version: 4, num_fields: 4, total_size: 4 buffers
[ZMQEndpointInterface] *** Starting ZMQ processing ***
[ZMQEndpointInterface] Protocol version: 4
[ZMQEndpointInterface] Protocol v4: Received 64D token (latent action), tokens[0]=0.0478, frame_index: 838
[ZMQEndpointInterface] Protocol v4: Left hand joints set: [0.0000, 0.0137, 0.0068, -0.0098, 0.0000, -0.0098, -0.0059]
[ZMQEndpointInterface] Protocol v4: Right hand joints set: [0.0000, -0.0014, 0.0000, 0.0000, 0.0000, 0.0000, 0.0000]
[ZMQEndpointInterface] Received ZMQ message - topic: 'pose', protocol_version: 4, num_fields: 4, total_size: 4 buffers
[ZMQEndpointInterface] *** Starting ZMQ processing ***
[ZMQEndpointInterface] Protocol version: 4
[ZMQEndpointInterface] Protocol v4: Received 64D token (latent action), tokens[0]=0.0455, frame_index: 839
[ZMQEndpointInterface] Protocol v4: Left hand joints set: [0.0000, 0.0055, 0.0000, -0.0020, 0.0000, 0.0000, -0.0029]
[ZMQEndpointInterface] Protocol v4: Right hand joints set: [0.0000, 0.0000, 0.0000, 0.0000, 0.0000, 0.0078, 0.0000]
[ZMQEndpointInterface] Received ZMQ message - topic: 'pose', protocol_version: 4, num_fields: 4, total_size: 4 buffers
[ZMQEndpointInterface] *** Starting ZMQ processing ***
[ZMQEndpointInterface] Protocol version: 4
[ZMQEndpointInterface] Protocol v4: Received 64D token (latent action), tokens[0]=0.0468, frame_index: 840
[ZMQEndpointInterface] Protocol v4: Left hand joints set: [0.0000, 0.0068, 0.0055, -0.0059, 0.0000, 0.0000, -0.0117]
[ZMQEndpointInterface] Protocol v4: Right hand joints set: [0.0000, 0.0000, 0.0000, 0.0000, 0.0029, 0.0000, 0.0000]
[ZMQEndpointInterface] Received ZMQ message - topic: 'pose', protocol_version: 4, num_fields: 4, total_size: 4 buffers
[ZMQEndpointInterface] *** Starting ZMQ processing ***
[ZMQEndpointInterface] Protocol version: 4
[ZMQEndpointInterface] Protocol v4: Received 64D token (latent action), tokens[0]=0.0470, frame_index: 841
[ZMQEndpointInterface] Protocol v4: Left hand joints set: [0.0000, 0.0096, 0.0014, -0.0039, -0.0029, -0.0020, -0.0029]
[ZMQEndpointInterface] Protocol v4: Right hand joints set: [0.0000, 0.0000, 0.0000, 0.0000, 0.0000, 0.0000, 0.0000]
[ZMQEndpointInterface] Received ZMQ message - topic: 'pose', protocol_version: 4, num_fields: 4, total_size: 4 buffers
[ZMQEndpointInterface] *** Starting ZMQ processing ***
[ZMQEndpointInterface] Protocol version: 4
[ZMQEndpointInterface] Protocol v4: Received 64D token (latent action), tokens[0]=0.0463, frame_index: 842
[ZMQEndpointInterface] Protocol v4: Left hand joints set: [0.0000, 0.0082, 0.0027, 0.0000, 0.0000, 0.0000, 0.0000]
[ZMQEndpointInterface] Protocol v4: Right hand joints set: [0.0000, 0.0000, 0.0000, 0.0000, 0.0000, 0.0000, 0.0000]
[ZMQEndpointInterface] Received ZMQ message - topic: 'pose', protocol_version: 4, num_fields: 4, total_size: 4 buffers
[ZMQEndpointInterface] *** Starting ZMQ processing ***
[ZMQEndpointInterface] Protocol version: 4
[ZMQEndpointInterface] Protocol v4: Received 64D token (latent action), tokens[0]=0.0457, frame_index: 843
[ZMQEndpointInterface] Protocol v4: Left hand joints set: [0.0000, 0.0096, 0.0014, -0.0039, 0.0000, 0.0000, -0.0029]
[ZMQEndpointInterface] Protocol v4: Right hand joints set: [0.0000, 0.0000, 0.0000, 0.0000, 0.0000, 0.0000, 0.0000]
[ZMQEndpointInterface] Received ZMQ message - topic: 'pose', protocol_version: 4, num_fields: 4, total_size: 4 buffers
[ZMQEndpointInterface] *** Starting ZMQ processing ***
[ZMQEndpointInterface] Protocol version: 4
[ZMQEndpointInterface] Protocol v4: Received 64D token (latent action), tokens[0]=0.0431, frame_index: 844
[ZMQEndpointInterface] Protocol v4: Left hand joints set: [0.0000, 0.0082, 0.0000, -0.0039, 0.0000, 0.0000, -0.0029]
[ZMQEndpointInterface] Protocol v4: Right hand joints set: [0.0000, 0.0000, 0.0000, 0.0000, 0.0000, 0.0000, 0.0000]
[ZMQEndpointInterface] Received ZMQ message - topic: 'pose', protocol_version: 4, num_fields: 4, total_size: 4 buffers
[ZMQEndpointInterface] *** Starting ZMQ processing ***
[ZMQEndpointInterface] Protocol version: 4
[ZMQEndpointInterface] Protocol v4: Received 64D token (latent action), tokens[0]=0.0429, frame_index: 845
[ZMQEndpointInterface] Protocol v4: Left hand joints set: [0.0000, 0.0109, 0.0027, -0.0039, -0.0029, -0.0020, 0.0000]
[ZMQEndpointInterface] Protocol v4: Right hand joints set: [0.0000, 0.0000, -0.0027, 0.0000, 0.0000, 0.0020, 0.0000]
[ZMQEndpointInterface] Received ZMQ message - topic: 'pose', protocol_version: 4, num_fields: 4, total_size: 4 buffers
[ZMQEndpointInterface] *** Starting ZMQ processing ***
[ZMQEndpointInterface] Protocol version: 4
[ZMQEndpointInterface] Protocol v4: Received 64D token (latent action), tokens[0]=0.0427, frame_index: 846
[ZMQEndpointInterface] Protocol v4: Left hand joints set: [0.0000, 0.0082, 0.0041, -0.0059, 0.0000, 0.0000, 0.0000]
[ZMQEndpointInterface] Protocol v4: Right hand joints set: [0.0000, 0.0000, 0.0000, 0.0000, 0.0000, 0.0039, 0.0000]
[ZMQEndpointInterface] Received ZMQ message - topic: 'pose', protocol_version: 4, num_fields: 4, total_size: 4 buffers
[ZMQEndpointInterface] *** Starting ZMQ processing ***
[ZMQEndpointInterface] Protocol version: 4
[ZMQEndpointInterface] Protocol v4: Received 64D token (latent action), tokens[0]=0.0292, frame_index: 847
[ZMQEndpointInterface] Protocol v4: Left hand joints set: [0.0000, 0.0000, 0.0000, 0.0000, 0.0000, 0.0000, 0.0000]
[ZMQEndpointInterface] Protocol v4: Right hand joints set: [0.0000, -0.0014, 0.0000, 0.0000, 0.0000, 0.0000, 0.0000]
[Token Flow] Copied external tokens, tokens[0]=0.0292
[ZMQEndpointInterface] Received ZMQ message - topic: 'pose', protocol_version: 4, num_fields: 4, total_size: 4 buffers
[ZMQEndpointInterface] *** Starting ZMQ processing ***
[ZMQEndpointInterface] Protocol version: 4
[ZMQEndpointInterface] Protocol v4: Received 64D token (latent action), tokens[0]=0.0309, frame_index: 848
[ZMQEndpointInterface] Protocol v4: Left hand joints set: [0.0000, 0.0000, 0.0027, 0.0000, -0.0059, 0.0000, 0.0000]
[ZMQEndpointInterface] Protocol v4: Right hand joints set: [0.0000, -0.0027, -0.0014, 0.0000, 0.0000, 0.0000, 0.0029]
[ZMQEndpointInterface] Received ZMQ message - topic: 'pose', protocol_version: 4, num_fields: 4, total_size: 4 buffers
[ZMQEndpointInterface] *** Starting ZMQ processing ***
[ZMQEndpointInterface] Protocol version: 4
[ZMQEndpointInterface] Protocol v4: Received 64D token (latent action), tokens[0]=0.0254, frame_index: 849
[ZMQEndpointInterface] Protocol v4: Left hand joints set: [0.0000, 0.0027, 0.0000, 0.0000, 0.0000, 0.0000, 0.0000]
[ZMQEndpointInterface] Protocol v4: Right hand joints set: [0.0000, -0.0055, -0.0027, 0.0000, 0.0000, 0.0000, 0.0000]
[ZMQEndpointInterface] Received ZMQ message - topic: 'pose', protocol_version: 4, num_fields: 4, total_size: 4 buffers
[ZMQEndpointInterface] *** Starting ZMQ processing ***
[ZMQEndpointInterface] Protocol version: 4
[ZMQEndpointInterface] Protocol v4: Received 64D token (latent action), tokens[0]=0.0280, frame_index: 850
[ZMQEndpointInterface] Protocol v4: Left hand joints set: [0.0000, 0.0000, 0.0041, 0.0000, 0.0000, 0.0000, -0.0059]
[ZMQEndpointInterface] Protocol v4: Right hand joints set: [0.0000, -0.0027, -0.0027, 0.0000, 0.0000, 0.0059, 0.0000]
[ZMQEndpointInterface] Received ZMQ message - topic: 'pose', protocol_version: 4, num_fields: 4, total_size: 4 buffers
[ZMQEndpointInterface] *** Starting ZMQ processing ***
[ZMQEndpointInterface] Protocol version: 4
[ZMQEndpointInterface] Protocol v4: Received 64D token (latent action), tokens[0]=0.0288, frame_index: 851
[ZMQEndpointInterface] Protocol v4: Left hand joints set: [0.0000, 0.0000, 0.0000, 0.0000, 0.0000, 0.0000, 0.0000]
[ZMQEndpointInterface] Protocol v4: Right hand joints set: [0.0000, -0.0055, -0.0041, 0.0000, 0.0000, 0.0000, 0.0059]
[ZMQEndpointInterface] Received ZMQ message - topic: 'pose', protocol_version: 4, num_fields: 4, total_size: 4 buffers
[ZMQEndpointInterface] *** Starting ZMQ processing ***
[ZMQEndpointInterface] Protocol version: 4
[ZMQEndpointInterface] Protocol v4: Received 64D token (latent action), tokens[0]=0.0241, frame_index: 852
[ZMQEndpointInterface] Protocol v4: Left hand joints set: [0.0000, 0.0000, 0.0000, 0.0000, 0.0000, 0.0000, 0.0000]
[ZMQEndpointInterface] Protocol v4: Right hand joints set: [0.0000, 0.0000, -0.0068, 0.0000, 0.0059, 0.0059, 0.0088]
[ZMQEndpointInterface] Received ZMQ message - topic: 'pose', protocol_version: 4, num_fields: 4, total_size: 4 buffers
[ZMQEndpointInterface] *** Starting ZMQ processing ***
[ZMQEndpointInterface] Protocol version: 4
[ZMQEndpointInterface] Protocol v4: Received 64D token (latent action), tokens[0]=0.0267, frame_index: 853
[ZMQEndpointInterface] Protocol v4: Left hand joints set: [0.0000, 0.0000, 0.0000, 0.0000, 0.0000, 0.0000, 0.0000]
[ZMQEndpointInterface] Protocol v4: Right hand joints set: [0.0000, -0.0027, -0.0027, 0.0000, 0.0000, 0.0000, 0.0059]
[ZMQEndpointInterface] Received ZMQ message - topic: 'pose', protocol_version: 4, num_fields: 4, total_size: 4 buffers
[ZMQEndpointInterface] *** Starting ZMQ processing ***
[ZMQEndpointInterface] Protocol version: 4
[ZMQEndpointInterface] Protocol v4: Received 64D token (latent action), tokens[0]=0.0258, frame_index: 854
[ZMQEndpointInterface] Protocol v4: Left hand joints set: [0.0000, 0.0000, 0.0000, 0.0000, 0.0000, 0.0000, 0.0000]
[ZMQEndpointInterface] Protocol v4: Right hand joints set: [0.0000, -0.0027, -0.0055, 0.0000, 0.0000, 0.0000, 0.0059]
[ZMQEndpointInterface] Received ZMQ message - topic: 'pose', protocol_version: 4, num_fields: 4, total_size: 4 buffers
[ZMQEndpointInterface] *** Starting ZMQ processing ***
[ZMQEndpointInterface] Protocol version: 4
[ZMQEndpointInterface] Protocol v4: Received 64D token (latent action), tokens[0]=0.0245, frame_index: 855
[ZMQEndpointInterface] Protocol v4: Left hand joints set: [0.0000, 0.0000, 0.0000, 0.0000, 0.0000, 0.0000, 0.0000]
[ZMQEndpointInterface] Protocol v4: Right hand joints set: [0.0000, -0.0027, 0.0000, 0.0000, 0.0000, 0.0020, 0.0000]
[ZMQEndpointInterface] Received ZMQ message - topic: 'pose', protocol_version: 4, num_fields: 4, total_size: 4 buffers
[ZMQEndpointInterface] *** Starting ZMQ processing ***
[ZMQEndpointInterface] Protocol version: 4
[ZMQEndpointInterface] Protocol v4: Received 64D token (latent action), tokens[0]=0.0262, frame_index: 856
[ZMQEndpointInterface] Protocol v4: Left hand joints set: [0.0000, 0.0000, 0.0000, 0.0000, 0.0000, 0.0000, 0.0000]
[ZMQEndpointInterface] Protocol v4: Right hand joints set: [0.0000, -0.0055, 0.0000, 0.0000, 0.0000, 0.0039, 0.0000]
[ZMQEndpointInterface] Received ZMQ message - topic: 'pose', protocol_version: 4, num_fields: 4, total_size: 4 buffers
[ZMQEndpointInterface] *** Starting ZMQ processing ***
[ZMQEndpointInterface] Protocol version: 4
[ZMQEndpointInterface] Protocol v4: Received 64D token (latent action), tokens[0]=0.0254, frame_index: 857
[ZMQEndpointInterface] Protocol v4: Left hand joints set: [0.0000, 0.0000, 0.0000, 0.0000, 0.0000, 0.0000, -0.0088]
[ZMQEndpointInterface] Protocol v4: Right hand joints set: [0.0000, -0.0041, -0.0014, 0.0000, 0.0000, 0.0000, 0.0000]
[ZMQEndpointInterface] Received ZMQ message - topic: 'pose', protocol_version: 4, num_fields: 4, total_size: 4 buffers
[ZMQEndpointInterface] *** Starting ZMQ processing ***
[ZMQEndpointInterface] Protocol version: 4
[ZMQEndpointInterface] Protocol v4: Received 64D token (latent action), tokens[0]=0.0228, frame_index: 858
[ZMQEndpointInterface] Protocol v4: Left hand joints set: [0.0000, 0.0000, 0.0000, 0.0000, 0.0000, 0.0000, 0.0000]
[ZMQEndpointInterface] Protocol v4: Right hand joints set: [0.0000, -0.0055, -0.0068, 0.0000, 0.0000, 0.0020, 0.0059]
[ZMQEndpointInterface] Received ZMQ message - topic: 'pose', protocol_version: 4, num_fields: 4, total_size: 4 buffers
[ZMQEndpointInterface] *** Starting ZMQ processing ***
[ZMQEndpointInterface] Protocol version: 4
[ZMQEndpointInterface] Protocol v4: Received 64D token (latent action), tokens[0]=0.0237, frame_index: 859
[ZMQEndpointInterface] Protocol v4: Left hand joints set: [0.0000, 0.0000, 0.0000, 0.0000, 0.0000, 0.0000, 0.0000]
[ZMQEndpointInterface] Protocol v4: Right hand joints set: [0.0000, -0.0027, 0.0000, 0.0000, 0.0000, 0.0000, 0.0029]
[ZMQEndpointInterface] Received ZMQ message - topic: 'pose', protocol_version: 4, num_fields: 4, total_size: 4 buffers
[ZMQEndpointInterface] *** Starting ZMQ processing ***
[ZMQEndpointInterface] Protocol version: 4
[ZMQEndpointInterface] Protocol v4: Received 64D token (latent action), tokens[0]=0.0250, frame_index: 860
[ZMQEndpointInterface] Protocol v4: Left hand joints set: [0.0000, 0.0000, 0.0000, 0.0000, 0.0000, 0.0000, 0.0000]
[ZMQEndpointInterface] Protocol v4: Right hand joints set: [0.0000, 0.0000, 0.0000, 0.0000, 0.0029, 0.0000, 0.0000]
[ZMQEndpointInterface] Received ZMQ message - topic: 'pose', protocol_version: 4, num_fields: 4, total_size: 4 buffers
[ZMQEndpointInterface] *** Starting ZMQ processing ***
[ZMQEndpointInterface] Protocol version: 4
[ZMQEndpointInterface] Protocol v4: Received 64D token (latent action), tokens[0]=0.0233, frame_index: 861
[ZMQEndpointInterface] Protocol v4: Left hand joints set: [0.0000, 0.0000, 0.0000, 0.0000, 0.0000, 0.0000, -0.0029]
[ZMQEndpointInterface] Protocol v4: Right hand joints set: [0.0000, -0.0014, -0.0027, 0.0000, 0.0000, 0.0000, 0.0117]
[ZMQEndpointInterface] Received ZMQ message - topic: 'pose', protocol_version: 4, num_fields: 4, total_size: 4 buffers
[ZMQEndpointInterface] *** Starting ZMQ processing ***
[ZMQEndpointInterface] Protocol version: 4
[ZMQEndpointInterface] Protocol v4: Received 64D token (latent action), tokens[0]=0.0233, frame_index: 862
[ZMQEndpointInterface] Protocol v4: Left hand joints set: [0.0000, 0.0014, 0.0000, 0.0000, 0.0000, 0.0000, 0.0000]
[ZMQEndpointInterface] Protocol v4: Right hand joints set: [0.0000, -0.0027, -0.0027, 0.0000, 0.0000, 0.0078, 0.0059]
Loop timing - LowState age: 5.4110ms, Streaming data mean delay: 9.4931ms, Streaming data std delay: 5.6221ms, IMU age: 5.3780ms, Obs: 75us, Policy: 605us, Obs 2 Motor Command: 680us, Post processing: 24us | HandCloseRatio: 1.0000
[ZMQEndpointInterface] Received ZMQ message - topic: 'pose', protocol_version: 4, num_fields: 4, total_size: 4 buffers
[ZMQEndpointInterface] *** Starting ZMQ processing ***
[ZMQEndpointInterface] Protocol version: 4
[ZMQEndpointInterface] Protocol v4: Received 64D token (latent action), tokens[0]=0.0237, frame_index: 863
[ZMQEndpointInterface] Protocol v4: Left hand joints set: [0.0000, 0.0000, 0.0000, 0.0000, 0.0000, 0.0000, 0.0000]
[ZMQEndpointInterface] Protocol v4: Right hand joints set: [0.0000, -0.0041, 0.0000, 0.0000, 0.0000, 0.0059, 0.0000]
[ZMQEndpointInterface] Received ZMQ message - topic: 'pose', protocol_version: 4, num_fields: 4, total_size: 4 buffers
[ZMQEndpointInterface] *** Starting ZMQ processing ***
[ZMQEndpointInterface] Protocol version: 4
[ZMQEndpointInterface] Protocol v4: Received 64D token (latent action), tokens[0]=0.0241, frame_index: 864
[ZMQEndpointInterface] Protocol v4: Left hand joints set: [0.0000, 0.0000, 0.0000, 0.0000, 0.0000, 0.0000, -0.0146]
[ZMQEndpointInterface] Protocol v4: Right hand joints set: [0.0000, 0.0000, 0.0000, 0.0000, 0.0059, 0.0078, 0.0000]
[ZMQEndpointInterface] Received ZMQ message - topic: 'pose', protocol_version: 4, num_fields: 4, total_size: 4 buffers
[ZMQEndpointInterface] *** Starting ZMQ processing ***
[ZMQEndpointInterface] Protocol version: 4
[ZMQEndpointInterface] Protocol v4: Received 64D token (latent action), tokens[0]=0.0254, frame_index: 865
[ZMQEndpointInterface] Protocol v4: Left hand joints set: [0.0000, 0.0000, 0.0027, 0.0000, 0.0000, 0.0000, -0.0088]
[ZMQEndpointInterface] Protocol v4: Right hand joints set: [0.0000, 0.0000, 0.0000, 0.0000, 0.0000, 0.0039, 0.0000]
Temporary motion completed.
Reset to frame 0.
[ZMQEndpointInterface] Received ZMQ message - topic: 'pose', protocol_version: 4, num_fields: 4, total_size: 4 buffers
[ZMQEndpointInterface] *** Starting ZMQ processing ***
[ZMQEndpointInterface] Protocol version: 4
[ZMQEndpointInterface] Protocol v4: Received 64D token (latent action), tokens[0]=0.0309, frame_index: 866
[ZMQEndpointInterface] Protocol v4: Left hand joints set: [0.0000, 0.0014, 0.0000, 0.0000, 0.0000, 0.0000, 0.0000]
[ZMQEndpointInterface] Protocol v4: Right hand joints set: [0.0000, -0.0055, 0.0000, 0.0000, 0.0000, 0.0000, 0.0059]
Reset heading state to 0.9970, -0.0043, -0.0383, -0.0666
Reset delta heading to 0
Reset init reference data root rotation to current frame: 0.9997, -0.0016, -0.0223, -0.0045
**********************************************************
Reference motion name: temporary_motion
**********************************************************
[ZMQEndpointInterface] Received ZMQ message - topic: 'pose', protocol_version: 4, num_fields: 4, total_size: 4 buffers
[ZMQEndpointInterface] *** Starting ZMQ processing ***
[ZMQEndpointInterface] Protocol version: 4
[ZMQEndpointInterface] Protocol v4: Received 64D token (latent action), tokens[0]=0.0262, frame_index: 867
[ZMQEndpointInterface] Protocol v4: Left hand joints set: [0.0000, 0.0027, 0.0014, 0.0000, 0.0000, 0.0000, 0.0000]
[ZMQEndpointInterface] Protocol v4: Right hand joints set: [0.0000, -0.0014, 0.0000, 0.0000, 0.0000, 0.0117, 0.0146]
[ZMQEndpointInterface] Received ZMQ message - topic: 'pose', protocol_version: 4, num_fields: 4, total_size: 4 buffers
[ZMQEndpointInterface] *** Starting ZMQ processing ***
[ZMQEndpointInterface] Protocol version: 4
[ZMQEndpointInterface] Protocol v4: Received 64D token (latent action), tokens[0]=0.0254, frame_index: 868
[ZMQEndpointInterface] Protocol v4: Left hand joints set: [0.0000, 0.0027, 0.0027, 0.0000, 0.0000, 0.0000, -0.0059]
[ZMQEndpointInterface] Protocol v4: Right hand joints set: [0.0000, -0.0027, -0.0014, 0.0000, 0.0000, 0.0000, 0.0000]
[ZMQEndpointInterface] Received ZMQ message - topic: 'pose', protocol_version: 4, num_fields: 4, total_size: 4 buffers
[ZMQEndpointInterface] *** Starting ZMQ processing ***
[ZMQEndpointInterface] Protocol version: 4
[ZMQEndpointInterface] Protocol v4: Received 64D token (latent action), tokens[0]=0.0314, frame_index: 869
[ZMQEndpointInterface] Protocol v4: Left hand joints set: [0.0000, 0.0041, 0.0000, 0.0000, 0.0000, 0.0000, 0.0000]
[ZMQEndpointInterface] Protocol v4: Right hand joints set: [0.0000, 0.0000, -0.0041, 0.0000, 0.0059, 0.0117, 0.0059]
[ZMQEndpointInterface] Received ZMQ message - topic: 'pose', protocol_version: 4, num_fields: 4, total_size: 4 buffers
[ZMQEndpointInterface] *** Starting ZMQ processing ***
[ZMQEndpointInterface] Protocol version: 4
[ZMQEndpointInterface] Protocol v4: Received 64D token (latent action), tokens[0]=0.0305, frame_index: 870
[ZMQEndpointInterface] Protocol v4: Left hand joints set: [0.0000, 0.0000, 0.0000, 0.0000, 0.0000, 0.0000, 0.0000]
[ZMQEndpointInterface] Protocol v4: Right hand joints set: [0.0000, -0.0041, -0.0027, 0.0000, 0.0000, 0.0020, 0.0059]
[ZMQEndpointInterface] Received ZMQ message - topic: 'pose', protocol_version: 4, num_fields: 4, total_size: 4 buffers
[ZMQEndpointInterface] *** Starting ZMQ processing ***
[ZMQEndpointInterface] Protocol version: 4
[ZMQEndpointInterface] Protocol v4: Received 64D token (latent action), tokens[0]=0.0318, frame_index: 871
[ZMQEndpointInterface] Protocol v4: Left hand joints set: [0.0000, 0.0055, 0.0041, 0.0000, 0.0000, 0.0000, -0.0059]
[ZMQEndpointInterface] Protocol v4: Right hand joints set: [0.0000, 0.0000, -0.0027, 0.0078, 0.0000, 0.0000, 0.0000]
[ZMQEndpointInterface] Received ZMQ message - topic: 'pose', protocol_version: 4, num_fields: 4, total_size: 4 buffers
[ZMQEndpointInterface] *** Starting ZMQ processing ***
[ZMQEndpointInterface] Protocol version: 4
[ZMQEndpointInterface] Protocol v4: Received 64D token (latent action), tokens[0]=0.0322, frame_index: 872
[ZMQEndpointInterface] Protocol v4: Left hand joints set: [0.0000, 0.0027, 0.0055, 0.0000, 0.0000, 0.0000, 0.0000]
[ZMQEndpointInterface] Protocol v4: Right hand joints set: [0.0000, -0.0027, 0.0000, 0.0000, 0.0000, 0.0078, 0.0000]
[ZMQEndpointInterface] Received ZMQ message - topic: 'pose', protocol_version: 4, num_fields: 4, total_size: 4 buffers
[ZMQEndpointInterface] *** Starting ZMQ processing ***
[ZMQEndpointInterface] Protocol version: 4
[ZMQEndpointInterface] Protocol v4: Received 64D token (latent action), tokens[0]=0.0339, frame_index: 873
[ZMQEndpointInterface] Protocol v4: Left hand joints set: [0.0000, 0.0014, 0.0027, 0.0000, 0.0000, 0.0000, 0.0000]
[ZMQEndpointInterface] Protocol v4: Right hand joints set: [0.0000, -0.0123, 0.0000, 0.0000, 0.0000, 0.0059, 0.0000]
[ZMQEndpointInterface] Received ZMQ message - topic: 'pose', protocol_version: 4, num_fields: 4, total_size: 4 buffers
[ZMQEndpointInterface] *** Starting ZMQ processing ***
[ZMQEndpointInterface] Protocol version: 4
[ZMQEndpointInterface] Protocol v4: Received 64D token (latent action), tokens[0]=0.0521, frame_index: 874
[ZMQEndpointInterface] Protocol v4: Left hand joints set: [0.0000, 0.0027, 0.0068, -0.0137, -0.0059, 0.0000, -0.0029]
[ZMQEndpointInterface] Protocol v4: Right hand joints set: [0.0000, -0.0068, 0.0000, 0.0000, 0.0059, 0.0000, 0.0000]
[ZMQEndpointInterface] Received ZMQ message - topic: 'pose', protocol_version: 4, num_fields: 4, total_size: 4 buffers
[ZMQEndpointInterface] *** Starting ZMQ processing ***
[ZMQEndpointInterface] Protocol version: 4
[ZMQEndpointInterface] Protocol v4: Received 64D token (latent action), tokens[0]=0.0504, frame_index: 875
[ZMQEndpointInterface] Protocol v4: Left hand joints set: [0.0000, 0.0027, 0.0096, -0.0039, 0.0000, -0.0020, -0.0146]
[ZMQEndpointInterface] Protocol v4: Right hand joints set: [0.0000, -0.0041, -0.0027, 0.0000, 0.0000, 0.0000, 0.0000]
[ZMQEndpointInterface] Received ZMQ message - topic: 'pose', protocol_version: 4, num_fields: 4, total_size: 4 buffers
[ZMQEndpointInterface] *** Starting ZMQ processing ***
[ZMQEndpointInterface] Protocol version: 4
[ZMQEndpointInterface] Protocol v4: Received 64D token (latent action), tokens[0]=0.0497, frame_index: 876
[ZMQEndpointInterface] Protocol v4: Left hand joints set: [0.0000, 0.0068, 0.0027, -0.0098, -0.0059, 0.0000, -0.0029]
[ZMQEndpointInterface] Protocol v4: Right hand joints set: [0.0000, -0.0055, 0.0000, 0.0000, 0.0000, 0.0000, 0.0000]
[ZMQEndpointInterface] Received ZMQ message - topic: 'pose', protocol_version: 4, num_fields: 4, total_size: 4 buffers
[ZMQEndpointInterface] *** Starting ZMQ processing ***
[ZMQEndpointInterface] Protocol version: 4
[ZMQEndpointInterface] Protocol v4: Received 64D token (latent action), tokens[0]=0.0515, frame_index: 877
[ZMQEndpointInterface] Protocol v4: Left hand joints set: [0.0000, 0.0109, 0.0041, -0.0039, 0.0000, 0.0000, 0.0000]
[ZMQEndpointInterface] Protocol v4: Right hand joints set: [0.0000, -0.0096, -0.0082, 0.0039, 0.0000, 0.0039, 0.0059]
[ZMQEndpointInterface] Received ZMQ message - topic: 'pose', protocol_version: 4, num_fields: 4, total_size: 4 buffers
[ZMQEndpointInterface] *** Starting ZMQ processing ***
[ZMQEndpointInterface] Protocol version: 4
[ZMQEndpointInterface] Protocol v4: Received 64D token (latent action), tokens[0]=0.0515, frame_index: 878
[ZMQEndpointInterface] Protocol v4: Left hand joints set: [0.0000, 0.0027, 0.0109, -0.0156, -0.0088, -0.0020, 0.0000]
[ZMQEndpointInterface] Protocol v4: Right hand joints set: [0.0000, -0.0055, 0.0000, 0.0000, 0.0000, 0.0098, 0.0000]
[ZMQEndpointInterface] Received ZMQ message - topic: 'pose', protocol_version: 4, num_fields: 4, total_size: 4 buffers
[ZMQEndpointInterface] *** Starting ZMQ processing ***
[ZMQEndpointInterface] Protocol version: 4
[ZMQEndpointInterface] Protocol v4: Received 64D token (latent action), tokens[0]=0.0521, frame_index: 879
[ZMQEndpointInterface] Protocol v4: Left hand joints set: [0.0000, 0.0000, 0.0055, -0.0059, -0.0059, 0.0000, -0.0205]
[ZMQEndpointInterface] Protocol v4: Right hand joints set: [0.0000, -0.0014, -0.0027, 0.0000, 0.0000, 0.0000, 0.0000]
[ZMQEndpointInterface] Received ZMQ message - topic: 'pose', protocol_version: 4, num_fields: 4, total_size: 4 buffers
[ZMQEndpointInterface] *** Starting ZMQ processing ***
[ZMQEndpointInterface] Protocol version: 4
[ZMQEndpointInterface] Protocol v4: Received 64D token (latent action), tokens[0]=0.0534, frame_index: 880
[ZMQEndpointInterface] Protocol v4: Left hand joints set: [0.0000, 0.0055, 0.0000, -0.0059, -0.0029, 0.0000, -0.0088]
[ZMQEndpointInterface] Protocol v4: Right hand joints set: [0.0000, -0.0027, 0.0000, 0.0000, 0.0000, 0.0039, 0.0000]
[ZMQEndpointInterface] Received ZMQ message - topic: 'pose', protocol_version: 4, num_fields: 4, total_size: 4 buffers
[ZMQEndpointInterface] *** Starting ZMQ processing ***
[ZMQEndpointInterface] Protocol version: 4
[ZMQEndpointInterface] Protocol v4: Received 64D token (latent action), tokens[0]=0.0564, frame_index: 881
[ZMQEndpointInterface] Protocol v4: Left hand joints set: [0.0000, 0.0000, 0.0027, -0.0078, -0.0059, -0.0078, -0.0059]
[ZMQEndpointInterface] Protocol v4: Right hand joints set: [0.0000, -0.0014, 0.0000, 0.0000, 0.0059, 0.0078, 0.0000]
[ZMQEndpointInterface] Received ZMQ message - topic: 'pose', protocol_version: 4, num_fields: 4, total_size: 4 buffers
[ZMQEndpointInterface] *** Starting ZMQ processing ***
[ZMQEndpointInterface] Protocol version: 4
[ZMQEndpointInterface] Protocol v4: Received 64D token (latent action), tokens[0]=0.0544, frame_index: 882
[ZMQEndpointInterface] Protocol v4: Left hand joints set: [0.0000, 0.0000, 0.0055, -0.0078, 0.0000, -0.0039, -0.0176]
[ZMQEndpointInterface] Protocol v4: Right hand joints set: [0.0000, -0.0068, 0.0000, 0.0000, 0.0000, 0.0000, 0.0000]
[ZMQEndpointInterface] Received ZMQ message - topic: 'pose', protocol_version: 4, num_fields: 4, total_size: 4 buffers
[ZMQEndpointInterface] *** Starting ZMQ processing ***
[ZMQEndpointInterface] Protocol version: 4
[ZMQEndpointInterface] Protocol v4: Received 64D token (latent action), tokens[0]=0.0572, frame_index: 883
[ZMQEndpointInterface] Protocol v4: Left hand joints set: [0.0000, 0.0000, 0.0055, 0.0000, -0.0117, 0.0000, -0.0146]
[ZMQEndpointInterface] Protocol v4: Right hand joints set: [0.0000, -0.0027, 0.0000, 0.0000, 0.0000, 0.0000, 0.0000]
[ZMQEndpointInterface] Received ZMQ message - topic: 'pose', protocol_version: 4, num_fields: 4, total_size: 4 buffers
[ZMQEndpointInterface] *** Starting ZMQ processing ***
[ZMQEndpointInterface] Protocol version: 4
[ZMQEndpointInterface] Protocol v4: Received 64D token (latent action), tokens[0]=0.0581, frame_index: 884
[ZMQEndpointInterface] Protocol v4: Left hand joints set: [0.0000, 0.0027, 0.0109, -0.0078, 0.0000, -0.0039, -0.0264]
[ZMQEndpointInterface] Protocol v4: Right hand joints set: [0.0000, -0.0027, 0.0000, 0.0078, 0.0000, 0.0039, 0.0000]
[ZMQEndpointInterface] Received ZMQ message - topic: 'pose', protocol_version: 4, num_fields: 4, total_size: 4 buffers
[ZMQEndpointInterface] *** Starting ZMQ processing ***
[ZMQEndpointInterface] Protocol version: 4
[ZMQEndpointInterface] Protocol v4: Received 64D token (latent action), tokens[0]=0.0591, frame_index: 885
[ZMQEndpointInterface] Protocol v4: Left hand joints set: [0.0000, 0.0027, 0.0055, -0.0137, -0.0117, 0.0000, -0.0059]
[ZMQEndpointInterface] Protocol v4: Right hand joints set: [0.0000, -0.0027, -0.0027, 0.0000, 0.0000, 0.0000, 0.0029]
[ZMQEndpointInterface] Received ZMQ message - topic: 'pose', protocol_version: 4, num_fields: 4, total_size: 4 buffers
[ZMQEndpointInterface] *** Starting ZMQ processing ***
[ZMQEndpointInterface] Protocol version: 4
[ZMQEndpointInterface] Protocol v4: Received 64D token (latent action), tokens[0]=0.0600, frame_index: 886
[ZMQEndpointInterface] Protocol v4: Left hand joints set: [0.0000, 0.0041, 0.0014, -0.0020, -0.0088, 0.0000, -0.0117]
[ZMQEndpointInterface] Protocol v4: Right hand joints set: [0.0000, -0.0027, 0.0000, 0.0000, 0.0000, 0.0000, 0.0000]
[ZMQEndpointInterface] Received ZMQ message - topic: 'pose', protocol_version: 4, num_fields: 4, total_size: 4 buffers
[ZMQEndpointInterface] *** Starting ZMQ processing ***
[ZMQEndpointInterface] Protocol version: 4
[ZMQEndpointInterface] Protocol v4: Received 64D token (latent action), tokens[0]=0.0613, frame_index: 887
[ZMQEndpointInterface] Protocol v4: Left hand joints set: [0.0000, 0.0055, 0.0041, -0.0176, -0.0029, -0.0039, -0.0293]
[ZMQEndpointInterface] Protocol v4: Right hand joints set: [0.0000, -0.0027, 0.0000, 0.0000, 0.0000, 0.0000, 0.0000]
[ZMQEndpointInterface] Received ZMQ message - topic: 'pose', protocol_version: 4, num_fields: 4, total_size: 4 buffers
[ZMQEndpointInterface] *** Starting ZMQ processing ***
[ZMQEndpointInterface] Protocol version: 4
[ZMQEndpointInterface] Protocol v4: Received 64D token (latent action), tokens[0]=0.0621, frame_index: 888
[ZMQEndpointInterface] Protocol v4: Left hand joints set: [0.0000, 0.0041, 0.0109, -0.0117, 0.0000, -0.0078, -0.0293]
[ZMQEndpointInterface] Protocol v4: Right hand joints set: [0.0000, -0.0068, 0.0000, 0.0000, 0.0000, 0.0039, 0.0000]
[ZMQEndpointInterface] Received ZMQ message - topic: 'pose', protocol_version: 4, num_fields: 4, total_size: 4 buffers
[ZMQEndpointInterface] *** Starting ZMQ processing ***
[ZMQEndpointInterface] Protocol version: 4
[ZMQEndpointInterface] Protocol v4: Received 64D token (latent action), tokens[0]=0.0583, frame_index: 889
[ZMQEndpointInterface] Protocol v4: Left hand joints set: [0.0000, 0.0027, 0.0027, -0.0020, -0.0088, -0.0039, -0.0176]
[ZMQEndpointInterface] Protocol v4: Right hand joints set: [0.0000, -0.0068, -0.0027, 0.0039, 0.0000, 0.0137, 0.0000]
[ZMQEndpointInterface] Received ZMQ message - topic: 'pose', protocol_version: 4, num_fields: 4, total_size: 4 buffers
[ZMQEndpointInterface] *** Starting ZMQ processing ***
[ZMQEndpointInterface] Protocol version: 4
[ZMQEndpointInterface] Protocol v4: Received 64D token (latent action), tokens[0]=0.0623, frame_index: 890
[ZMQEndpointInterface] Protocol v4: Left hand joints set: [0.0000, 0.0055, 0.0096, -0.0078, -0.0205, -0.0039, -0.0293]
[ZMQEndpointInterface] Protocol v4: Right hand joints set: [0.0000, -0.0109, 0.0000, 0.0137, 0.0059, 0.0039, 0.0088]
[ZMQEndpointInterface] Received ZMQ message - topic: 'pose', protocol_version: 4, num_fields: 4, total_size: 4 buffers
[ZMQEndpointInterface] *** Starting ZMQ processing ***
[ZMQEndpointInterface] Protocol version: 4
[ZMQEndpointInterface] Protocol v4: Received 64D token (latent action), tokens[0]=0.0570, frame_index: 891
[ZMQEndpointInterface] Protocol v4: Left hand joints set: [0.0000, 0.0000, 0.0068, -0.0098, -0.0059, 0.0000, -0.0088]
[ZMQEndpointInterface] Protocol v4: Right hand joints set: [0.0000, -0.0109, 0.0000, 0.0000, 0.0000, 0.0020, 0.0000]
[ZMQEndpointInterface] Received ZMQ message - topic: 'pose', protocol_version: 4, num_fields: 4, total_size: 4 buffers
[ZMQEndpointInterface] *** Starting ZMQ processing ***
[ZMQEndpointInterface] Protocol version: 4
[ZMQEndpointInterface] Protocol v4: Received 64D token (latent action), tokens[0]=0.0630, frame_index: 892
[ZMQEndpointInterface] Protocol v4: Left hand joints set: [0.0000, 0.0027, 0.0055, -0.0059, -0.0029, -0.0098, -0.0205]
[ZMQEndpointInterface] Protocol v4: Right hand joints set: [0.0000, -0.0109, 0.0000, 0.0000, 0.0000, 0.0000, 0.0000]
[ZMQEndpointInterface] Received ZMQ message - topic: 'pose', protocol_version: 4, num_fields: 4, total_size: 4 buffers
[ZMQEndpointInterface] *** Starting ZMQ processing ***
[ZMQEndpointInterface] Protocol version: 4
[ZMQEndpointInterface] Protocol v4: Received 64D token (latent action), tokens[0]=0.0621, frame_index: 893
[ZMQEndpointInterface] Protocol v4: Left hand joints set: [0.0000, 0.0041, 0.0055, -0.0039, 0.0000, 0.0000, -0.0146]
[ZMQEndpointInterface] Protocol v4: Right hand joints set: [0.0000, -0.0123, 0.0000, 0.0000, 0.0000, 0.0000, 0.0000]
[ZMQEndpointInterface] Received ZMQ message - topic: 'pose', protocol_version: 4, num_fields: 4, total_size: 4 buffers
[ZMQEndpointInterface] *** Starting ZMQ processing ***
[ZMQEndpointInterface] Protocol version: 4
[ZMQEndpointInterface] Protocol v4: Received 64D token (latent action), tokens[0]=0.0611, frame_index: 894
[ZMQEndpointInterface] Protocol v4: Left hand joints set: [0.0000, 0.0027, 0.0014, -0.0039, 0.0000, -0.0039, -0.0088]
[ZMQEndpointInterface] Protocol v4: Right hand joints set: [0.0000, 0.0000, -0.0055, 0.0000, 0.0000, 0.0000, 0.0000]
[ZMQEndpointInterface] Received ZMQ message - topic: 'pose', protocol_version: 4, num_fields: 4, total_size: 4 buffers
[ZMQEndpointInterface] *** Starting ZMQ processing ***
[ZMQEndpointInterface] Protocol version: 4
[ZMQEndpointInterface] Protocol v4: Received 64D token (latent action), tokens[0]=0.0587, frame_index: 895
[ZMQEndpointInterface] Protocol v4: Left hand joints set: [0.0000, 0.0055, 0.0041, -0.0039, -0.0234, 0.0000, -0.0176]
[ZMQEndpointInterface] Protocol v4: Right hand joints set: [0.0000, -0.0041, 0.0000, 0.0000, 0.0000, 0.0000, 0.0000]
[ZMQEndpointInterface] Received ZMQ message - topic: 'pose', protocol_version: 4, num_fields: 4, total_size: 4 buffers
[ZMQEndpointInterface] *** Starting ZMQ processing ***
[ZMQEndpointInterface] Protocol version: 4
[ZMQEndpointInterface] Protocol v4: Received 64D token (latent action), tokens[0]=0.0656, frame_index: 896
[ZMQEndpointInterface] Protocol v4: Left hand joints set: [0.0000, 0.0123, 0.0041, 0.0000, 0.0000, 0.0000, -0.0234]
[ZMQEndpointInterface] Protocol v4: Right hand joints set: [0.0000, -0.0055, 0.0000, 0.0000, 0.0000, 0.0000, 0.0000]
[ZMQEndpointInterface] Received ZMQ message - topic: 'pose', protocol_version: 4, num_fields: 4, total_size: 4 buffers
[ZMQEndpointInterface] *** Starting ZMQ processing ***
[ZMQEndpointInterface] Protocol version: 4
[ZMQEndpointInterface] Protocol v4: Received 64D token (latent action), tokens[0]=0.0574, frame_index: 897
[ZMQEndpointInterface] Protocol v4: Left hand joints set: [0.0000, 0.0055, 0.0068, -0.0098, 0.0000, 0.0000, -0.0205]
[ZMQEndpointInterface] Protocol v4: Right hand joints set: [0.0000, -0.0055, -0.0055, 0.0000, 0.0000, 0.0098, 0.0000]
[Token Flow] Copied external tokens, tokens[0]=0.0574
[ZMQEndpointInterface] Received ZMQ message - topic: 'pose', protocol_version: 4, num_fields: 4, total_size: 4 buffers
[ZMQEndpointInterface] *** Starting ZMQ processing ***
[ZMQEndpointInterface] Protocol version: 4
[ZMQEndpointInterface] Protocol v4: Received 64D token (latent action), tokens[0]=0.0613, frame_index: 898
[ZMQEndpointInterface] Protocol v4: Left hand joints set: [0.0000, 0.0027, 0.0055, 0.0000, -0.0029, 0.0000, -0.0117]
[ZMQEndpointInterface] Protocol v4: Right hand joints set: [0.0000, -0.0068, -0.0014, 0.0000, 0.0000, 0.0020, 0.0000]
[ZMQEndpointInterface] Received ZMQ message - topic: 'pose', protocol_version: 4, num_fields: 4, total_size: 4 buffers
[ZMQEndpointInterface] *** Starting ZMQ processing ***
[ZMQEndpointInterface] Protocol version: 4
[ZMQEndpointInterface] Protocol v4: Received 64D token (latent action), tokens[0]=0.0562, frame_index: 899
[ZMQEndpointInterface] Protocol v4: Left hand joints set: [0.0000, 0.0055, 0.0014, -0.0078, 0.0000, -0.0078, -0.0146]
[ZMQEndpointInterface] Protocol v4: Right hand joints set: [0.0000, -0.0027, -0.0014, 0.0000, 0.0000, 0.0000, 0.0000]
[ZMQEndpointInterface] Received ZMQ message - topic: 'pose', protocol_version: 4, num_fields: 4, total_size: 4 buffers
[ZMQEndpointInterface] *** Starting ZMQ processing ***
[ZMQEndpointInterface] Protocol version: 4
[ZMQEndpointInterface] Protocol v4: Received 64D token (latent action), tokens[0]=0.0579, frame_index: 900
[ZMQEndpointInterface] Protocol v4: Left hand joints set: [0.0000, 0.0027, 0.0055, -0.0039, -0.0029, 0.0000, -0.0205]
[ZMQEndpointInterface] Protocol v4: Right hand joints set: [0.0000, -0.0055, 0.0000, 0.0039, 0.0000, 0.0098, 0.0000]
[ZMQEndpointInterface] Received ZMQ message - topic: 'pose', protocol_version: 4, num_fields: 4, total_size: 4 buffers
[ZMQEndpointInterface] *** Starting ZMQ processing ***
[ZMQEndpointInterface] Protocol version: 4
[ZMQEndpointInterface] Protocol v4: Received 64D token (latent action), tokens[0]=0.0557, frame_index: 901
[ZMQEndpointInterface] Protocol v4: Left hand joints set: [0.0000, 0.0068, 0.0082, -0.0059, -0.0234, -0.0059, -0.0176]
[ZMQEndpointInterface] Protocol v4: Right hand joints set: [0.0000, -0.0014, 0.0000, 0.0000, 0.0029, 0.0117, 0.0000]
[ZMQEndpointInterface] Received ZMQ message - topic: 'pose', protocol_version: 4, num_fields: 4, total_size: 4 buffers
[ZMQEndpointInterface] *** Starting ZMQ processing ***
[ZMQEndpointInterface] Protocol version: 4
[ZMQEndpointInterface] Protocol v4: Received 64D token (latent action), tokens[0]=0.0508, frame_index: 902
[ZMQEndpointInterface] Protocol v4: Left hand joints set: [0.0000, 0.0000, 0.0000, 0.0000, 0.0000, 0.0000, 0.0000]
[ZMQEndpointInterface] Protocol v4: Right hand joints set: [0.0000, 0.0000, 0.0000, 0.0000, 0.0000, 0.0039, 0.0000]
[ZMQEndpointInterface] Received ZMQ message - topic: 'pose', protocol_version: 4, num_fields: 4, total_size: 4 buffers
[ZMQEndpointInterface] *** Starting ZMQ processing ***
[ZMQEndpointInterface] Protocol version: 4
[ZMQEndpointInterface] Protocol v4: Received 64D token (latent action), tokens[0]=0.0562, frame_index: 903
[ZMQEndpointInterface] Protocol v4: Left hand joints set: [0.0000, 0.0000, 0.0055, 0.0000, 0.0000, 0.0000, 0.0000]
[ZMQEndpointInterface] Protocol v4: Right hand joints set: [0.0000, 0.0000, -0.0027, 0.0000, 0.0029, 0.0000, 0.0000]
[ZMQEndpointInterface] Received ZMQ message - topic: 'pose', protocol_version: 4, num_fields: 4, total_size: 4 buffers
[ZMQEndpointInterface] *** Starting ZMQ processing ***
[ZMQEndpointInterface] Protocol version: 4
[ZMQEndpointInterface] Protocol v4: Received 64D token (latent action), tokens[0]=0.0527, frame_index: 904
[ZMQEndpointInterface] Protocol v4: Left hand joints set: [0.0000, 0.0000, 0.0000, 0.0000, 0.0000, -0.0039, -0.0029]
[ZMQEndpointInterface] Protocol v4: Right hand joints set: [0.0000, 0.0000, 0.0000, 0.0078, 0.0000, 0.0000, 0.0000]
[ZMQEndpointInterface] Received ZMQ message - topic: 'pose', protocol_version: 4, num_fields: 4, total_size: 4 buffers
[ZMQEndpointInterface] *** Starting ZMQ processing ***
[ZMQEndpointInterface] Protocol version: 4
[ZMQEndpointInterface] Protocol v4: Received 64D token (latent action), tokens[0]=0.0574, frame_index: 905
[ZMQEndpointInterface] Protocol v4: Left hand joints set: [0.0000, 0.0000, 0.0082, 0.0000, 0.0000, -0.0156, 0.0000]
[ZMQEndpointInterface] Protocol v4: Right hand joints set: [0.0000, -0.0027, -0.0068, 0.0000, 0.0029, 0.0020, 0.0000]
[ZMQEndpointInterface] Received ZMQ message - topic: 'pose', protocol_version: 4, num_fields: 4, total_size: 4 buffers
[ZMQEndpointInterface] *** Starting ZMQ processing ***
[ZMQEndpointInterface] Protocol version: 4
[ZMQEndpointInterface] Protocol v4: Received 64D token (latent action), tokens[0]=0.0587, frame_index: 906
[ZMQEndpointInterface] Protocol v4: Left hand joints set: [0.0000, 0.0000, 0.0027, -0.0020, 0.0000, 0.0000, 0.0000]
[ZMQEndpointInterface] Protocol v4: Right hand joints set: [0.0000, 0.0000, -0.0027, 0.0117, 0.0000, 0.0000, 0.0000]
[ZMQEndpointInterface] Received ZMQ message - topic: 'pose', protocol_version: 4, num_fields: 4, total_size: 4 buffers
[ZMQEndpointInterface] *** Starting ZMQ processing ***
[ZMQEndpointInterface] Protocol version: 4
[ZMQEndpointInterface] Protocol v4: Received 64D token (latent action), tokens[0]=0.0630, frame_index: 907
[ZMQEndpointInterface] Protocol v4: Left hand joints set: [0.0000, 0.0014, 0.0000, 0.0000, 0.0000, -0.0039, 0.0000]
[ZMQEndpointInterface] Protocol v4: Right hand joints set: [0.0000, 0.0000, -0.0109, 0.0000, 0.0029, 0.0020, 0.0000]
[ZMQEndpointInterface] Received ZMQ message - topic: 'pose', protocol_version: 4, num_fields: 4, total_size: 4 buffers
[ZMQEndpointInterface] *** Starting ZMQ processing ***
[ZMQEndpointInterface] Protocol version: 4
[ZMQEndpointInterface] Protocol v4: Received 64D token (latent action), tokens[0]=0.0613, frame_index: 908
[ZMQEndpointInterface] Protocol v4: Left hand joints set: [0.0000, 0.0000, 0.0027, 0.0000, 0.0000, -0.0059, 0.0000]
[ZMQEndpointInterface] Protocol v4: Right hand joints set: [0.0000, -0.0027, 0.0000, 0.0117, 0.0000, 0.0000, 0.0000]
[ZMQEndpointInterface] Received ZMQ message - topic: 'pose', protocol_version: 4, num_fields: 4, total_size: 4 buffers
[ZMQEndpointInterface] *** Starting ZMQ processing ***
[ZMQEndpointInterface] Protocol version: 4
[ZMQEndpointInterface] Protocol v4: Received 64D token (latent action), tokens[0]=0.0619, frame_index: 909
[ZMQEndpointInterface] Protocol v4: Left hand joints set: [0.0000, 0.0000, 0.0068, 0.0000, -0.0059, -0.0039, -0.0029]
[ZMQEndpointInterface] Protocol v4: Right hand joints set: [0.0000, -0.0027, -0.0014, 0.0039, 0.0000, 0.0000, 0.0000]
[ZMQEndpointInterface] Received ZMQ message - topic: 'pose', protocol_version: 4, num_fields: 4, total_size: 4 buffers
[ZMQEndpointInterface] *** Starting ZMQ processing ***
[ZMQEndpointInterface] Protocol version: 4
[ZMQEndpointInterface] Protocol v4: Received 64D token (latent action), tokens[0]=0.0638, frame_index: 910
[ZMQEndpointInterface] Protocol v4: Left hand joints set: [0.0000, 0.0000, 0.0027, 0.0000, 0.0000, 0.0000, 0.0000]
[ZMQEndpointInterface] Protocol v4: Right hand joints set: [0.0000, 0.0000, -0.0027, 0.0117, 0.0029, 0.0078, 0.0000]
[ZMQEndpointInterface] Received ZMQ message - topic: 'pose', protocol_version: 4, num_fields: 4, total_size: 4 buffers
[ZMQEndpointInterface] *** Starting ZMQ processing ***
[ZMQEndpointInterface] Protocol version: 4
[ZMQEndpointInterface] Protocol v4: Received 64D token (latent action), tokens[0]=0.0673, frame_index: 911
[ZMQEndpointInterface] Protocol v4: Left hand joints set: [0.0000, 0.0000, 0.0055, 0.0000, 0.0000, 0.0000, 0.0000]
[ZMQEndpointInterface] Protocol v4: Right hand joints set: [0.0000, -0.0027, -0.0055, 0.0039, 0.0000, 0.0000, 0.0000]
[ZMQEndpointInterface] Received ZMQ message - topic: 'pose', protocol_version: 4, num_fields: 4, total_size: 4 buffers
[ZMQEndpointInterface] *** Starting ZMQ processing ***
[ZMQEndpointInterface] Protocol version: 4
[ZMQEndpointInterface] Protocol v4: Received 64D token (latent action), tokens[0]=0.0647, frame_index: 912
[ZMQEndpointInterface] Protocol v4: Left hand joints set: [0.0000, 0.0000, 0.0123, -0.0039, 0.0000, 0.0000, 0.0000]
[ZMQEndpointInterface] Protocol v4: Right hand joints set: [0.0000, -0.0041, 0.0000, 0.0078, 0.0059, 0.0000, 0.0029]
Loop timing - LowState age: 3.5670ms, Streaming data mean delay: 9.2784ms, Streaming data std delay: 5.5444ms, IMU age: 3.5520ms, Obs: 73us, Policy: 606us, Obs 2 Motor Command: 679us, Post processing: 22us | HandCloseRatio: 1.0000
[ZMQEndpointInterface] Received ZMQ message - topic: 'pose', protocol_version: 4, num_fields: 4, total_size: 4 buffers
[ZMQEndpointInterface] *** Starting ZMQ processing ***
[ZMQEndpointInterface] Protocol version: 4
[ZMQEndpointInterface] Protocol v4: Received 64D token (latent action), tokens[0]=0.0660, frame_index: 913
[ZMQEndpointInterface] Protocol v4: Left hand joints set: [0.0000, 0.0000, 0.0000, -0.0117, 0.0000, -0.0039, 0.0000]
[ZMQEndpointInterface] Protocol v4: Right hand joints set: [0.0000, -0.0027, -0.0082, 0.0078, 0.0088, 0.0000, 0.0000]
[ZMQEndpointInterface] Received ZMQ message - topic: 'pose', protocol_version: 4, num_fields: 4, total_size: 4 buffers
[ZMQEndpointInterface] *** Starting ZMQ processing ***
[ZMQEndpointInterface] Protocol version: 4
[ZMQEndpointInterface] Protocol v4: Received 64D token (latent action), tokens[0]=0.0673, frame_index: 914
[ZMQEndpointInterface] Protocol v4: Left hand joints set: [0.0000, 0.0014, 0.0096, 0.0000, -0.0029, -0.0020, 0.0000]
[ZMQEndpointInterface] Protocol v4: Right hand joints set: [0.0000, 0.0000, -0.0027, 0.0039, 0.0117, 0.0078, 0.0000]
[ZMQEndpointInterface] Received ZMQ message - topic: 'pose', protocol_version: 4, num_fields: 4, total_size: 4 buffers
[ZMQEndpointInterface] *** Starting ZMQ processing ***
[ZMQEndpointInterface] Protocol version: 4
[ZMQEndpointInterface] Protocol v4: Received 64D token (latent action), tokens[0]=0.0692, frame_index: 915
[ZMQEndpointInterface] Protocol v4: Left hand joints set: [0.0000, 0.0000, 0.0109, 0.0000, 0.0000, -0.0156, 0.0000]
[ZMQEndpointInterface] Protocol v4: Right hand joints set: [0.0000, -0.0096, -0.0096, 0.0020, 0.0059, 0.0000, 0.0000]
[ZMQEndpointInterface] Received ZMQ message - topic: 'pose', protocol_version: 4, num_fields: 4, total_size: 4 buffers
[ZMQEndpointInterface] *** Starting ZMQ processing ***
[ZMQEndpointInterface] Protocol version: 4
[ZMQEndpointInterface] Protocol v4: Received 64D token (latent action), tokens[0]=0.0677, frame_index: 916
[ZMQEndpointInterface] Protocol v4: Left hand joints set: [0.0000, 0.0027, 0.0000, -0.0098, 0.0000, -0.0059, -0.0117]
[ZMQEndpointInterface] Protocol v4: Right hand joints set: [0.0000, -0.0055, -0.0027, 0.0000, 0.0000, 0.0098, 0.0000]
[ZMQEndpointInterface] Received ZMQ message - topic: 'pose', protocol_version: 4, num_fields: 4, total_size: 4 buffers
[ZMQEndpointInterface] *** Starting ZMQ processing ***
[ZMQEndpointInterface] Protocol version: 4
[ZMQEndpointInterface] Protocol v4: Received 64D token (latent action), tokens[0]=0.0681, frame_index: 917
[ZMQEndpointInterface] Protocol v4: Left hand joints set: [0.0000, 0.0014, 0.0055, 0.0000, 0.0000, -0.0039, 0.0000]
[ZMQEndpointInterface] Protocol v4: Right hand joints set: [0.0000, -0.0068, 0.0000, 0.0000, 0.0000, 0.0078, 0.0000]
[ZMQEndpointInterface] Received ZMQ message - topic: 'pose', protocol_version: 4, num_fields: 4, total_size: 4 buffers
[ZMQEndpointInterface] *** Starting ZMQ processing ***
[ZMQEndpointInterface] Protocol version: 4
[ZMQEndpointInterface] Protocol v4: Received 64D token (latent action), tokens[0]=0.0697, frame_index: 918
[ZMQEndpointInterface] Protocol v4: Left hand joints set: [0.0000, 0.0027, 0.0000, 0.0000, 0.0000, 0.0000, 0.0000]
[ZMQEndpointInterface] Protocol v4: Right hand joints set: [0.0000, -0.0027, -0.0068, 0.0117, 0.0029, 0.0000, 0.0000]
[ZMQEndpointInterface] Received ZMQ message - topic: 'pose', protocol_version: 4, num_fields: 4, total_size: 4 buffers
[ZMQEndpointInterface] *** Starting ZMQ processing ***
[ZMQEndpointInterface] Protocol version: 4
[ZMQEndpointInterface] Protocol v4: Received 64D token (latent action), tokens[0]=0.0668, frame_index: 919
[ZMQEndpointInterface] Protocol v4: Left hand joints set: [0.0000, 0.0041, 0.0041, 0.0000, 0.0000, -0.0059, -0.0176]
[ZMQEndpointInterface] Protocol v4: Right hand joints set: [0.0000, 0.0000, 0.0000, 0.0039, 0.0000, 0.0098, 0.0000]
[ZMQEndpointInterface] Received ZMQ message - topic: 'pose', protocol_version: 4, num_fields: 4, total_size: 4 buffers
[ZMQEndpointInterface] *** Starting ZMQ processing ***
[ZMQEndpointInterface] Protocol version: 4
[ZMQEndpointInterface] Protocol v4: Received 64D token (latent action), tokens[0]=0.0634, frame_index: 920
[ZMQEndpointInterface] Protocol v4: Left hand joints set: [0.0000, 0.0000, 0.0027, 0.0000, 0.0000, 0.0000, -0.0029]
[ZMQEndpointInterface] Protocol v4: Right hand joints set: [0.0000, -0.0055, -0.0055, 0.0078, 0.0000, 0.0039, 0.0000]
[ZMQEndpointInterface] Received ZMQ message - topic: 'pose', protocol_version: 4, num_fields: 4, total_size: 4 buffers
[ZMQEndpointInterface] *** Starting ZMQ processing ***
[ZMQEndpointInterface] Protocol version: 4
[ZMQEndpointInterface] Protocol v4: Received 64D token (latent action), tokens[0]=0.0660, frame_index: 921
[ZMQEndpointInterface] Protocol v4: Left hand joints set: [0.0000, 0.0000, 0.0082, -0.0039, 0.0000, 0.0000, 0.0000]
[ZMQEndpointInterface] Protocol v4: Right hand joints set: [0.0000, -0.0041, -0.0055, 0.0000, 0.0000, 0.0059, 0.0000]
[ZMQEndpointInterface] Received ZMQ message - topic: 'pose', protocol_version: 4, num_fields: 4, total_size: 4 buffers
[ZMQEndpointInterface] *** Starting ZMQ processing ***
[ZMQEndpointInterface] Protocol version: 4
[ZMQEndpointInterface] Protocol v4: Received 64D token (latent action), tokens[0]=0.0647, frame_index: 922
[ZMQEndpointInterface] Protocol v4: Left hand joints set: [0.0000, 0.0082, 0.0109, 0.0000, 0.0000, 0.0000, 0.0000]
[ZMQEndpointInterface] Protocol v4: Right hand joints set: [0.0000, -0.0041, -0.0055, 0.0000, 0.0000, 0.0000, 0.0000]
[ZMQEndpointInterface] Received ZMQ message - topic: 'pose', protocol_version: 4, num_fields: 4, total_size: 4 buffers
[ZMQEndpointInterface] *** Starting ZMQ processing ***
[ZMQEndpointInterface] Protocol version: 4
[ZMQEndpointInterface] Protocol v4: Received 64D token (latent action), tokens[0]=0.0668, frame_index: 923
[ZMQEndpointInterface] Protocol v4: Left hand joints set: [0.0000, 0.0000, 0.0055, 0.0000, 0.0000, -0.0020, 0.0000]
[ZMQEndpointInterface] Protocol v4: Right hand joints set: [0.0000, -0.0041, -0.0068, 0.0059, 0.0000, 0.0000, 0.0000]
[ZMQEndpointInterface] Received ZMQ message - topic: 'pose', protocol_version: 4, num_fields: 4, total_size: 4 buffers
[ZMQEndpointInterface] *** Starting ZMQ processing ***
[ZMQEndpointInterface] Protocol version: 4
[ZMQEndpointInterface] Protocol v4: Received 64D token (latent action), tokens[0]=0.0660, frame_index: 924
[ZMQEndpointInterface] Protocol v4: Left hand joints set: [0.0000, 0.0000, 0.0068, -0.0020, 0.0000, -0.0039, 0.0000]
[ZMQEndpointInterface] Protocol v4: Right hand joints set: [0.0000, -0.0068, 0.0000, 0.0000, 0.0029, 0.0000, 0.0000]
[ZMQEndpointInterface] Received ZMQ message - topic: 'pose', protocol_version: 4, num_fields: 4, total_size: 4 buffers
[ZMQEndpointInterface] *** Starting ZMQ processing ***
[ZMQEndpointInterface] Protocol version: 4
[ZMQEndpointInterface] Protocol v4: Received 64D token (latent action), tokens[0]=0.0664, frame_index: 925
[ZMQEndpointInterface] Protocol v4: Left hand joints set: [0.0000, 0.0082, 0.0014, -0.0078, 0.0000, 0.0000, 0.0000]
[ZMQEndpointInterface] Protocol v4: Right hand joints set: [0.0000, -0.0027, -0.0027, 0.0000, 0.0029, 0.0078, 0.0000]
[ZMQEndpointInterface] Received ZMQ message - topic: 'pose', protocol_version: 4, num_fields: 4, total_size: 4 buffers
[ZMQEndpointInterface] *** Starting ZMQ processing ***
[ZMQEndpointInterface] Protocol version: 4
[ZMQEndpointInterface] Protocol v4: Received 64D token (latent action), tokens[0]=0.0677, frame_index: 926
[ZMQEndpointInterface] Protocol v4: Left hand joints set: [0.0000, 0.0000, 0.0055, 0.0000, 0.0000, 0.0000, 0.0000]
[ZMQEndpointInterface] Protocol v4: Right hand joints set: [0.0000, -0.0014, -0.0109, 0.0078, 0.0000, 0.0020, 0.0000]
[ZMQEndpointInterface] Received ZMQ message - topic: 'pose', protocol_version: 4, num_fields: 4, total_size: 4 buffers
[ZMQEndpointInterface] *** Starting ZMQ processing ***
[ZMQEndpointInterface] Protocol version: 4
[ZMQEndpointInterface] Protocol v4: Received 64D token (latent action), tokens[0]=0.0664, frame_index: 927
[ZMQEndpointInterface] Protocol v4: Left hand joints set: [0.0000, 0.0000, 0.0000, -0.0020, 0.0000, 0.0000, 0.0000]
[ZMQEndpointInterface] Protocol v4: Right hand joints set: [0.0000, -0.0068, 0.0000, 0.0000, 0.0000, 0.0039, 0.0000]
Temporary motion completed.
Reset to frame 0.
[ZMQEndpointInterface] Received ZMQ message - topic: 'pose', protocol_version: 4, num_fields: 4, total_size: 4 buffers
[ZMQEndpointInterface] *** Starting ZMQ processing ***
[ZMQEndpointInterface] Protocol version: 4
[ZMQEndpointInterface] Protocol v4: Received 64D token (latent action), tokens[0]=0.0696, frame_index: 928
[ZMQEndpointInterface] Protocol v4: Left hand joints set: [0.0000, 0.0000, 0.0096, -0.0098, 0.0000, 0.0000, 0.0000]
[ZMQEndpointInterface] Protocol v4: Right hand joints set: [0.0000, -0.0027, -0.0109, 0.0020, 0.0000, 0.0000, 0.0000]
Reset heading state to 0.9969, -0.0041, -0.0523, -0.0592
Reset delta heading to 0
Reset init reference data root rotation to current frame: 0.9997, -0.0016, -0.0223, -0.0045
**********************************************************
Reference motion name: temporary_motion
**********************************************************
[ZMQEndpointInterface] Received ZMQ message - topic: 'pose', protocol_version: 4, num_fields: 4, total_size: 4 buffers
[ZMQEndpointInterface] *** Starting ZMQ processing ***
[ZMQEndpointInterface] Protocol version: 4
[ZMQEndpointInterface] Protocol v4: Received 64D token (latent action), tokens[0]=0.0245, frame_index: 929
[ZMQEndpointInterface] Protocol v4: Left hand joints set: [0.0000, 0.0000, 0.0000, 0.0000, 0.0000, 0.0000, 0.0000]
[ZMQEndpointInterface] Protocol v4: Right hand joints set: [0.0000, -0.0027, 0.0000, 0.0000, 0.0000, 0.0000, 0.0000]
[ZMQEndpointInterface] Received ZMQ message - topic: 'pose', protocol_version: 4, num_fields: 4, total_size: 4 buffers
[ZMQEndpointInterface] *** Starting ZMQ processing ***
[ZMQEndpointInterface] Protocol version: 4
[ZMQEndpointInterface] Protocol v4: Received 64D token (latent action), tokens[0]=0.0254, frame_index: 930
[ZMQEndpointInterface] Protocol v4: Left hand joints set: [0.0000, 0.0027, 0.0055, 0.0000, 0.0000, 0.0000, 0.0000]
[ZMQEndpointInterface] Protocol v4: Right hand joints set: [0.0000, -0.0055, 0.0000, 0.0000, 0.0000, 0.0000, 0.0000]
[ZMQEndpointInterface] Received ZMQ message - topic: 'pose', protocol_version: 4, num_fields: 4, total_size: 4 buffers
[ZMQEndpointInterface] *** Starting ZMQ processing ***
[ZMQEndpointInterface] Protocol version: 4
[ZMQEndpointInterface] Protocol v4: Received 64D token (latent action), tokens[0]=0.0241, frame_index: 931
[ZMQEndpointInterface] Protocol v4: Left hand joints set: [0.0000, 0.0014, 0.0000, 0.0000, 0.0000, 0.0000, 0.0000]
[ZMQEndpointInterface] Protocol v4: Right hand joints set: [0.0000, -0.0041, 0.0000, 0.0000, 0.0000, 0.0000, 0.0000]
[ZMQEndpointInterface] Received ZMQ message - topic: 'pose', protocol_version: 4, num_fields: 4, total_size: 4 buffers
[ZMQEndpointInterface] *** Starting ZMQ processing ***
[ZMQEndpointInterface] Protocol version: 4
[ZMQEndpointInterface] Protocol v4: Received 64D token (latent action), tokens[0]=0.0211, frame_index: 932
[ZMQEndpointInterface] Protocol v4: Left hand joints set: [0.0000, 0.0000, 0.0041, 0.0000, 0.0000, 0.0000, -0.0029]
[ZMQEndpointInterface] Protocol v4: Right hand joints set: [0.0000, -0.0027, 0.0000, 0.0000, 0.0059, 0.0000, 0.0000]
[ZMQEndpointInterface] Received ZMQ message - topic: 'pose', protocol_version: 4, num_fields: 4, total_size: 4 buffers
[ZMQEndpointInterface] *** Starting ZMQ processing ***
[ZMQEndpointInterface] Protocol version: 4
[ZMQEndpointInterface] Protocol v4: Received 64D token (latent action), tokens[0]=0.0233, frame_index: 933
[ZMQEndpointInterface] Protocol v4: Left hand joints set: [0.0000, 0.0000, 0.0000, 0.0000, 0.0000, 0.0000, 0.0000]
[ZMQEndpointInterface] Protocol v4: Right hand joints set: [0.0000, 0.0000, 0.0000, 0.0000, 0.0059, 0.0000, 0.0000]
[ZMQEndpointInterface] Received ZMQ message - topic: 'pose', protocol_version: 4, num_fields: 4, total_size: 4 buffers
[ZMQEndpointInterface] *** Starting ZMQ processing ***
[ZMQEndpointInterface] Protocol version: 4
[ZMQEndpointInterface] Protocol v4: Received 64D token (latent action), tokens[0]=0.0233, frame_index: 934
[ZMQEndpointInterface] Protocol v4: Left hand joints set: [0.0000, 0.0014, 0.0041, 0.0000, 0.0000, 0.0000, 0.0000]
[ZMQEndpointInterface] Protocol v4: Right hand joints set: [0.0000, 0.0000, 0.0000, 0.0000, 0.0000, 0.0000, 0.0000]
[ZMQEndpointInterface] Received ZMQ message - topic: 'pose', protocol_version: 4, num_fields: 4, total_size: 4 buffers
[ZMQEndpointInterface] *** Starting ZMQ processing ***
[ZMQEndpointInterface] Protocol version: 4
[ZMQEndpointInterface] Protocol v4: Received 64D token (latent action), tokens[0]=0.0190, frame_index: 935
[ZMQEndpointInterface] Protocol v4: Left hand joints set: [0.0000, 0.0027, 0.0027, 0.0000, 0.0000, 0.0000, 0.0000]
[ZMQEndpointInterface] Protocol v4: Right hand joints set: [0.0000, -0.0027, 0.0000, 0.0000, 0.0000, 0.0000, 0.0000]
[ZMQEndpointInterface] Received ZMQ message - topic: 'pose', protocol_version: 4, num_fields: 4, total_size: 4 buffers
[ZMQEndpointInterface] *** Starting ZMQ processing ***
[ZMQEndpointInterface] Protocol version: 4
[ZMQEndpointInterface] Protocol v4: Received 64D token (latent action), tokens[0]=0.0198, frame_index: 936
[ZMQEndpointInterface] Protocol v4: Left hand joints set: [0.0000, 0.0027, 0.0000, -0.0078, 0.0000, 0.0000, 0.0000]
[ZMQEndpointInterface] Protocol v4: Right hand joints set: [0.0000, -0.0014, 0.0000, 0.0000, 0.0000, 0.0000, 0.0000]
[ZMQEndpointInterface] Received ZMQ message - topic: 'pose', protocol_version: 4, num_fields: 4, total_size: 4 buffers
[ZMQEndpointInterface] *** Starting ZMQ processing ***
[ZMQEndpointInterface] Protocol version: 4
[ZMQEndpointInterface] Protocol v4: Received 64D token (latent action), tokens[0]=0.0207, frame_index: 937
[ZMQEndpointInterface] Protocol v4: Left hand joints set: [0.0000, 0.0000, 0.0014, 0.0000, 0.0000, 0.0000, 0.0000]
[ZMQEndpointInterface] Protocol v4: Right hand joints set: [0.0000, 0.0000, 0.0000, 0.0000, 0.0000, 0.0000, 0.0000]
[ZMQEndpointInterface] Received ZMQ message - topic: 'pose', protocol_version: 4, num_fields: 4, total_size: 4 buffers
[ZMQEndpointInterface] *** Starting ZMQ processing ***
[ZMQEndpointInterface] Protocol version: 4
[ZMQEndpointInterface] Protocol v4: Received 64D token (latent action), tokens[0]=0.0160, frame_index: 938
[ZMQEndpointInterface] Protocol v4: Left hand joints set: [0.0000, 0.0000, 0.0109, 0.0000, 0.0000, 0.0000, 0.0000]
[ZMQEndpointInterface] Protocol v4: Right hand joints set: [0.0000, 0.0000, 0.0000, 0.0000, 0.0000, 0.0000, 0.0000]
[ZMQEndpointInterface] Received ZMQ message - topic: 'pose', protocol_version: 4, num_fields: 4, total_size: 4 buffers
[ZMQEndpointInterface] *** Starting ZMQ processing ***
[ZMQEndpointInterface] Protocol version: 4
[ZMQEndpointInterface] Protocol v4: Received 64D token (latent action), tokens[0]=0.0151, frame_index: 939
[ZMQEndpointInterface] Protocol v4: Left hand joints set: [0.0000, 0.0000, 0.0082, 0.0000, 0.0000, 0.0000, 0.0000]
[ZMQEndpointInterface] Protocol v4: Right hand joints set: [0.0000, 0.0000, 0.0000, 0.0000, 0.0000, 0.0000, 0.0000]
[ZMQEndpointInterface] Received ZMQ message - topic: 'pose', protocol_version: 4, num_fields: 4, total_size: 4 buffers
[ZMQEndpointInterface] *** Starting ZMQ processing ***
[ZMQEndpointInterface] Protocol version: 4
[ZMQEndpointInterface] Protocol v4: Received 64D token (latent action), tokens[0]=0.0151, frame_index: 940
[ZMQEndpointInterface] Protocol v4: Left hand joints set: [0.0000, 0.0000, 0.0055, 0.0000, 0.0000, 0.0000, 0.0000]
[ZMQEndpointInterface] Protocol v4: Right hand joints set: [0.0000, 0.0000, 0.0000, 0.0000, 0.0000, 0.0000, 0.0000]
[ZMQEndpointInterface] Received ZMQ message - topic: 'pose', protocol_version: 4, num_fields: 4, total_size: 4 buffers
[ZMQEndpointInterface] *** Starting ZMQ processing ***
[ZMQEndpointInterface] Protocol version: 4
[ZMQEndpointInterface] Protocol v4: Received 64D token (latent action), tokens[0]=0.0100, frame_index: 941
[ZMQEndpointInterface] Protocol v4: Left hand joints set: [0.0000, 0.0000, 0.0014, 0.0000, 0.0000, 0.0000, 0.0000]
[ZMQEndpointInterface] Protocol v4: Right hand joints set: [0.0000, -0.0014, 0.0000, 0.0000, 0.0000, 0.0000, 0.0000]
[ZMQEndpointInterface] Received ZMQ message - topic: 'pose', protocol_version: 4, num_fields: 4, total_size: 4 buffers
[ZMQEndpointInterface] *** Starting ZMQ processing ***
[ZMQEndpointInterface] Protocol version: 4
[ZMQEndpointInterface] Protocol v4: Received 64D token (latent action), tokens[0]=0.0070, frame_index: 942
[ZMQEndpointInterface] Protocol v4: Left hand joints set: [0.0000, 0.0000, 0.0082, 0.0000, 0.0000, 0.0000, 0.0000]
[ZMQEndpointInterface] Protocol v4: Right hand joints set: [0.0000, 0.0000, 0.0000, 0.0000, 0.0000, 0.0000, 0.0000]
[ZMQEndpointInterface] Received ZMQ message - topic: 'pose', protocol_version: 4, num_fields: 4, total_size: 4 buffers
[ZMQEndpointInterface] *** Starting ZMQ processing ***
[ZMQEndpointInterface] Protocol version: 4
[ZMQEndpointInterface] Protocol v4: Received 64D token (latent action), tokens[0]=0.0032, frame_index: 943
[ZMQEndpointInterface] Protocol v4: Left hand joints set: [0.0000, 0.0000, 0.0000, 0.0000, 0.0000, 0.0000, -0.0059]
[ZMQEndpointInterface] Protocol v4: Right hand joints set: [0.0000, -0.0027, 0.0000, 0.0000, 0.0000, 0.0000, 0.0000]
[ZMQEndpointInterface] Received ZMQ message - topic: 'pose', protocol_version: 4, num_fields: 4, total_size: 4 buffers
[ZMQEndpointInterface] *** Starting ZMQ processing ***
[ZMQEndpointInterface] Protocol version: 4
[ZMQEndpointInterface] Protocol v4: Received 64D token (latent action), tokens[0]=0.0019, frame_index: 944
[ZMQEndpointInterface] Protocol v4: Left hand joints set: [0.0000, 0.0000, 0.0027, 0.0000, 0.0000, 0.0000, -0.0205]
[ZMQEndpointInterface] Protocol v4: Right hand joints set: [0.0000, -0.0014, 0.0000, 0.0000, 0.0000, 0.0000, 0.0000]
[ZMQEndpointInterface] Received ZMQ message - topic: 'pose', protocol_version: 4, num_fields: 4, total_size: 4 buffers
[ZMQEndpointInterface] *** Starting ZMQ processing ***
[ZMQEndpointInterface] Protocol version: 4
[ZMQEndpointInterface] Protocol v4: Received 64D token (latent action), tokens[0]=-0.0054, frame_index: 945
[ZMQEndpointInterface] Protocol v4: Left hand joints set: [0.0000, 0.0014, 0.0068, 0.0000, 0.0000, 0.0000, -0.0088]
[ZMQEndpointInterface] Protocol v4: Right hand joints set: [0.0000, -0.0055, 0.0000, 0.0000, 0.0029, 0.0000, 0.0000]
[ZMQEndpointInterface] Received ZMQ message - topic: 'pose', protocol_version: 4, num_fields: 4, total_size: 4 buffers
[ZMQEndpointInterface] *** Starting ZMQ processing ***
[ZMQEndpointInterface] Protocol version: 4
[ZMQEndpointInterface] Protocol v4: Received 64D token (latent action), tokens[0]=-0.0049, frame_index: 946
[ZMQEndpointInterface] Protocol v4: Left hand joints set: [0.0000, 0.0000, 0.0055, 0.0000, -0.0029, 0.0000, 0.0000]
[ZMQEndpointInterface] Protocol v4: Right hand joints set: [0.0000, -0.0082, 0.0000, 0.0000, 0.0000, 0.0000, 0.0000]
[ZMQEndpointInterface] Received ZMQ message - topic: 'pose', protocol_version: 4, num_fields: 4, total_size: 4 buffers
[ZMQEndpointInterface] *** Starting ZMQ processing ***
[ZMQEndpointInterface] Protocol version: 4
[ZMQEndpointInterface] Protocol v4: Received 64D token (latent action), tokens[0]=-0.0028, frame_index: 947
[ZMQEndpointInterface] Protocol v4: Left hand joints set: [0.0000, 0.0000, 0.0000, 0.0000, 0.0000, -0.0039, 0.0000]
[ZMQEndpointInterface] Protocol v4: Right hand joints set: [0.0000, 0.0000, 0.0000, 0.0000, 0.0000, 0.0000, 0.0000]
[Token Flow] Copied external tokens, tokens[0]=-0.0028
[ZMQEndpointInterface] Received ZMQ message - topic: 'pose', protocol_version: 4, num_fields: 4, total_size: 4 buffers
[ZMQEndpointInterface] *** Starting ZMQ processing ***
[ZMQEndpointInterface] Protocol version: 4
[ZMQEndpointInterface] Protocol v4: Received 64D token (latent action), tokens[0]=-0.0075, frame_index: 948
[ZMQEndpointInterface] Protocol v4: Left hand joints set: [0.0000, 0.0000, 0.0027, 0.0000, 0.0000, 0.0000, -0.0088]
[ZMQEndpointInterface] Protocol v4: Right hand joints set: [0.0000, -0.0027, 0.0000, 0.0000, 0.0059, 0.0000, 0.0000]
[ZMQEndpointInterface] Received ZMQ message - topic: 'pose', protocol_version: 4, num_fields: 4, total_size: 4 buffers
[ZMQEndpointInterface] *** Starting ZMQ processing ***
[ZMQEndpointInterface] Protocol version: 4
[ZMQEndpointInterface] Protocol v4: Received 64D token (latent action), tokens[0]=-0.0088, frame_index: 949
[ZMQEndpointInterface] Protocol v4: Left hand joints set: [0.0000, 0.0000, 0.0000, 0.0000, 0.0000, 0.0000, 0.0000]
[ZMQEndpointInterface] Protocol v4: Right hand joints set: [0.0000, -0.0082, 0.0000, 0.0000, 0.0000, 0.0020, 0.0000]
[ZMQEndpointInterface] Received ZMQ message - topic: 'pose', protocol_version: 4, num_fields: 4, total_size: 4 buffers
[ZMQEndpointInterface] *** Starting ZMQ processing ***
[ZMQEndpointInterface] Protocol version: 4
[ZMQEndpointInterface] Protocol v4: Received 64D token (latent action), tokens[0]=-0.0041, frame_index: 950
[ZMQEndpointInterface] Protocol v4: Left hand joints set: [0.0000, 0.0000, 0.0000, 0.0000, 0.0000, -0.0059, 0.0000]
[ZMQEndpointInterface] Protocol v4: Right hand joints set: [0.0000, -0.0096, 0.0000, 0.0000, 0.0117, 0.0000, 0.0000]
[ZMQEndpointInterface] Received ZMQ message - topic: 'pose', protocol_version: 4, num_fields: 4, total_size: 4 buffers
[ZMQEndpointInterface] *** Starting ZMQ processing ***
[ZMQEndpointInterface] Protocol version: 4
[ZMQEndpointInterface] Protocol v4: Received 64D token (latent action), tokens[0]=-0.0045, frame_index: 951
[ZMQEndpointInterface] Protocol v4: Left hand joints set: [0.0000, 0.0000, 0.0055, 0.0000, -0.0146, -0.0059, -0.0088]
[ZMQEndpointInterface] Protocol v4: Right hand joints set: [0.0000, 0.0000, 0.0000, 0.0000, 0.0000, 0.0000, 0.0000]
[ZMQEndpointInterface] Received ZMQ message - topic: 'pose', protocol_version: 4, num_fields: 4, total_size: 4 buffers
[ZMQEndpointInterface] *** Starting ZMQ processing ***
[ZMQEndpointInterface] Protocol version: 4
[ZMQEndpointInterface] Protocol v4: Received 64D token (latent action), tokens[0]=-0.0002, frame_index: 952
[ZMQEndpointInterface] Protocol v4: Left hand joints set: [0.0000, 0.0027, 0.0055, 0.0000, 0.0000, 0.0000, -0.0029]
[ZMQEndpointInterface] Protocol v4: Right hand joints set: [0.0000, 0.0000, 0.0000, 0.0020, 0.0000, 0.0000, 0.0000]
[ZMQEndpointInterface] Received ZMQ message - topic: 'pose', protocol_version: 4, num_fields: 4, total_size: 4 buffers
[ZMQEndpointInterface] *** Starting ZMQ processing ***
[ZMQEndpointInterface] Protocol version: 4
[ZMQEndpointInterface] Protocol v4: Received 64D token (latent action), tokens[0]=-0.0011, frame_index: 953
[ZMQEndpointInterface] Protocol v4: Left hand joints set: [0.0000, 0.0000, 0.0014, -0.0078, -0.0029, -0.0020, -0.0059]
[ZMQEndpointInterface] Protocol v4: Right hand joints set: [0.0000, 0.0000, 0.0000, 0.0000, 0.0000, 0.0000, 0.0000]
[ZMQEndpointInterface] Received ZMQ message - topic: 'pose', protocol_version: 4, num_fields: 4, total_size: 4 buffers
[ZMQEndpointInterface] *** Starting ZMQ processing ***
[ZMQEndpointInterface] Protocol version: 4
[ZMQEndpointInterface] Protocol v4: Received 64D token (latent action), tokens[0]=0.0040, frame_index: 954
[ZMQEndpointInterface] Protocol v4: Left hand joints set: [0.0000, 0.0000, 0.0000, 0.0000, 0.0000, 0.0000, 0.0000]
[ZMQEndpointInterface] Protocol v4: Right hand joints set: [0.0000, -0.0109, 0.0000, 0.0000, 0.0000, 0.0000, 0.0000]
[ZMQEndpointInterface] Received ZMQ message - topic: 'pose', protocol_version: 4, num_fields: 4, total_size: 4 buffers
[ZMQEndpointInterface] *** Starting ZMQ processing ***
[ZMQEndpointInterface] Protocol version: 4
[ZMQEndpointInterface] Protocol v4: Received 64D token (latent action), tokens[0]=0.0032, frame_index: 955
[ZMQEndpointInterface] Protocol v4: Left hand joints set: [0.0000, 0.0000, 0.0055, 0.0000, 0.0000, 0.0000, 0.0000]
[ZMQEndpointInterface] Protocol v4: Right hand joints set: [0.0000, -0.0068, 0.0000, 0.0000, 0.0088, 0.0000, 0.0000]
[ZMQEndpointInterface] Received ZMQ message - topic: 'pose', protocol_version: 4, num_fields: 4, total_size: 4 buffers
[ZMQEndpointInterface] *** Starting ZMQ processing ***
[ZMQEndpointInterface] Protocol version: 4
[ZMQEndpointInterface] Protocol v4: Received 64D token (latent action), tokens[0]=0.0335, frame_index: 956
[ZMQEndpointInterface] Protocol v4: Left hand joints set: [0.0000, 0.0027, 0.0068, -0.0098, -0.0176, 0.0000, -0.0117]
[ZMQEndpointInterface] Protocol v4: Right hand joints set: [0.0000, -0.0014, -0.0137, 0.0000, 0.0088, 0.0000, 0.0059]
[ZMQEndpointInterface] Received ZMQ message - topic: 'pose', protocol_version: 4, num_fields: 4, total_size: 4 buffers
[ZMQEndpointInterface] *** Starting ZMQ processing ***
[ZMQEndpointInterface] Protocol version: 4
[ZMQEndpointInterface] Protocol v4: Received 64D token (latent action), tokens[0]=0.0331, frame_index: 957
[ZMQEndpointInterface] Protocol v4: Left hand joints set: [0.0000, 0.0068, 0.0027, -0.0020, 0.0000, 0.0000, -0.0059]
[ZMQEndpointInterface] Protocol v4: Right hand joints set: [0.0000, -0.0027, -0.0137, 0.0039, 0.0146, 0.0059, 0.0146]
[ZMQEndpointInterface] Received ZMQ message - topic: 'pose', protocol_version: 4, num_fields: 4, total_size: 4 buffers
[ZMQEndpointInterface] *** Starting ZMQ processing ***
[ZMQEndpointInterface] Protocol version: 4
[ZMQEndpointInterface] Protocol v4: Received 64D token (latent action), tokens[0]=0.0318, frame_index: 958
[ZMQEndpointInterface] Protocol v4: Left hand joints set: [0.0000, 0.0109, 0.0055, -0.0078, -0.0088, -0.0020, -0.0146]
[ZMQEndpointInterface] Protocol v4: Right hand joints set: [0.0000, -0.0055, -0.0096, 0.0000, 0.0088, 0.0000, 0.0000]
[ZMQEndpointInterface] Received ZMQ message - topic: 'pose', protocol_version: 4, num_fields: 4, total_size: 4 buffers
[ZMQEndpointInterface] *** Starting ZMQ processing ***
[ZMQEndpointInterface] Protocol version: 4
[ZMQEndpointInterface] Protocol v4: Received 64D token (latent action), tokens[0]=0.0322, frame_index: 959
[ZMQEndpointInterface] Protocol v4: Left hand joints set: [0.0000, 0.0041, 0.0027, -0.0078, -0.0059, 0.0000, -0.0117]
[ZMQEndpointInterface] Protocol v4: Right hand joints set: [0.0000, -0.0055, -0.0068, 0.0000, 0.0029, 0.0000, 0.0000]
[ZMQEndpointInterface] Received ZMQ message - topic: 'pose', protocol_version: 4, num_fields: 4, total_size: 4 buffers
[ZMQEndpointInterface] *** Starting ZMQ processing ***
[ZMQEndpointInterface] Protocol version: 4
[ZMQEndpointInterface] Protocol v4: Received 64D token (latent action), tokens[0]=0.0339, frame_index: 960
[ZMQEndpointInterface] Protocol v4: Left hand joints set: [0.0000, 0.0082, 0.0027, -0.0078, -0.0059, 0.0000, -0.0088]
[ZMQEndpointInterface] Protocol v4: Right hand joints set: [0.0000, -0.0041, -0.0137, 0.0000, 0.0059, 0.0000, 0.0059]
[ZMQEndpointInterface] Received ZMQ message - topic: 'pose', protocol_version: 4, num_fields: 4, total_size: 4 buffers
[ZMQEndpointInterface] *** Starting ZMQ processing ***
[ZMQEndpointInterface] Protocol version: 4
[ZMQEndpointInterface] Protocol v4: Received 64D token (latent action), tokens[0]=0.0288, frame_index: 961
[ZMQEndpointInterface] Protocol v4: Left hand joints set: [0.0000, 0.0041, 0.0027, -0.0078, 0.0000, 0.0000, -0.0059]
[ZMQEndpointInterface] Protocol v4: Right hand joints set: [0.0000, -0.0055, -0.0082, 0.0039, 0.0000, 0.0000, 0.0000]
[ZMQEndpointInterface] Received ZMQ message - topic: 'pose', protocol_version: 4, num_fields: 4, total_size: 4 buffers
[ZMQEndpointInterface] *** Starting ZMQ processing ***
[ZMQEndpointInterface] Protocol version: 4
[ZMQEndpointInterface] Protocol v4: Received 64D token (latent action), tokens[0]=0.0305, frame_index: 962
[ZMQEndpointInterface] Protocol v4: Left hand joints set: [0.0000, 0.0068, 0.0000, -0.0098, 0.0000, 0.0000, -0.0088]
[ZMQEndpointInterface] Protocol v4: Right hand joints set: [0.0000, -0.0027, -0.0082, 0.0000, 0.0059, 0.0000, 0.0000]
Loop timing - LowState age: 2.4510ms, Streaming data mean delay: 8.9193ms, Streaming data std delay: 5.6184ms, IMU age: 2.4390ms, Obs: 69us, Policy: 610us, Obs 2 Motor Command: 680us, Post processing: 23us | HandCloseRatio: 1.0000
[ZMQEndpointInterface] Received ZMQ message - topic: 'pose', protocol_version: 4, num_fields: 4, total_size: 4 buffers
[ZMQEndpointInterface] *** Starting ZMQ processing ***
[ZMQEndpointInterface] Protocol version: 4
[ZMQEndpointInterface] Protocol v4: Received 64D token (latent action), tokens[0]=0.0297, frame_index: 963
[ZMQEndpointInterface] Protocol v4: Left hand joints set: [0.0000, 0.0027, 0.0014, 0.0000, 0.0000, 0.0000, -0.0029]
[ZMQEndpointInterface] Protocol v4: Right hand joints set: [0.0000, -0.0082, -0.0068, 0.0020, 0.0059, 0.0078, 0.0000]
[ZMQEndpointInterface] Received ZMQ message - topic: 'pose', protocol_version: 4, num_fields: 4, total_size: 4 buffers
[ZMQEndpointInterface] *** Starting ZMQ processing ***
[ZMQEndpointInterface] Protocol version: 4
[ZMQEndpointInterface] Protocol v4: Received 64D token (latent action), tokens[0]=0.0292, frame_index: 964
[ZMQEndpointInterface] Protocol v4: Left hand joints set: [0.0000, 0.0055, 0.0055, -0.0059, -0.0088, -0.0039, -0.0146]
[ZMQEndpointInterface] Protocol v4: Right hand joints set: [0.0000, -0.0027, -0.0137, 0.0000, 0.0088, 0.0039, 0.0000]
[ZMQEndpointInterface] Received ZMQ message - topic: 'pose', protocol_version: 4, num_fields: 4, total_size: 4 buffers
[ZMQEndpointInterface] *** Starting ZMQ processing ***
[ZMQEndpointInterface] Protocol version: 4
[ZMQEndpointInterface] Protocol v4: Received 64D token (latent action), tokens[0]=0.0280, frame_index: 965
[ZMQEndpointInterface] Protocol v4: Left hand joints set: [0.0000, 0.0014, 0.0000, -0.0039, 0.0000, 0.0000, -0.0059]
[ZMQEndpointInterface] Protocol v4: Right hand joints set: [0.0000, -0.0041, -0.0096, 0.0000, 0.0000, 0.0078, 0.0000]
[ZMQEndpointInterface] Received ZMQ message - topic: 'pose', protocol_version: 4, num_fields: 4, total_size: 4 buffers
[ZMQEndpointInterface] *** Starting ZMQ processing ***
[ZMQEndpointInterface] Protocol version: 4
[ZMQEndpointInterface] Protocol v4: Received 64D token (latent action), tokens[0]=0.0301, frame_index: 966
[ZMQEndpointInterface] Protocol v4: Left hand joints set: [0.0000, 0.0082, 0.0068, -0.0117, 0.0000, -0.0039, -0.0059]
[ZMQEndpointInterface] Protocol v4: Right hand joints set: [0.0000, -0.0027, -0.0082, 0.0000, 0.0059, 0.0078, 0.0000]
[ZMQEndpointInterface] Received ZMQ message - topic: 'pose', protocol_version: 4, num_fields: 4, total_size: 4 buffers
[ZMQEndpointInterface] *** Starting ZMQ processing ***
[ZMQEndpointInterface] Protocol version: 4
[ZMQEndpointInterface] Protocol v4: Received 64D token (latent action), tokens[0]=0.0309, frame_index: 967
[ZMQEndpointInterface] Protocol v4: Left hand joints set: [0.0000, 0.0041, 0.0027, -0.0020, 0.0000, -0.0020, 0.0000]
[ZMQEndpointInterface] Protocol v4: Right hand joints set: [0.0000, -0.0041, -0.0096, 0.0000, 0.0000, 0.0078, 0.0029]
[ZMQEndpointInterface] Received ZMQ message - topic: 'pose', protocol_version: 4, num_fields: 4, total_size: 4 buffers
[ZMQEndpointInterface] *** Starting ZMQ processing ***
[ZMQEndpointInterface] Protocol version: 4
[ZMQEndpointInterface] Protocol v4: Received 64D token (latent action), tokens[0]=0.0309, frame_index: 968
[ZMQEndpointInterface] Protocol v4: Left hand joints set: [0.0000, 0.0096, 0.0055, -0.0117, -0.0029, -0.0020, 0.0000]
[ZMQEndpointInterface] Protocol v4: Right hand joints set: [0.0000, -0.0123, -0.0137, 0.0000, 0.0029, 0.0000, 0.0000]
[ZMQEndpointInterface] Received ZMQ message - topic: 'pose', protocol_version: 4, num_fields: 4, total_size: 4 buffers
[ZMQEndpointInterface] *** Starting ZMQ processing ***
[ZMQEndpointInterface] Protocol version: 4
[ZMQEndpointInterface] Protocol v4: Received 64D token (latent action), tokens[0]=0.0262, frame_index: 969
[ZMQEndpointInterface] Protocol v4: Left hand joints set: [0.0000, 0.0000, 0.0096, -0.0059, 0.0000, -0.0020, -0.0088]
[ZMQEndpointInterface] Protocol v4: Right hand joints set: [0.0000, -0.0055, -0.0068, 0.0059, 0.0088, 0.0039, 0.0000]
[ZMQEndpointInterface] Received ZMQ message - topic: 'pose', protocol_version: 4, num_fields: 4, total_size: 4 buffers
[ZMQEndpointInterface] *** Starting ZMQ processing ***
[ZMQEndpointInterface] Protocol version: 4
[ZMQEndpointInterface] Protocol v4: Received 64D token (latent action), tokens[0]=0.0331, frame_index: 970
[ZMQEndpointInterface] Protocol v4: Left hand joints set: [0.0000, 0.0068, 0.0000, -0.0039, 0.0000, -0.0039, 0.0000]
[ZMQEndpointInterface] Protocol v4: Right hand joints set: [0.0000, -0.0096, -0.0082, 0.0000, 0.0117, 0.0137, 0.0000]
[ZMQEndpointInterface] Received ZMQ message - topic: 'pose', protocol_version: 4, num_fields: 4, total_size: 4 buffers
[ZMQEndpointInterface] *** Starting ZMQ processing ***
[ZMQEndpointInterface] Protocol version: 4
[ZMQEndpointInterface] Protocol v4: Received 64D token (latent action), tokens[0]=0.0318, frame_index: 971
[ZMQEndpointInterface] Protocol v4: Left hand joints set: [0.0000, 0.0041, 0.0000, -0.0098, 0.0000, 0.0000, 0.0000]
[ZMQEndpointInterface] Protocol v4: Right hand joints set: [0.0000, -0.0041, -0.0109, 0.0000, 0.0059, 0.0078, 0.0000]
[ZMQEndpointInterface] Received ZMQ message - topic: 'pose', protocol_version: 4, num_fields: 4, total_size: 4 buffers
[ZMQEndpointInterface] *** Starting ZMQ processing ***
[ZMQEndpointInterface] Protocol version: 4
[ZMQEndpointInterface] Protocol v4: Received 64D token (latent action), tokens[0]=0.0292, frame_index: 972
[ZMQEndpointInterface] Protocol v4: Left hand joints set: [0.0000, 0.0082, 0.0082, -0.0020, -0.0088, -0.0039, 0.0000]
[ZMQEndpointInterface] Protocol v4: Right hand joints set: [0.0000, 0.0000, -0.0027, 0.0000, 0.0117, 0.0000, 0.0059]
[ZMQEndpointInterface] Received ZMQ message - topic: 'pose', protocol_version: 4, num_fields: 4, total_size: 4 buffers
[ZMQEndpointInterface] *** Starting ZMQ processing ***
[ZMQEndpointInterface] Protocol version: 4
[ZMQEndpointInterface] Protocol v4: Received 64D token (latent action), tokens[0]=0.0271, frame_index: 973
[ZMQEndpointInterface] Protocol v4: Left hand joints set: [0.0000, 0.0068, 0.0014, 0.0000, 0.0000, -0.0020, 0.0000]
[ZMQEndpointInterface] Protocol v4: Right hand joints set: [0.0000, -0.0082, -0.0082, 0.0000, 0.0000, 0.0078, 0.0000]
[ZMQEndpointInterface] Received ZMQ message - topic: 'pose', protocol_version: 4, num_fields: 4, total_size: 4 buffers
[ZMQEndpointInterface] *** Starting ZMQ processing ***
[ZMQEndpointInterface] Protocol version: 4
[ZMQEndpointInterface] Protocol v4: Received 64D token (latent action), tokens[0]=0.0288, frame_index: 974
[ZMQEndpointInterface] Protocol v4: Left hand joints set: [0.0000, 0.0068, 0.0000, -0.0117, -0.0029, -0.0039, -0.0088]
[ZMQEndpointInterface] Protocol v4: Right hand joints set: [0.0000, 0.0000, -0.0055, 0.0000, 0.0088, 0.0039, 0.0000]
[ZMQEndpointInterface] Received ZMQ message - topic: 'pose', protocol_version: 4, num_fields: 4, total_size: 4 buffers
[ZMQEndpointInterface] *** Starting ZMQ processing ***
[ZMQEndpointInterface] Protocol version: 4
[ZMQEndpointInterface] Protocol v4: Received 64D token (latent action), tokens[0]=0.0275, frame_index: 975
[ZMQEndpointInterface] Protocol v4: Left hand joints set: [0.0000, 0.0109, 0.0027, -0.0078, -0.0029, -0.0059, -0.0176]
[ZMQEndpointInterface] Protocol v4: Right hand joints set: [0.0000, -0.0027, -0.0055, 0.0000, 0.0000, 0.0039, 0.0000]
[ZMQEndpointInterface] Received ZMQ message - topic: 'pose', protocol_version: 4, num_fields: 4, total_size: 4 buffers
[ZMQEndpointInterface] *** Starting ZMQ processing ***
[ZMQEndpointInterface] Protocol version: 4
[ZMQEndpointInterface] Protocol v4: Received 64D token (latent action), tokens[0]=0.0250, frame_index: 976
[ZMQEndpointInterface] Protocol v4: Left hand joints set: [0.0000, 0.0041, 0.0000, 0.0000, -0.0117, -0.0059, -0.0059]
[ZMQEndpointInterface] Protocol v4: Right hand joints set: [0.0000, 0.0000, -0.0109, 0.0000, 0.0176, 0.0039, 0.0000]
[ZMQEndpointInterface] Received ZMQ message - topic: 'pose', protocol_version: 4, num_fields: 4, total_size: 4 buffers
[ZMQEndpointInterface] *** Starting ZMQ processing ***
[ZMQEndpointInterface] Protocol version: 4
[ZMQEndpointInterface] Protocol v4: Received 64D token (latent action), tokens[0]=0.0258, frame_index: 977
[ZMQEndpointInterface] Protocol v4: Left hand joints set: [0.0000, 0.0082, 0.0055, -0.0078, -0.0029, 0.0000, 0.0000]
[ZMQEndpointInterface] Protocol v4: Right hand joints set: [0.0000, -0.0027, -0.0082, 0.0000, 0.0088, 0.0039, 0.0000]
[ZMQEndpointInterface] Received ZMQ message - topic: 'pose', protocol_version: 4, num_fields: 4, total_size: 4 buffers
[ZMQEndpointInterface] *** Starting ZMQ processing ***
[ZMQEndpointInterface] Protocol version: 4
[ZMQEndpointInterface] Protocol v4: Received 64D token (latent action), tokens[0]=0.0215, frame_index: 978
[ZMQEndpointInterface] Protocol v4: Left hand joints set: [0.0000, 0.0123, 0.0055, -0.0039, 0.0000, -0.0078, -0.0059]
[ZMQEndpointInterface] Protocol v4: Right hand joints set: [0.0000, -0.0027, -0.0068, 0.0000, 0.0146, 0.0137, 0.0000]
[ZMQEndpointInterface] Received ZMQ message - topic: 'pose', protocol_version: 4, num_fields: 4, total_size: 4 buffers
[ZMQEndpointInterface] *** Starting ZMQ processing ***
[ZMQEndpointInterface] Protocol version: 4
[ZMQEndpointInterface] Protocol v4: Received 64D token (latent action), tokens[0]=0.0215, frame_index: 979
[ZMQEndpointInterface] Protocol v4: Left hand joints set: [0.0000, 0.0082, 0.0041, -0.0098, -0.0029, -0.0020, -0.0117]
[ZMQEndpointInterface] Protocol v4: Right hand joints set: [0.0000, -0.0082, -0.0027, 0.0020, 0.0176, 0.0039, 0.0000]
[ZMQEndpointInterface] Received ZMQ message - topic: 'pose', protocol_version: 4, num_fields: 4, total_size: 4 buffers
[ZMQEndpointInterface] *** Starting ZMQ processing ***
[ZMQEndpointInterface] Protocol version: 4
[ZMQEndpointInterface] Protocol v4: Received 64D token (latent action), tokens[0]=0.0173, frame_index: 980
[ZMQEndpointInterface] Protocol v4: Left hand joints set: [0.0000, 0.0068, 0.0041, -0.0039, 0.0000, 0.0000, 0.0000]
[ZMQEndpointInterface] Protocol v4: Right hand joints set: [0.0000, -0.0027, -0.0027, 0.0000, 0.0117, 0.0098, 0.0029]
[ZMQEndpointInterface] Received ZMQ message - topic: 'pose', protocol_version: 4, num_fields: 4, total_size: 4 buffers
[ZMQEndpointInterface] *** Starting ZMQ processing ***
[ZMQEndpointInterface] Protocol version: 4
[ZMQEndpointInterface] Protocol v4: Received 64D token (latent action), tokens[0]=0.0194, frame_index: 981
[ZMQEndpointInterface] Protocol v4: Left hand joints set: [0.0000, 0.0082, 0.0082, -0.0156, 0.0000, 0.0000, -0.0117]
[ZMQEndpointInterface] Protocol v4: Right hand joints set: [0.0000, -0.0041, -0.0055, 0.0039, 0.0117, 0.0000, 0.0029]
[ZMQEndpointInterface] Received ZMQ message - topic: 'pose', protocol_version: 4, num_fields: 4, total_size: 4 buffers
[ZMQEndpointInterface] *** Starting ZMQ processing ***
[ZMQEndpointInterface] Protocol version: 4
[ZMQEndpointInterface] Protocol v4: Received 64D token (latent action), tokens[0]=0.0151, frame_index: 982
[ZMQEndpointInterface] Protocol v4: Left hand joints set: [0.0000, 0.0109, 0.0014, -0.0078, 0.0000, -0.0039, -0.0117]
[ZMQEndpointInterface] Protocol v4: Right hand joints set: [0.0000, -0.0014, -0.0055, 0.0000, 0.0000, 0.0000, 0.0088]
[ZMQEndpointInterface] Received ZMQ message - topic: 'pose', protocol_version: 4, num_fields: 4, total_size: 4 buffers
[ZMQEndpointInterface] *** Starting ZMQ processing ***
[ZMQEndpointInterface] Protocol version: 4
[ZMQEndpointInterface] Protocol v4: Received 64D token (latent action), tokens[0]=0.0485, frame_index: 983
[ZMQEndpointInterface] Protocol v4: Left hand joints set: [0.0000, 0.0000, 0.0000, 0.0000, 0.0000, 0.0000, 0.0000]
[ZMQEndpointInterface] Protocol v4: Right hand joints set: [0.0000, 0.0000, 0.0000, 0.0000, 0.0000, 0.0000, 0.0000]
[ZMQEndpointInterface] Received ZMQ message - topic: 'pose', protocol_version: 4, num_fields: 4, total_size: 4 buffers
[ZMQEndpointInterface] *** Starting ZMQ processing ***
[ZMQEndpointInterface] Protocol version: 4
[ZMQEndpointInterface] Protocol v4: Received 64D token (latent action), tokens[0]=0.0463, frame_index: 984
[ZMQEndpointInterface] Protocol v4: Left hand joints set: [0.0000, 0.0014, 0.0000, 0.0000, 0.0000, 0.0000, 0.0000]
[ZMQEndpointInterface] Protocol v4: Right hand joints set: [0.0000, -0.0014, -0.0014, 0.0000, 0.0088, 0.0000, 0.0000]
[ZMQEndpointInterface] Received ZMQ message - topic: 'pose', protocol_version: 4, num_fields: 4, total_size: 4 buffers
[ZMQEndpointInterface] *** Starting ZMQ processing ***
[ZMQEndpointInterface] Protocol version: 4
[ZMQEndpointInterface] Protocol v4: Received 64D token (latent action), tokens[0]=0.0468, frame_index: 985
[ZMQEndpointInterface] Protocol v4: Left hand joints set: [0.0000, 0.0027, 0.0014, 0.0000, 0.0000, 0.0000, -0.0029]
[ZMQEndpointInterface] Protocol v4: Right hand joints set: [0.0000, 0.0000, 0.0000, 0.0000, 0.0000, 0.0000, 0.0000]
[ZMQEndpointInterface] Received ZMQ message - topic: 'pose', protocol_version: 4, num_fields: 4, total_size: 4 buffers
[ZMQEndpointInterface] *** Starting ZMQ processing ***
[ZMQEndpointInterface] Protocol version: 4
[ZMQEndpointInterface] Protocol v4: Received 64D token (latent action), tokens[0]=0.0493, frame_index: 986
[ZMQEndpointInterface] Protocol v4: Left hand joints set: [0.0000, 0.0000, 0.0000, 0.0000, 0.0000, 0.0000, 0.0000]
[ZMQEndpointInterface] Protocol v4: Right hand joints set: [0.0000, 0.0000, 0.0000, 0.0000, 0.0000, 0.0000, 0.0000]
[ZMQEndpointInterface] Received ZMQ message - topic: 'pose', protocol_version: 4, num_fields: 4, total_size: 4 buffers
[ZMQEndpointInterface] *** Starting ZMQ processing ***
[ZMQEndpointInterface] Protocol version: 4
[ZMQEndpointInterface] Protocol v4: Received 64D token (latent action), tokens[0]=0.0463, frame_index: 987
[ZMQEndpointInterface] Protocol v4: Left hand joints set: [0.0000, 0.0000, 0.0000, 0.0000, 0.0000, 0.0000, 0.0000]
[ZMQEndpointInterface] Protocol v4: Right hand joints set: [0.0000, 0.0000, -0.0055, 0.0000, 0.0000, 0.0000, 0.0000]
[ZMQEndpointInterface] Received ZMQ message - topic: 'pose', protocol_version: 4, num_fields: 4, total_size: 4 buffers
[ZMQEndpointInterface] *** Starting ZMQ processing ***
[ZMQEndpointInterface] Protocol version: 4
[ZMQEndpointInterface] Protocol v4: Received 64D token (latent action), tokens[0]=0.0450, frame_index: 988
[ZMQEndpointInterface] Protocol v4: Left hand joints set: [0.0000, 0.0000, 0.0000, 0.0000, 0.0000, 0.0000, 0.0000]
[ZMQEndpointInterface] Protocol v4: Right hand joints set: [0.0000, 0.0000, 0.0000, 0.0000, 0.0000, 0.0000, 0.0000]
Temporary motion completed.
Reset to frame 0.
[ZMQEndpointInterface] Received ZMQ message - topic: 'pose', protocol_version: 4, num_fields: 4, total_size: 4 buffers
[ZMQEndpointInterface] *** Starting ZMQ processing ***
[ZMQEndpointInterface] Protocol version: 4
[ZMQEndpointInterface] Protocol v4: Received 64D token (latent action), tokens[0]=0.0450, frame_index: 989
[ZMQEndpointInterface] Protocol v4: Left hand joints set: [0.0000, 0.0014, 0.0000, 0.0000, 0.0000, 0.0000, 0.0000]
[ZMQEndpointInterface] Protocol v4: Right hand joints set: [0.0000, 0.0000, -0.0027, 0.0000, 0.0000, 0.0000, 0.0000]
Reset heading state to 0.9984, -0.0009, -0.0456, -0.0324
Reset delta heading to 0
Reset init reference data root rotation to current frame: 0.9997, -0.0016, -0.0223, -0.0045
**********************************************************
Reference motion name: temporary_motion
**********************************************************
[ZMQEndpointInterface] Received ZMQ message - topic: 'pose', protocol_version: 4, num_fields: 4, total_size: 4 buffers
[ZMQEndpointInterface] *** Starting ZMQ processing ***
[ZMQEndpointInterface] Protocol version: 4
[ZMQEndpointInterface] Protocol v4: Received 64D token (latent action), tokens[0]=0.0500, frame_index: 990
[ZMQEndpointInterface] Protocol v4: Left hand joints set: [0.0000, 0.0014, 0.0014, 0.0000, 0.0000, 0.0000, 0.0000]
[ZMQEndpointInterface] Protocol v4: Right hand joints set: [0.0000, 0.0000, 0.0000, 0.0000, 0.0000, 0.0000, 0.0000]
[ZMQEndpointInterface] Received ZMQ message - topic: 'pose', protocol_version: 4, num_fields: 4, total_size: 4 buffers
[ZMQEndpointInterface] *** Starting ZMQ processing ***
[ZMQEndpointInterface] Protocol version: 4
[ZMQEndpointInterface] Protocol v4: Received 64D token (latent action), tokens[0]=0.0485, frame_index: 991
[ZMQEndpointInterface] Protocol v4: Left hand joints set: [0.0000, 0.0000, 0.0000, 0.0000, 0.0000, 0.0000, 0.0000]
[ZMQEndpointInterface] Protocol v4: Right hand joints set: [0.0000, 0.0000, 0.0000, 0.0000, 0.0000, 0.0000, 0.0000]
[ZMQEndpointInterface] Received ZMQ message - topic: 'pose', protocol_version: 4, num_fields: 4, total_size: 4 buffers
[ZMQEndpointInterface] *** Starting ZMQ processing ***
[ZMQEndpointInterface] Protocol version: 4
[ZMQEndpointInterface] Protocol v4: Received 64D token (latent action), tokens[0]=0.0476, frame_index: 992
[ZMQEndpointInterface] Protocol v4: Left hand joints set: [0.0000, 0.0000, 0.0000, 0.0000, 0.0000, 0.0000, 0.0000]
[ZMQEndpointInterface] Protocol v4: Right hand joints set: [0.0000, 0.0000, 0.0000, 0.0000, 0.0000, 0.0000, 0.0000]
[ZMQEndpointInterface] Received ZMQ message - topic: 'pose', protocol_version: 4, num_fields: 4, total_size: 4 buffers
[ZMQEndpointInterface] *** Starting ZMQ processing ***
[ZMQEndpointInterface] Protocol version: 4
[ZMQEndpointInterface] Protocol v4: Received 64D token (latent action), tokens[0]=0.0532, frame_index: 993
[ZMQEndpointInterface] Protocol v4: Left hand joints set: [0.0000, 0.0014, 0.0000, 0.0000, 0.0000, 0.0000, 0.0000]
[ZMQEndpointInterface] Protocol v4: Right hand joints set: [0.0000, -0.0014, 0.0000, 0.0000, 0.0059, 0.0000, 0.0000]
[ZMQEndpointInterface] Received ZMQ message - topic: 'pose', protocol_version: 4, num_fields: 4, total_size: 4 buffers
[ZMQEndpointInterface] *** Starting ZMQ processing ***
[ZMQEndpointInterface] Protocol version: 4
[ZMQEndpointInterface] Protocol v4: Received 64D token (latent action), tokens[0]=0.0500, frame_index: 994
[ZMQEndpointInterface] Protocol v4: Left hand joints set: [0.0000, 0.0041, 0.0000, 0.0000, 0.0000, 0.0000, 0.0000]
[ZMQEndpointInterface] Protocol v4: Right hand joints set: [0.0000, 0.0000, 0.0000, 0.0000, 0.0000, 0.0000, 0.0000]
[ZMQEndpointInterface] Received ZMQ message - topic: 'pose', protocol_version: 4, num_fields: 4, total_size: 4 buffers
[ZMQEndpointInterface] *** Starting ZMQ processing ***
[ZMQEndpointInterface] Protocol version: 4
[ZMQEndpointInterface] Protocol v4: Received 64D token (latent action), tokens[0]=0.0506, frame_index: 995
[ZMQEndpointInterface] Protocol v4: Left hand joints set: [0.0000, 0.0055, 0.0000, 0.0000, 0.0000, 0.0000, 0.0000]
[ZMQEndpointInterface] Protocol v4: Right hand joints set: [0.0000, 0.0000, 0.0000, 0.0000, 0.0000, 0.0000, 0.0000]
[ZMQEndpointInterface] Received ZMQ message - topic: 'pose', protocol_version: 4, num_fields: 4, total_size: 4 buffers
[ZMQEndpointInterface] *** Starting ZMQ processing ***
[ZMQEndpointInterface] Protocol version: 4
[ZMQEndpointInterface] Protocol v4: Received 64D token (latent action), tokens[0]=0.0489, frame_index: 996
[ZMQEndpointInterface] Protocol v4: Left hand joints set: [0.0000, 0.0041, 0.0014, 0.0000, 0.0000, 0.0000, 0.0000]
[ZMQEndpointInterface] Protocol v4: Right hand joints set: [0.0000, 0.0000, 0.0000, 0.0039, 0.0000, 0.0000, 0.0000]
[Token Flow] Copied external tokens, tokens[0]=0.0489
[ZMQEndpointInterface] Received ZMQ message - topic: 'pose', protocol_version: 4, num_fields: 4, total_size: 4 buffers
[ZMQEndpointInterface] *** Starting ZMQ processing ***
[ZMQEndpointInterface] Protocol version: 4
[ZMQEndpointInterface] Protocol v4: Received 64D token (latent action), tokens[0]=0.0459, frame_index: 997
[ZMQEndpointInterface] Protocol v4: Left hand joints set: [0.0000, 0.0014, 0.0000, 0.0000, 0.0000, 0.0000, 0.0000]
[ZMQEndpointInterface] Protocol v4: Right hand joints set: [0.0000, 0.0000, 0.0000, 0.0000, 0.0000, 0.0000, 0.0000]
[ZMQEndpointInterface] Received ZMQ message - topic: 'pose', protocol_version: 4, num_fields: 4, total_size: 4 buffers
[ZMQEndpointInterface] *** Starting ZMQ processing ***
[ZMQEndpointInterface] Protocol version: 4
[ZMQEndpointInterface] Protocol v4: Received 64D token (latent action), tokens[0]=0.0429, frame_index: 998
[ZMQEndpointInterface] Protocol v4: Left hand joints set: [0.0000, 0.0000, 0.0000, 0.0000, 0.0000, 0.0000, 0.0000]
[ZMQEndpointInterface] Protocol v4: Right hand joints set: [0.0000, -0.0055, -0.0041, 0.0000, 0.0000, 0.0000, 0.0000]
[ZMQEndpointInterface] Received ZMQ message - topic: 'pose', protocol_version: 4, num_fields: 4, total_size: 4 buffers
[ZMQEndpointInterface] *** Starting ZMQ processing ***
[ZMQEndpointInterface] Protocol version: 4
[ZMQEndpointInterface] Protocol v4: Received 64D token (latent action), tokens[0]=0.0472, frame_index: 999
[ZMQEndpointInterface] Protocol v4: Left hand joints set: [0.0000, 0.0027, 0.0014, 0.0000, 0.0000, 0.0000, -0.0029]
[ZMQEndpointInterface] Protocol v4: Right hand joints set: [0.0000, -0.0027, 0.0000, 0.0000, 0.0000, 0.0000, 0.0000]
[ZMQEndpointInterface] Received ZMQ message - topic: 'pose', protocol_version: 4, num_fields: 4, total_size: 4 buffers
[ZMQEndpointInterface] *** Starting ZMQ processing ***
[ZMQEndpointInterface] Protocol version: 4
[ZMQEndpointInterface] Protocol v4: Received 64D token (latent action), tokens[0]=0.0446, frame_index: 1000
[ZMQEndpointInterface] Protocol v4: Left hand joints set: [0.0000, 0.0000, 0.0000, 0.0000, 0.0000, 0.0000, 0.0000]
[ZMQEndpointInterface] Protocol v4: Right hand joints set: [0.0000, -0.0014, 0.0000, 0.0000, 0.0000, 0.0000, 0.0000]
[ZMQEndpointInterface] Received ZMQ message - topic: 'pose', protocol_version: 4, num_fields: 4, total_size: 4 buffers
[ZMQEndpointInterface] *** Starting ZMQ processing ***
[ZMQEndpointInterface] Protocol version: 4
[ZMQEndpointInterface] Protocol v4: Received 64D token (latent action), tokens[0]=0.0450, frame_index: 1001
[ZMQEndpointInterface] Protocol v4: Left hand joints set: [0.0000, 0.0027, 0.0000, 0.0000, 0.0000, 0.0000, -0.0117]
[ZMQEndpointInterface] Protocol v4: Right hand joints set: [0.0000, 0.0000, 0.0000, 0.0000, 0.0000, 0.0000, 0.0000]
[ZMQEndpointInterface] Received ZMQ message - topic: 'pose', protocol_version: 4, num_fields: 4, total_size: 4 buffers
[ZMQEndpointInterface] *** Starting ZMQ processing ***
[ZMQEndpointInterface] Protocol version: 4
[ZMQEndpointInterface] Protocol v4: Received 64D token (latent action), tokens[0]=0.0421, frame_index: 1002
[ZMQEndpointInterface] Protocol v4: Left hand joints set: [0.0000, 0.0027, 0.0000, -0.0020, 0.0000, -0.0039, 0.0000]
[ZMQEndpointInterface] Protocol v4: Right hand joints set: [0.0000, 0.0000, 0.0000, 0.0000, 0.0000, 0.0000, 0.0000]
[ZMQEndpointInterface] Received ZMQ message - topic: 'pose', protocol_version: 4, num_fields: 4, total_size: 4 buffers
[ZMQEndpointInterface] *** Starting ZMQ processing ***
[ZMQEndpointInterface] Protocol version: 4
[ZMQEndpointInterface] Protocol v4: Received 64D token (latent action), tokens[0]=0.0421, frame_index: 1003
[ZMQEndpointInterface] Protocol v4: Left hand joints set: [0.0000, 0.0041, 0.0014, 0.0000, 0.0000, 0.0000, 0.0000]
[ZMQEndpointInterface] Protocol v4: Right hand joints set: [0.0000, -0.0041, 0.0000, 0.0000, 0.0000, 0.0020, 0.0000]
[ZMQEndpointInterface] Received ZMQ message - topic: 'pose', protocol_version: 4, num_fields: 4, total_size: 4 buffers
[ZMQEndpointInterface] *** Starting ZMQ processing ***
[ZMQEndpointInterface] Protocol version: 4
[ZMQEndpointInterface] Protocol v4: Received 64D token (latent action), tokens[0]=0.0425, frame_index: 1004
[ZMQEndpointInterface] Protocol v4: Left hand joints set: [0.0000, 0.0027, 0.0027, 0.0000, 0.0000, 0.0000, -0.0059]
[ZMQEndpointInterface] Protocol v4: Right hand joints set: [0.0000, -0.0041, -0.0027, 0.0000, 0.0000, 0.0000, 0.0059]
[ZMQEndpointInterface] Received ZMQ message - topic: 'pose', protocol_version: 4, num_fields: 4, total_size: 4 buffers
[ZMQEndpointInterface] *** Starting ZMQ processing ***
[ZMQEndpointInterface] Protocol version: 4
[ZMQEndpointInterface] Protocol v4: Received 64D token (latent action), tokens[0]=0.0399, frame_index: 1005
[ZMQEndpointInterface] Protocol v4: Left hand joints set: [0.0000, 0.0000, 0.0000, 0.0000, 0.0000, 0.0000, 0.0000]
[ZMQEndpointInterface] Protocol v4: Right hand joints set: [0.0000, 0.0000, 0.0000, 0.0000, 0.0000, 0.0000, 0.0000]
[ZMQEndpointInterface] Received ZMQ message - topic: 'pose', protocol_version: 4, num_fields: 4, total_size: 4 buffers
[ZMQEndpointInterface] *** Starting ZMQ processing ***
[ZMQEndpointInterface] Protocol version: 4
[ZMQEndpointInterface] Protocol v4: Received 64D token (latent action), tokens[0]=0.0446, frame_index: 1006
[ZMQEndpointInterface] Protocol v4: Left hand joints set: [0.0000, 0.0000, 0.0014, 0.0000, 0.0000, 0.0000, 0.0000]
[ZMQEndpointInterface] Protocol v4: Right hand joints set: [0.0000, -0.0014, 0.0000, 0.0000, 0.0000, 0.0000, 0.0000]
[ZMQEndpointInterface] Received ZMQ message - topic: 'pose', protocol_version: 4, num_fields: 4, total_size: 4 buffers
[ZMQEndpointInterface] *** Starting ZMQ processing ***
[ZMQEndpointInterface] Protocol version: 4
[ZMQEndpointInterface] Protocol v4: Received 64D token (latent action), tokens[0]=0.0416, frame_index: 1007
[ZMQEndpointInterface] Protocol v4: Left hand joints set: [0.0000, 0.0041, 0.0014, 0.0000, 0.0000, 0.0000, 0.0000]
[ZMQEndpointInterface] Protocol v4: Right hand joints set: [0.0000, -0.0041, 0.0000, 0.0000, 0.0000, 0.0000, 0.0000]
[ZMQEndpointInterface] Received ZMQ message - topic: 'pose', protocol_version: 4, num_fields: 4, total_size: 4 buffers
[ZMQEndpointInterface] *** Starting ZMQ processing ***
[ZMQEndpointInterface] Protocol version: 4
[ZMQEndpointInterface] Protocol v4: Received 64D token (latent action), tokens[0]=0.0416, frame_index: 1008
[ZMQEndpointInterface] Protocol v4: Left hand joints set: [0.0000, 0.0027, 0.0000, 0.0000, 0.0000, 0.0000, 0.0000]
[ZMQEndpointInterface] Protocol v4: Right hand joints set: [0.0000, 0.0000, -0.0027, 0.0039, 0.0000, 0.0020, 0.0000]
[ZMQEndpointInterface] Received ZMQ message - topic: 'pose', protocol_version: 4, num_fields: 4, total_size: 4 buffers
[ZMQEndpointInterface] *** Starting ZMQ processing ***
[ZMQEndpointInterface] Protocol version: 4
[ZMQEndpointInterface] Protocol v4: Received 64D token (latent action), tokens[0]=0.0433, frame_index: 1009
[ZMQEndpointInterface] Protocol v4: Left hand joints set: [0.0000, 0.0000, 0.0000, 0.0000, 0.0000, 0.0000, 0.0000]
[ZMQEndpointInterface] Protocol v4: Right hand joints set: [0.0000, -0.0027, 0.0000, 0.0000, 0.0000, 0.0000, 0.0000]
[ZMQEndpointInterface] Received ZMQ message - topic: 'pose', protocol_version: 4, num_fields: 4, total_size: 4 buffers
[ZMQEndpointInterface] *** Starting ZMQ processing ***
[ZMQEndpointInterface] Protocol version: 4
[ZMQEndpointInterface] Protocol v4: Received 64D token (latent action), tokens[0]=0.0036, frame_index: 1010
[ZMQEndpointInterface] Protocol v4: Left hand joints set: [0.0000, 0.0014, 0.0055, 0.0000, -0.0059, -0.0039, 0.0000]
[ZMQEndpointInterface] Protocol v4: Right hand joints set: [0.0000, 0.0000, 0.0000, 0.0000, 0.0000, 0.0000, 0.0000]
[ZMQEndpointInterface] Received ZMQ message - topic: 'pose', protocol_version: 4, num_fields: 4, total_size: 4 buffers
[ZMQEndpointInterface] *** Starting ZMQ processing ***
[ZMQEndpointInterface] Protocol version: 4
[ZMQEndpointInterface] Protocol v4: Received 64D token (latent action), tokens[0]=0.0074, frame_index: 1011
[ZMQEndpointInterface] Protocol v4: Left hand joints set: [0.0000, 0.0000, 0.0055, 0.0000, -0.0059, 0.0000, 0.0000]
[ZMQEndpointInterface] Protocol v4: Right hand joints set: [0.0000, 0.0000, 0.0000, 0.0000, 0.0000, 0.0000, 0.0000]
Loop timing - LowState age: 0.7480ms, Streaming data mean delay: 9.1200ms, Streaming data std delay: 5.8781ms, IMU age: 0.7310ms, Obs: 55us, Policy: 605us, Obs 2 Motor Command: 660us, Post processing: 29us | HandCloseRatio: 1.0000
[ZMQEndpointInterface] Received ZMQ message - topic: 'pose', protocol_version: 4, num_fields: 4, total_size: 4 buffers
[ZMQEndpointInterface] *** Starting ZMQ processing ***
[ZMQEndpointInterface] Protocol version: 4
[ZMQEndpointInterface] Protocol v4: Received 64D token (latent action), tokens[0]=0.0066, frame_index: 1012
[ZMQEndpointInterface] Protocol v4: Left hand joints set: [0.0000, 0.0000, 0.0082, 0.0000, 0.0000, 0.0000, 0.0000]
[ZMQEndpointInterface] Protocol v4: Right hand joints set: [0.0000, 0.0000, 0.0000, 0.0000, 0.0000, 0.0000, 0.0000]
[ZMQEndpointInterface] Received ZMQ message - topic: 'pose', protocol_version: 4, num_fields: 4, total_size: 4 buffers
[ZMQEndpointInterface] *** Starting ZMQ processing ***
[ZMQEndpointInterface] Protocol version: 4
[ZMQEndpointInterface] Protocol v4: Received 64D token (latent action), tokens[0]=0.0096, frame_index: 1013
[ZMQEndpointInterface] Protocol v4: Left hand joints set: [0.0000, 0.0000, 0.0041, 0.0000, -0.0029, 0.0000, 0.0000]
[ZMQEndpointInterface] Protocol v4: Right hand joints set: [0.0000, 0.0000, 0.0000, 0.0000, 0.0000, 0.0000, 0.0000]
[ZMQEndpointInterface] Received ZMQ message - topic: 'pose', protocol_version: 4, num_fields: 4, total_size: 4 buffers
[ZMQEndpointInterface] *** Starting ZMQ processing ***
[ZMQEndpointInterface] Protocol version: 4
[ZMQEndpointInterface] Protocol v4: Received 64D token (latent action), tokens[0]=0.0083, frame_index: 1014
[ZMQEndpointInterface] Protocol v4: Left hand joints set: [0.0000, 0.0055, 0.0000, -0.0059, -0.0059, -0.0059, 0.0000]
[ZMQEndpointInterface] Protocol v4: Right hand joints set: [0.0000, 0.0000, 0.0000, 0.0000, 0.0000, 0.0000, 0.0000]
[ZMQEndpointInterface] Received ZMQ message - topic: 'pose', protocol_version: 4, num_fields: 4, total_size: 4 buffers
[ZMQEndpointInterface] *** Starting ZMQ processing ***
[ZMQEndpointInterface] Protocol version: 4
[ZMQEndpointInterface] Protocol v4: Received 64D token (latent action), tokens[0]=0.0104, frame_index: 1015
[ZMQEndpointInterface] Protocol v4: Left hand joints set: [0.0000, 0.0000, 0.0000, 0.0000, 0.0000, -0.0020, 0.0000]
[ZMQEndpointInterface] Protocol v4: Right hand joints set: [0.0000, 0.0000, 0.0000, 0.0000, 0.0000, 0.0000, 0.0000]
[ZMQEndpointInterface] Received ZMQ message - topic: 'pose', protocol_version: 4, num_fields: 4, total_size: 4 buffers
[ZMQEndpointInterface] *** Starting ZMQ processing ***
[ZMQEndpointInterface] Protocol version: 4
[ZMQEndpointInterface] Protocol v4: Received 64D token (latent action), tokens[0]=0.0109, frame_index: 1016
[ZMQEndpointInterface] Protocol v4: Left hand joints set: [0.0000, 0.0000, 0.0000, 0.0000, -0.0146, 0.0000, 0.0000]
[ZMQEndpointInterface] Protocol v4: Right hand joints set: [0.0000, 0.0000, 0.0000, 0.0000, 0.0000, 0.0000, 0.0000]
[ZMQEndpointInterface] Received ZMQ message - topic: 'pose', protocol_version: 4, num_fields: 4, total_size: 4 buffers
[ZMQEndpointInterface] *** Starting ZMQ processing ***
[ZMQEndpointInterface] Protocol version: 4
[ZMQEndpointInterface] Protocol v4: Received 64D token (latent action), tokens[0]=0.0092, frame_index: 1017
[ZMQEndpointInterface] Protocol v4: Left hand joints set: [0.0000, 0.0000, 0.0041, 0.0000, -0.0059, 0.0000, -0.0146]
[ZMQEndpointInterface] Protocol v4: Right hand joints set: [0.0000, 0.0000, 0.0000, 0.0000, 0.0000, 0.0000, 0.0000]
[ZMQEndpointInterface] Received ZMQ message - topic: 'pose', protocol_version: 4, num_fields: 4, total_size: 4 buffers
[ZMQEndpointInterface] *** Starting ZMQ processing ***
[ZMQEndpointInterface] Protocol version: 4
[ZMQEndpointInterface] Protocol v4: Received 64D token (latent action), tokens[0]=0.0117, frame_index: 1018
[ZMQEndpointInterface] Protocol v4: Left hand joints set: [0.0000, 0.0027, 0.0014, 0.0000, -0.0117, -0.0039, -0.0088]
[ZMQEndpointInterface] Protocol v4: Right hand joints set: [0.0000, -0.0014, 0.0000, 0.0000, 0.0000, 0.0000, 0.0000]
[ZMQEndpointInterface] Received ZMQ message - topic: 'pose', protocol_version: 4, num_fields: 4, total_size: 4 buffers
[ZMQEndpointInterface] *** Starting ZMQ processing ***
[ZMQEndpointInterface] Protocol version: 4
[ZMQEndpointInterface] Protocol v4: Received 64D token (latent action), tokens[0]=0.0143, frame_index: 1019
[ZMQEndpointInterface] Protocol v4: Left hand joints set: [0.0000, 0.0000, 0.0014, 0.0000, -0.0117, 0.0000, 0.0000]
[ZMQEndpointInterface] Protocol v4: Right hand joints set: [0.0000, 0.0000, 0.0000, 0.0000, 0.0000, 0.0000, 0.0000]
[ZMQEndpointInterface] Received ZMQ message - topic: 'pose', protocol_version: 4, num_fields: 4, total_size: 4 buffers
[ZMQEndpointInterface] *** Starting ZMQ processing ***
[ZMQEndpointInterface] Protocol version: 4
[ZMQEndpointInterface] Protocol v4: Received 64D token (latent action), tokens[0]=0.0126, frame_index: 1020
[ZMQEndpointInterface] Protocol v4: Left hand joints set: [0.0000, 0.0000, 0.0000, 0.0000, 0.0000, 0.0000, -0.0059]
[ZMQEndpointInterface] Protocol v4: Right hand joints set: [0.0000, 0.0000, 0.0000, 0.0000, 0.0000, 0.0000, 0.0000]
[ZMQEndpointInterface] Received ZMQ message - topic: 'pose', protocol_version: 4, num_fields: 4, total_size: 4 buffers
[ZMQEndpointInterface] *** Starting ZMQ processing ***
[ZMQEndpointInterface] Protocol version: 4
[ZMQEndpointInterface] Protocol v4: Received 64D token (latent action), tokens[0]=0.0134, frame_index: 1021
[ZMQEndpointInterface] Protocol v4: Left hand joints set: [0.0000, 0.0027, 0.0014, -0.0020, -0.0088, 0.0000, 0.0000]
[ZMQEndpointInterface] Protocol v4: Right hand joints set: [0.0000, 0.0000, 0.0000, 0.0000, 0.0000, 0.0000, 0.0000]
[ZMQEndpointInterface] Received ZMQ message - topic: 'pose', protocol_version: 4, num_fields: 4, total_size: 4 buffers
[ZMQEndpointInterface] *** Starting ZMQ processing ***
[ZMQEndpointInterface] Protocol version: 4
[ZMQEndpointInterface] Protocol v4: Received 64D token (latent action), tokens[0]=0.0143, frame_index: 1022
[ZMQEndpointInterface] Protocol v4: Left hand joints set: [0.0000, 0.0000, 0.0041, -0.0039, -0.0117, 0.0000, -0.0088]
[ZMQEndpointInterface] Protocol v4: Right hand joints set: [0.0000, 0.0000, 0.0000, 0.0000, 0.0029, 0.0000, 0.0000]
[ZMQEndpointInterface] Received ZMQ message - topic: 'pose', protocol_version: 4, num_fields: 4, total_size: 4 buffers
[ZMQEndpointInterface] *** Starting ZMQ processing ***
[ZMQEndpointInterface] Protocol version: 4
[ZMQEndpointInterface] Protocol v4: Received 64D token (latent action), tokens[0]=0.0143, frame_index: 1023
[ZMQEndpointInterface] Protocol v4: Left hand joints set: [0.0000, 0.0027, 0.0041, -0.0059, 0.0000, -0.0039, -0.0059]
[ZMQEndpointInterface] Protocol v4: Right hand joints set: [0.0000, 0.0000, 0.0000, 0.0000, 0.0000, 0.0000, 0.0000]
[ZMQEndpointInterface] Received ZMQ message - topic: 'pose', protocol_version: 4, num_fields: 4, total_size: 4 buffers
[ZMQEndpointInterface] *** Starting ZMQ processing ***
[ZMQEndpointInterface] Protocol version: 4
[ZMQEndpointInterface] Protocol v4: Received 64D token (latent action), tokens[0]=0.0134, frame_index: 1024
[ZMQEndpointInterface] Protocol v4: Left hand joints set: [0.0000, 0.0000, 0.0041, 0.0000, -0.0059, 0.0000, 0.0000]
[ZMQEndpointInterface] Protocol v4: Right hand joints set: [0.0000, 0.0000, 0.0000, 0.0000, 0.0000, 0.0000, 0.0000]
[ZMQEndpointInterface] Received ZMQ message - topic: 'pose', protocol_version: 4, num_fields: 4, total_size: 4 buffers
[ZMQEndpointInterface] *** Starting ZMQ processing ***
[ZMQEndpointInterface] Protocol version: 4
[ZMQEndpointInterface] Protocol v4: Received 64D token (latent action), tokens[0]=0.0151, frame_index: 1025
[ZMQEndpointInterface] Protocol v4: Left hand joints set: [0.0000, 0.0041, 0.0000, -0.0039, 0.0000, 0.0000, 0.0000]
[ZMQEndpointInterface] Protocol v4: Right hand joints set: [0.0000, 0.0000, 0.0000, 0.0000, 0.0000, 0.0000, 0.0000]
[ZMQEndpointInterface] Received ZMQ message - topic: 'pose', protocol_version: 4, num_fields: 4, total_size: 4 buffers
[ZMQEndpointInterface] *** Starting ZMQ processing ***
[ZMQEndpointInterface] Protocol version: 4
[ZMQEndpointInterface] Protocol v4: Received 64D token (latent action), tokens[0]=0.0160, frame_index: 1026
[ZMQEndpointInterface] Protocol v4: Left hand joints set: [0.0000, 0.0000, 0.0055, -0.0059, -0.0117, -0.0039, 0.0000]
[ZMQEndpointInterface] Protocol v4: Right hand joints set: [0.0000, 0.0000, 0.0000, 0.0000, 0.0000, 0.0000, 0.0000]
[ZMQEndpointInterface] Received ZMQ message - topic: 'pose', protocol_version: 4, num_fields: 4, total_size: 4 buffers
[ZMQEndpointInterface] *** Starting ZMQ processing ***
[ZMQEndpointInterface] Protocol version: 4
[ZMQEndpointInterface] Protocol v4: Received 64D token (latent action), tokens[0]=0.0173, frame_index: 1027
[ZMQEndpointInterface] Protocol v4: Left hand joints set: [0.0000, 0.0000, 0.0041, 0.0000, -0.0117, -0.0039, 0.0000]
[ZMQEndpointInterface] Protocol v4: Right hand joints set: [0.0000, 0.0000, 0.0000, 0.0000, 0.0000, 0.0000, 0.0000]
[ZMQEndpointInterface] Received ZMQ message - topic: 'pose', protocol_version: 4, num_fields: 4, total_size: 4 buffers
[ZMQEndpointInterface] *** Starting ZMQ processing ***
[ZMQEndpointInterface] Protocol version: 4
[ZMQEndpointInterface] Protocol v4: Received 64D token (latent action), tokens[0]=0.0126, frame_index: 1028
[ZMQEndpointInterface] Protocol v4: Left hand joints set: [0.0000, 0.0014, 0.0041, -0.0078, -0.0176, 0.0000, 0.0000]
[ZMQEndpointInterface] Protocol v4: Right hand joints set: [0.0000, 0.0000, 0.0000, 0.0000, 0.0000, 0.0000, 0.0000]
[ZMQEndpointInterface] Received ZMQ message - topic: 'pose', protocol_version: 4, num_fields: 4, total_size: 4 buffers
[ZMQEndpointInterface] *** Starting ZMQ processing ***
[ZMQEndpointInterface] Protocol version: 4
[ZMQEndpointInterface] Protocol v4: Received 64D token (latent action), tokens[0]=0.0168, frame_index: 1029
[ZMQEndpointInterface] Protocol v4: Left hand joints set: [0.0000, 0.0000, 0.0000, -0.0020, 0.0000, 0.0000, -0.0029]
[ZMQEndpointInterface] Protocol v4: Right hand joints set: [0.0000, 0.0000, 0.0000, 0.0000, 0.0000, 0.0000, 0.0000]
[ZMQEndpointInterface] Received ZMQ message - topic: 'pose', protocol_version: 4, num_fields: 4, total_size: 4 buffers
[ZMQEndpointInterface] *** Starting ZMQ processing ***
[ZMQEndpointInterface] Protocol version: 4
[ZMQEndpointInterface] Protocol v4: Received 64D token (latent action), tokens[0]=0.0186, frame_index: 1030
[ZMQEndpointInterface] Protocol v4: Left hand joints set: [0.0000, 0.0082, 0.0000, -0.0039, -0.0117, -0.0117, 0.0000]
[ZMQEndpointInterface] Protocol v4: Right hand joints set: [0.0000, 0.0000, 0.0000, 0.0000, 0.0000, 0.0000, 0.0000]
[ZMQEndpointInterface] Received ZMQ message - topic: 'pose', protocol_version: 4, num_fields: 4, total_size: 4 buffers
[ZMQEndpointInterface] *** Starting ZMQ processing ***
[ZMQEndpointInterface] Protocol version: 4
[ZMQEndpointInterface] Protocol v4: Received 64D token (latent action), tokens[0]=0.0139, frame_index: 1031
[ZMQEndpointInterface] Protocol v4: Left hand joints set: [0.0000, 0.0000, 0.0000, -0.0059, -0.0059, -0.0020, 0.0000]
[ZMQEndpointInterface] Protocol v4: Right hand joints set: [0.0000, 0.0000, 0.0000, 0.0000, 0.0000, 0.0000, 0.0000]
[ZMQEndpointInterface] Received ZMQ message - topic: 'pose', protocol_version: 4, num_fields: 4, total_size: 4 buffers
[ZMQEndpointInterface] *** Starting ZMQ processing ***
[ZMQEndpointInterface] Protocol version: 4
[ZMQEndpointInterface] Protocol v4: Received 64D token (latent action), tokens[0]=0.0147, frame_index: 1032
[ZMQEndpointInterface] Protocol v4: Left hand joints set: [0.0000, 0.0000, 0.0000, 0.0000, -0.0029, -0.0117, 0.0000]
[ZMQEndpointInterface] Protocol v4: Right hand joints set: [0.0000, 0.0000, 0.0000, 0.0000, 0.0000, 0.0039, 0.0000]
[ZMQEndpointInterface] Received ZMQ message - topic: 'pose', protocol_version: 4, num_fields: 4, total_size: 4 buffers
[ZMQEndpointInterface] *** Starting ZMQ processing ***
[ZMQEndpointInterface] Protocol version: 4
[ZMQEndpointInterface] Protocol v4: Received 64D token (latent action), tokens[0]=0.0134, frame_index: 1033
[ZMQEndpointInterface] Protocol v4: Left hand joints set: [0.0000, 0.0055, 0.0014, 0.0000, -0.0059, -0.0020, 0.0000]
[ZMQEndpointInterface] Protocol v4: Right hand joints set: [0.0000, 0.0000, 0.0000, 0.0000, 0.0000, 0.0000, 0.0000]
[ZMQEndpointInterface] Received ZMQ message - topic: 'pose', protocol_version: 4, num_fields: 4, total_size: 4 buffers
[ZMQEndpointInterface] *** Starting ZMQ processing ***
[ZMQEndpointInterface] Protocol version: 4
[ZMQEndpointInterface] Protocol v4: Received 64D token (latent action), tokens[0]=0.0117, frame_index: 1034
[ZMQEndpointInterface] Protocol v4: Left hand joints set: [0.0000, 0.0014, 0.0000, -0.0078, -0.0029, -0.0020, 0.0000]
[ZMQEndpointInterface] Protocol v4: Right hand joints set: [0.0000, 0.0000, 0.0000, 0.0000, 0.0000, 0.0000, 0.0000]
[ZMQEndpointInterface] Received ZMQ message - topic: 'pose', protocol_version: 4, num_fields: 4, total_size: 4 buffers
[ZMQEndpointInterface] *** Starting ZMQ processing ***
[ZMQEndpointInterface] Protocol version: 4
[ZMQEndpointInterface] Protocol v4: Received 64D token (latent action), tokens[0]=0.0117, frame_index: 1035
[ZMQEndpointInterface] Protocol v4: Left hand joints set: [0.0000, 0.0014, 0.0000, -0.0020, -0.0176, -0.0039, 0.0000]
[ZMQEndpointInterface] Protocol v4: Right hand joints set: [0.0000, 0.0000, 0.0000, 0.0000, 0.0000, 0.0000, 0.0000]
[ZMQEndpointInterface] Received ZMQ message - topic: 'pose', protocol_version: 4, num_fields: 4, total_size: 4 buffers
[ZMQEndpointInterface] *** Starting ZMQ processing ***
[ZMQEndpointInterface] Protocol version: 4
[ZMQEndpointInterface] Protocol v4: Received 64D token (latent action), tokens[0]=0.0100, frame_index: 1036
[ZMQEndpointInterface] Protocol v4: Left hand joints set: [0.0000, 0.0041, 0.0027, 0.0000, -0.0059, 0.0000, 0.0000]
[ZMQEndpointInterface] Protocol v4: Right hand joints set: [0.0000, 0.0000, 0.0000, 0.0000, 0.0000, 0.0000, 0.0000]
[ZMQEndpointInterface] Received ZMQ message - topic: 'pose', protocol_version: 4, num_fields: 4, total_size: 4 buffers
[ZMQEndpointInterface] *** Starting ZMQ processing ***
[ZMQEndpointInterface] Protocol version: 4
[ZMQEndpointInterface] Protocol v4: Received 64D token (latent action), tokens[0]=0.0562, frame_index: 1037
[ZMQEndpointInterface] Protocol v4: Left hand joints set: [0.0000, 0.0068, 0.0096, -0.0078, -0.0029, 0.0000, -0.0088]
[ZMQEndpointInterface] Protocol v4: Right hand joints set: [0.0000, 0.0000, 0.0000, 0.0000, 0.0088, 0.0000, 0.0000]
[ZMQEndpointInterface] Received ZMQ message - topic: 'pose', protocol_version: 4, num_fields: 4, total_size: 4 buffers
[ZMQEndpointInterface] *** Starting ZMQ processing ***
[ZMQEndpointInterface] Protocol version: 4
[ZMQEndpointInterface] Protocol v4: Received 64D token (latent action), tokens[0]=0.0630, frame_index: 1038
[ZMQEndpointInterface] Protocol v4: Left hand joints set: [0.0000, 0.0014, 0.0041, -0.0059, -0.0029, 0.0000, 0.0000]
[ZMQEndpointInterface] Protocol v4: Right hand joints set: [0.0000, 0.0000, 0.0000, 0.0000, 0.0000, 0.0000, 0.0000]
[ZMQEndpointInterface] Received ZMQ message - topic: 'pose', protocol_version: 4, num_fields: 4, total_size: 4 buffers
[ZMQEndpointInterface] *** Starting ZMQ processing ***
[ZMQEndpointInterface] Protocol version: 4
[ZMQEndpointInterface] Protocol v4: Received 64D token (latent action), tokens[0]=0.0617, frame_index: 1039
[ZMQEndpointInterface] Protocol v4: Left hand joints set: [0.0000, 0.0000, 0.0055, -0.0020, 0.0000, 0.0000, -0.0029]
[ZMQEndpointInterface] Protocol v4: Right hand joints set: [0.0000, -0.0027, 0.0000, 0.0000, 0.0000, 0.0000, 0.0000]
[ZMQEndpointInterface] Received ZMQ message - topic: 'pose', protocol_version: 4, num_fields: 4, total_size: 4 buffers
[ZMQEndpointInterface] *** Starting ZMQ processing ***
[ZMQEndpointInterface] Protocol version: 4
[ZMQEndpointInterface] Protocol v4: Received 64D token (latent action), tokens[0]=0.0638, frame_index: 1040
[ZMQEndpointInterface] Protocol v4: Left hand joints set: [0.0000, 0.0000, 0.0000, 0.0000, -0.0059, 0.0000, 0.0000]
[ZMQEndpointInterface] Protocol v4: Right hand joints set: [0.0000, -0.0027, 0.0000, 0.0000, 0.0029, 0.0000, 0.0000]
[ZMQEndpointInterface] Received ZMQ message - topic: 'pose', protocol_version: 4, num_fields: 4, total_size: 4 buffers
[ZMQEndpointInterface] *** Starting ZMQ processing ***
[ZMQEndpointInterface] Protocol version: 4
[ZMQEndpointInterface] Protocol v4: Received 64D token (latent action), tokens[0]=0.0591, frame_index: 1041
[ZMQEndpointInterface] Protocol v4: Left hand joints set: [0.0000, 0.0000, 0.0068, 0.0000, -0.0029, 0.0000, 0.0000]
[ZMQEndpointInterface] Protocol v4: Right hand joints set: [0.0000, -0.0027, 0.0000, 0.0000, 0.0000, 0.0000, 0.0000]
[ZMQEndpointInterface] Received ZMQ message - topic: 'pose', protocol_version: 4, num_fields: 4, total_size: 4 buffers
[ZMQEndpointInterface] *** Starting ZMQ processing ***
[ZMQEndpointInterface] Protocol version: 4
[ZMQEndpointInterface] Protocol v4: Received 64D token (latent action), tokens[0]=0.0609, frame_index: 1042
[ZMQEndpointInterface] Protocol v4: Left hand joints set: [0.0000, 0.0000, 0.0068, -0.0020, 0.0000, -0.0059, 0.0000]
[ZMQEndpointInterface] Protocol v4: Right hand joints set: [0.0000, -0.0014, 0.0000, 0.0000, 0.0000, 0.0039, 0.0000]
[ZMQEndpointInterface] Received ZMQ message - topic: 'pose', protocol_version: 4, num_fields: 4, total_size: 4 buffers
[ZMQEndpointInterface] *** Starting ZMQ processing ***
[ZMQEndpointInterface] Protocol version: 4
[ZMQEndpointInterface] Protocol v4: Received 64D token (latent action), tokens[0]=0.0583, frame_index: 1043
[ZMQEndpointInterface] Protocol v4: Left hand joints set: [0.0000, 0.0055, 0.0000, -0.0039, 0.0000, 0.0000, -0.0029]
[ZMQEndpointInterface] Protocol v4: Right hand joints set: [0.0000, -0.0027, 0.0000, 0.0000, 0.0000, 0.0000, 0.0000]
[ZMQEndpointInterface] Received ZMQ message - topic: 'pose', protocol_version: 4, num_fields: 4, total_size: 4 buffers
[ZMQEndpointInterface] *** Starting ZMQ processing ***
[ZMQEndpointInterface] Protocol version: 4
[ZMQEndpointInterface] Protocol v4: Received 64D token (latent action), tokens[0]=0.0557, frame_index: 1044
[ZMQEndpointInterface] Protocol v4: Left hand joints set: [0.0000, 0.0000, 0.0055, -0.0020, -0.0059, 0.0000, -0.0117]
[ZMQEndpointInterface] Protocol v4: Right hand joints set: [0.0000, -0.0027, 0.0000, 0.0000, 0.0000, 0.0000, 0.0000]
[ZMQEndpointInterface] Received ZMQ message - topic: 'pose', protocol_version: 4, num_fields: 4, total_size: 4 buffers
[ZMQEndpointInterface] *** Starting ZMQ processing ***
[ZMQEndpointInterface] Protocol version: 4
[ZMQEndpointInterface] Protocol v4: Received 64D token (latent action), tokens[0]=0.0510, frame_index: 1045
[ZMQEndpointInterface] Protocol v4: Left hand joints set: [0.0000, 0.0014, 0.0082, -0.0020, -0.0029, 0.0000, 0.0000]
[ZMQEndpointInterface] Protocol v4: Right hand joints set: [0.0000, -0.0027, 0.0000, 0.0000, 0.0000, 0.0000, 0.0000]
[ZMQEndpointInterface] Received ZMQ message - topic: 'pose', protocol_version: 4, num_fields: 4, total_size: 4 buffers
[ZMQEndpointInterface] *** Starting ZMQ processing ***
[ZMQEndpointInterface] Protocol version: 4
[ZMQEndpointInterface] Protocol v4: Received 64D token (latent action), tokens[0]=0.0542, frame_index: 1046
[ZMQEndpointInterface] Protocol v4: Left hand joints set: [0.0000, 0.0041, 0.0041, -0.0117, -0.0059, -0.0020, -0.0059]
[ZMQEndpointInterface] Protocol v4: Right hand joints set: [0.0000, -0.0068, -0.0041, 0.0000, 0.0000, 0.0000, 0.0000]
[Token Flow] Copied external tokens, tokens[0]=0.0542
[ZMQEndpointInterface] Received ZMQ message - topic: 'pose', protocol_version: 4, num_fields: 4, total_size: 4 buffers
[ZMQEndpointInterface] *** Starting ZMQ processing ***
[ZMQEndpointInterface] Protocol version: 4
[ZMQEndpointInterface] Protocol v4: Received 64D token (latent action), tokens[0]=0.0510, frame_index: 1047
[ZMQEndpointInterface] Protocol v4: Left hand joints set: [0.0000, 0.0055, 0.0068, -0.0078, 0.0000, 0.0000, -0.0029]
[ZMQEndpointInterface] Protocol v4: Right hand joints set: [0.0000, -0.0055, 0.0000, 0.0000, 0.0000, 0.0000, 0.0000]
[ZMQEndpointInterface] Received ZMQ message - topic: 'pose', protocol_version: 4, num_fields: 4, total_size: 4 buffers
[ZMQEndpointInterface] *** Starting ZMQ processing ***
[ZMQEndpointInterface] Protocol version: 4
[ZMQEndpointInterface] Protocol v4: Received 64D token (latent action), tokens[0]=0.0502, frame_index: 1048
[ZMQEndpointInterface] Protocol v4: Left hand joints set: [0.0000, 0.0041, 0.0068, -0.0039, -0.0059, 0.0000, -0.0029]
[ZMQEndpointInterface] Protocol v4: Right hand joints set: [0.0000, -0.0068, 0.0000, 0.0000, 0.0000, 0.0000, 0.0000]
[ZMQEndpointInterface] Received ZMQ message - topic: 'pose', protocol_version: 4, num_fields: 4, total_size: 4 buffers
[ZMQEndpointInterface] *** Starting ZMQ processing ***
[ZMQEndpointInterface] Protocol version: 4
[ZMQEndpointInterface] Protocol v4: Received 64D token (latent action), tokens[0]=0.0504, frame_index: 1049
[ZMQEndpointInterface] Protocol v4: Left hand joints set: [0.0000, 0.0068, 0.0082, -0.0078, -0.0117, 0.0000, -0.0176]
[ZMQEndpointInterface] Protocol v4: Right hand joints set: [0.0000, -0.0027, 0.0000, 0.0039, 0.0029, 0.0000, 0.0000]
[ZMQEndpointInterface] Received ZMQ message - topic: 'pose', protocol_version: 4, num_fields: 4, total_size: 4 buffers
[ZMQEndpointInterface] *** Starting ZMQ processing ***
[ZMQEndpointInterface] Protocol version: 4
[ZMQEndpointInterface] Protocol v4: Received 64D token (latent action), tokens[0]=0.0485, frame_index: 1050
[ZMQEndpointInterface] Protocol v4: Left hand joints set: [0.0000, 0.0055, 0.0027, 0.0000, 0.0000, 0.0000, -0.0029]
[ZMQEndpointInterface] Protocol v4: Right hand joints set: [0.0000, -0.0041, 0.0000, 0.0000, 0.0000, 0.0000, 0.0000]
Temporary motion completed.
Reset to frame 0.
[ZMQEndpointInterface] Received ZMQ message - topic: 'pose', protocol_version: 4, num_fields: 4, total_size: 4 buffers
[ZMQEndpointInterface] *** Starting ZMQ processing ***
[ZMQEndpointInterface] Protocol version: 4
[ZMQEndpointInterface] Protocol v4: Received 64D token (latent action), tokens[0]=0.0519, frame_index: 1051
[ZMQEndpointInterface] Protocol v4: Left hand joints set: [0.0000, 0.0082, 0.0055, -0.0098, -0.0059, -0.0020, -0.0088]
[ZMQEndpointInterface] Protocol v4: Right hand joints set: [0.0000, -0.0041, 0.0000, 0.0000, 0.0000, 0.0000, 0.0000]
Reset heading state to 0.9985, 0.0000, -0.0474, -0.0288
Reset delta heading to 0
Reset init reference data root rotation to current frame: 0.9997, -0.0016, -0.0223, -0.0045
**********************************************************
Reference motion name: temporary_motion
**********************************************************
[ZMQEndpointInterface] Received ZMQ message - topic: 'pose', protocol_version: 4, num_fields: 4, total_size: 4 buffers
[ZMQEndpointInterface] *** Starting ZMQ processing ***
[ZMQEndpointInterface] Protocol version: 4
[ZMQEndpointInterface] Protocol v4: Received 64D token (latent action), tokens[0]=0.0497, frame_index: 1052
[ZMQEndpointInterface] Protocol v4: Left hand joints set: [0.0000, 0.0041, 0.0055, 0.0000, -0.0029, 0.0000, -0.0029]
[ZMQEndpointInterface] Protocol v4: Right hand joints set: [0.0000, -0.0068, 0.0000, 0.0000, 0.0000, 0.0000, 0.0000]
[ZMQEndpointInterface] Received ZMQ message - topic: 'pose', protocol_version: 4, num_fields: 4, total_size: 4 buffers
[ZMQEndpointInterface] *** Starting ZMQ processing ***
[ZMQEndpointInterface] Protocol version: 4
[ZMQEndpointInterface] Protocol v4: Received 64D token (latent action), tokens[0]=0.0487, frame_index: 1053
[ZMQEndpointInterface] Protocol v4: Left hand joints set: [0.0000, 0.0041, 0.0027, 0.0000, 0.0000, 0.0000, -0.0029]
[ZMQEndpointInterface] Protocol v4: Right hand joints set: [0.0000, -0.0027, 0.0000, 0.0000, 0.0059, 0.0000, 0.0000]
[ZMQEndpointInterface] Received ZMQ message - topic: 'pose', protocol_version: 4, num_fields: 4, total_size: 4 buffers
[ZMQEndpointInterface] *** Starting ZMQ processing ***
[ZMQEndpointInterface] Protocol version: 4
[ZMQEndpointInterface] Protocol v4: Received 64D token (latent action), tokens[0]=0.0497, frame_index: 1054
[ZMQEndpointInterface] Protocol v4: Left hand joints set: [0.0000, 0.0000, 0.0041, -0.0039, -0.0059, 0.0000, -0.0059]
[ZMQEndpointInterface] Protocol v4: Right hand joints set: [0.0000, -0.0055, 0.0000, 0.0020, 0.0059, 0.0000, 0.0000]
[ZMQEndpointInterface] Received ZMQ message - topic: 'pose', protocol_version: 4, num_fields: 4, total_size: 4 buffers
[ZMQEndpointInterface] *** Starting ZMQ processing ***
[ZMQEndpointInterface] Protocol version: 4
[ZMQEndpointInterface] Protocol v4: Received 64D token (latent action), tokens[0]=0.0515, frame_index: 1055
[ZMQEndpointInterface] Protocol v4: Left hand joints set: [0.0000, 0.0055, 0.0041, 0.0000, 0.0000, -0.0059, -0.0059]
[ZMQEndpointInterface] Protocol v4: Right hand joints set: [0.0000, -0.0055, 0.0000, 0.0000, 0.0000, 0.0000, 0.0000]
[ZMQEndpointInterface] Received ZMQ message - topic: 'pose', protocol_version: 4, num_fields: 4, total_size: 4 buffers
[ZMQEndpointInterface] *** Starting ZMQ processing ***
[ZMQEndpointInterface] Protocol version: 4
[ZMQEndpointInterface] Protocol v4: Received 64D token (latent action), tokens[0]=0.0497, frame_index: 1056
[ZMQEndpointInterface] Protocol v4: Left hand joints set: [0.0000, 0.0082, 0.0082, -0.0039, 0.0000, 0.0000, -0.0088]
[ZMQEndpointInterface] Protocol v4: Right hand joints set: [0.0000, -0.0027, 0.0000, 0.0020, 0.0000, 0.0000, 0.0000]
[ZMQEndpointInterface] Received ZMQ message - topic: 'pose', protocol_version: 4, num_fields: 4, total_size: 4 buffers
[ZMQEndpointInterface] *** Starting ZMQ processing ***
[ZMQEndpointInterface] Protocol version: 4
[ZMQEndpointInterface] Protocol v4: Received 64D token (latent action), tokens[0]=0.0529, frame_index: 1057
[ZMQEndpointInterface] Protocol v4: Left hand joints set: [0.0000, 0.0041, 0.0082, 0.0000, -0.0029, 0.0000, 0.0000]
[ZMQEndpointInterface] Protocol v4: Right hand joints set: [0.0000, -0.0041, -0.0014, 0.0000, 0.0000, 0.0000, 0.0000]
[ZMQEndpointInterface] Received ZMQ message - topic: 'pose', protocol_version: 4, num_fields: 4, total_size: 4 buffers
[ZMQEndpointInterface] *** Starting ZMQ processing ***
[ZMQEndpointInterface] Protocol version: 4
[ZMQEndpointInterface] Protocol v4: Received 64D token (latent action), tokens[0]=0.0515, frame_index: 1058
[ZMQEndpointInterface] Protocol v4: Left hand joints set: [0.0000, 0.0027, 0.0027, -0.0020, 0.0000, 0.0000, 0.0000]
[ZMQEndpointInterface] Protocol v4: Right hand joints set: [0.0000, -0.0041, 0.0000, 0.0000, 0.0000, 0.0000, 0.0000]
[ZMQEndpointInterface] Received ZMQ message - topic: 'pose', protocol_version: 4, num_fields: 4, total_size: 4 buffers
[ZMQEndpointInterface] *** Starting ZMQ processing ***
[ZMQEndpointInterface] Protocol version: 4
[ZMQEndpointInterface] Protocol v4: Received 64D token (latent action), tokens[0]=0.0510, frame_index: 1059
[ZMQEndpointInterface] Protocol v4: Left hand joints set: [0.0000, 0.0068, 0.0082, -0.0020, -0.0029, 0.0000, 0.0000]
[ZMQEndpointInterface] Protocol v4: Right hand joints set: [0.0000, -0.0055, -0.0041, 0.0020, 0.0000, 0.0020, 0.0000]
[ZMQEndpointInterface] Received ZMQ message - topic: 'pose', protocol_version: 4, num_fields: 4, total_size: 4 buffers
[ZMQEndpointInterface] *** Starting ZMQ processing ***
[ZMQEndpointInterface] Protocol version: 4
[ZMQEndpointInterface] Protocol v4: Received 64D token (latent action), tokens[0]=0.0525, frame_index: 1060
[ZMQEndpointInterface] Protocol v4: Left hand joints set: [0.0000, 0.0041, 0.0014, 0.0000, 0.0000, 0.0000, 0.0000]
[ZMQEndpointInterface] Protocol v4: Right hand joints set: [0.0000, -0.0055, -0.0014, 0.0000, 0.0000, 0.0000, 0.0000]
[ZMQEndpointInterface] Received ZMQ message - topic: 'pose', protocol_version: 4, num_fields: 4, total_size: 4 buffers
[ZMQEndpointInterface] *** Starting ZMQ processing ***
[ZMQEndpointInterface] Protocol version: 4
[ZMQEndpointInterface] Protocol v4: Received 64D token (latent action), tokens[0]=0.0497, frame_index: 1061
[ZMQEndpointInterface] Protocol v4: Left hand joints set: [0.0000, 0.0014, 0.0082, -0.0078, 0.0000, 0.0000, -0.0176]
[ZMQEndpointInterface] Protocol v4: Right hand joints set: [0.0000, -0.0041, -0.0027, 0.0000, 0.0000, 0.0000, 0.0000]
Loop timing - LowState age: 5.1210ms, Streaming data mean delay: 9.4200ms, Streaming data std delay: 6.0360ms, IMU age: 5.1090ms, Obs: 56us, Policy: 602us, Obs 2 Motor Command: 658us, Post processing: 30us | HandCloseRatio: 1.0000
[ZMQEndpointInterface] Received ZMQ message - topic: 'pose', protocol_version: 4, num_fields: 4, total_size: 4 buffers
[ZMQEndpointInterface] *** Starting ZMQ processing ***
[ZMQEndpointInterface] Protocol version: 4
[ZMQEndpointInterface] Protocol v4: Received 64D token (latent action), tokens[0]=0.0519, frame_index: 1062
[ZMQEndpointInterface] Protocol v4: Left hand joints set: [0.0000, 0.0000, 0.0014, 0.0000, 0.0000, 0.0000, 0.0000]
[ZMQEndpointInterface] Protocol v4: Right hand joints set: [0.0000, -0.0068, -0.0027, 0.0000, 0.0000, 0.0000, 0.0000]
[ZMQEndpointInterface] Received ZMQ message - topic: 'pose', protocol_version: 4, num_fields: 4, total_size: 4 buffers
[ZMQEndpointInterface] *** Starting ZMQ processing ***
[ZMQEndpointInterface] Protocol version: 4
[ZMQEndpointInterface] Protocol v4: Received 64D token (latent action), tokens[0]=0.0480, frame_index: 1063
[ZMQEndpointInterface] Protocol v4: Left hand joints set: [0.0000, 0.0055, 0.0014, -0.0039, -0.0029, 0.0000, 0.0000]
[ZMQEndpointInterface] Protocol v4: Right hand joints set: [0.0000, -0.0041, 0.0000, 0.0000, 0.0000, 0.0000, 0.0000]
[ZMQEndpointInterface] Received ZMQ message - topic: 'pose', protocol_version: 4, num_fields: 4, total_size: 4 buffers
[ZMQEndpointInterface] *** Starting ZMQ processing ***
[ZMQEndpointInterface] Protocol version: 4
[ZMQEndpointInterface] Protocol v4: Received 64D token (latent action), tokens[0]=0.0529, frame_index: 1064
[ZMQEndpointInterface] Protocol v4: Left hand joints set: [0.0000, 0.0027, 0.0027, 0.0000, 0.0000, -0.0039, -0.0029]
[ZMQEndpointInterface] Protocol v4: Right hand joints set: [0.0000, -0.0014, -0.0014, 0.0000, 0.0000, 0.0000, 0.0000]
[ZMQEndpointInterface] Received ZMQ message - topic: 'pose', protocol_version: 4, num_fields: 4, total_size: 4 buffers
[ZMQEndpointInterface] *** Starting ZMQ processing ***
[ZMQEndpointInterface] Protocol version: 4
[ZMQEndpointInterface] Protocol v4: Received 64D token (latent action), tokens[0]=0.0493, frame_index: 1065
[ZMQEndpointInterface] Protocol v4: Left hand joints set: [0.0000, 0.0000, 0.0123, 0.0000, 0.0000, -0.0078, -0.0059]
[ZMQEndpointInterface] Protocol v4: Right hand joints set: [0.0000, -0.0027, 0.0000, 0.0000, 0.0000, 0.0000, 0.0000]
[ZMQEndpointInterface] Received ZMQ message - topic: 'pose', protocol_version: 4, num_fields: 4, total_size: 4 buffers
[ZMQEndpointInterface] *** Starting ZMQ processing ***
[ZMQEndpointInterface] Protocol version: 4
[ZMQEndpointInterface] Protocol v4: Received 64D token (latent action), tokens[0]=0.0529, frame_index: 1066
[ZMQEndpointInterface] Protocol v4: Left hand joints set: [0.0000, 0.0082, 0.0055, -0.0020, -0.0059, 0.0000, -0.0117]
[ZMQEndpointInterface] Protocol v4: Right hand joints set: [0.0000, 0.0000, 0.0000, 0.0000, 0.0000, 0.0000, 0.0000]
[ZMQEndpointInterface] Received ZMQ message - topic: 'pose', protocol_version: 4, num_fields: 4, total_size: 4 buffers
[ZMQEndpointInterface] *** Starting ZMQ processing ***
[ZMQEndpointInterface] Protocol version: 4
[ZMQEndpointInterface] Protocol v4: Received 64D token (latent action), tokens[0]=0.0515, frame_index: 1067
[ZMQEndpointInterface] Protocol v4: Left hand joints set: [0.0000, 0.0000, 0.0137, 0.0000, 0.0000, -0.0039, -0.0117]
[ZMQEndpointInterface] Protocol v4: Right hand joints set: [0.0000, 0.0000, -0.0041, 0.0000, 0.0059, 0.0000, 0.0000]
[ZMQEndpointInterface] Received ZMQ message - topic: 'pose', protocol_version: 4, num_fields: 4, total_size: 4 buffers
[ZMQEndpointInterface] *** Starting ZMQ processing ***
[ZMQEndpointInterface] Protocol version: 4
[ZMQEndpointInterface] Protocol v4: Received 64D token (latent action), tokens[0]=0.0532, frame_index: 1068
[ZMQEndpointInterface] Protocol v4: Left hand joints set: [0.0000, 0.0000, 0.0109, -0.0059, 0.0000, -0.0039, -0.0059]
[ZMQEndpointInterface] Protocol v4: Right hand joints set: [0.0000, 0.0000, -0.0027, 0.0000, 0.0000, 0.0000, 0.0000]
[ZMQEndpointInterface] Received ZMQ message - topic: 'pose', protocol_version: 4, num_fields: 4, total_size: 4 buffers
[ZMQEndpointInterface] *** Starting ZMQ processing ***
[ZMQEndpointInterface] Protocol version: 4
[ZMQEndpointInterface] Protocol v4: Received 64D token (latent action), tokens[0]=0.0557, frame_index: 1069
[ZMQEndpointInterface] Protocol v4: Left hand joints set: [0.0000, 0.0000, 0.0068, 0.0000, 0.0000, -0.0098, -0.0088]
[ZMQEndpointInterface] Protocol v4: Right hand joints set: [0.0000, 0.0000, 0.0000, 0.0000, 0.0000, 0.0000, 0.0000]
[ZMQEndpointInterface] Received ZMQ message - topic: 'pose', protocol_version: 4, num_fields: 4, total_size: 4 buffers
[ZMQEndpointInterface] *** Starting ZMQ processing ***
[ZMQEndpointInterface] Protocol version: 4
[ZMQEndpointInterface] Protocol v4: Received 64D token (latent action), tokens[0]=0.0581, frame_index: 1070
[ZMQEndpointInterface] Protocol v4: Left hand joints set: [0.0000, 0.0082, 0.0082, -0.0078, 0.0000, 0.0000, -0.0029]
[ZMQEndpointInterface] Protocol v4: Right hand joints set: [0.0000, 0.0000, -0.0041, 0.0000, 0.0000, 0.0059, 0.0000]
[ZMQEndpointInterface] Received ZMQ message - topic: 'pose', protocol_version: 4, num_fields: 4, total_size: 4 buffers
[ZMQEndpointInterface] *** Starting ZMQ processing ***
[ZMQEndpointInterface] Protocol version: 4
[ZMQEndpointInterface] Protocol v4: Received 64D token (latent action), tokens[0]=0.0566, frame_index: 1071
[ZMQEndpointInterface] Protocol v4: Left hand joints set: [0.0000, 0.0000, 0.0027, -0.0078, -0.0029, -0.0059, -0.0029]
[ZMQEndpointInterface] Protocol v4: Right hand joints set: [0.0000, 0.0000, -0.0082, 0.0000, 0.0000, 0.0000, 0.0000]
[ZMQEndpointInterface] Received ZMQ message - topic: 'pose', protocol_version: 4, num_fields: 4, total_size: 4 buffers
[ZMQEndpointInterface] *** Starting ZMQ processing ***
[ZMQEndpointInterface] Protocol version: 4
[ZMQEndpointInterface] Protocol v4: Received 64D token (latent action), tokens[0]=0.0570, frame_index: 1072
[ZMQEndpointInterface] Protocol v4: Left hand joints set: [0.0000, 0.0082, 0.0164, -0.0195, -0.0234, -0.0176, -0.0146]
[ZMQEndpointInterface] Protocol v4: Right hand joints set: [0.0000, 0.0000, 0.0000, 0.0000, 0.0000, 0.0059, 0.0000]
[ZMQEndpointInterface] Received ZMQ message - topic: 'pose', protocol_version: 4, num_fields: 4, total_size: 4 buffers
[ZMQEndpointInterface] *** Starting ZMQ processing ***
[ZMQEndpointInterface] Protocol version: 4
[ZMQEndpointInterface] Protocol v4: Received 64D token (latent action), tokens[0]=0.0583, frame_index: 1073
[ZMQEndpointInterface] Protocol v4: Left hand joints set: [0.0000, 0.0055, 0.0109, -0.0098, -0.0029, -0.0098, -0.0059]
[ZMQEndpointInterface] Protocol v4: Right hand joints set: [0.0000, -0.0014, 0.0000, 0.0000, 0.0000, 0.0000, 0.0000]
[ZMQEndpointInterface] Received ZMQ message - topic: 'pose', protocol_version: 4, num_fields: 4, total_size: 4 buffers
[ZMQEndpointInterface] *** Starting ZMQ processing ***
[ZMQEndpointInterface] Protocol version: 4
[ZMQEndpointInterface] Protocol v4: Received 64D token (latent action), tokens[0]=0.0574, frame_index: 1074
[ZMQEndpointInterface] Protocol v4: Left hand joints set: [0.0000, 0.0041, 0.0109, 0.0000, 0.0000, -0.0078, -0.0117]
[ZMQEndpointInterface] Protocol v4: Right hand joints set: [0.0000, -0.0014, -0.0027, 0.0000, 0.0000, 0.0000, 0.0000]
[ZMQEndpointInterface] Received ZMQ message - topic: 'pose', protocol_version: 4, num_fields: 4, total_size: 4 buffers
[ZMQEndpointInterface] *** Starting ZMQ processing ***
[ZMQEndpointInterface] Protocol version: 4
[ZMQEndpointInterface] Protocol v4: Received 64D token (latent action), tokens[0]=0.0596, frame_index: 1075
[ZMQEndpointInterface] Protocol v4: Left hand joints set: [0.0000, 0.0068, 0.0109, -0.0039, -0.0059, -0.0156, -0.0117]
[ZMQEndpointInterface] Protocol v4: Right hand joints set: [0.0000, -0.0055, -0.0027, 0.0000, 0.0029, 0.0117, 0.0000]
[ZMQEndpointInterface] Received ZMQ message - topic: 'pose', protocol_version: 4, num_fields: 4, total_size: 4 buffers
[ZMQEndpointInterface] *** Starting ZMQ processing ***
[ZMQEndpointInterface] Protocol version: 4
[ZMQEndpointInterface] Protocol v4: Received 64D token (latent action), tokens[0]=0.0598, frame_index: 1076
[ZMQEndpointInterface] Protocol v4: Left hand joints set: [0.0000, 0.0068, 0.0041, -0.0039, 0.0000, -0.0137, -0.0117]
[ZMQEndpointInterface] Protocol v4: Right hand joints set: [0.0000, 0.0000, 0.0000, 0.0000, 0.0029, 0.0039, 0.0000]
[ZMQEndpointInterface] Received ZMQ message - topic: 'pose', protocol_version: 4, num_fields: 4, total_size: 4 buffers
[ZMQEndpointInterface] *** Starting ZMQ processing ***
[ZMQEndpointInterface] Protocol version: 4
[ZMQEndpointInterface] Protocol v4: Received 64D token (latent action), tokens[0]=0.0566, frame_index: 1077
[ZMQEndpointInterface] Protocol v4: Left hand joints set: [0.0000, 0.0055, 0.0109, 0.0000, -0.0088, -0.0117, -0.0117]
[ZMQEndpointInterface] Protocol v4: Right hand joints set: [0.0000, 0.0000, 0.0000, 0.0000, 0.0059, 0.0020, 0.0000]
[ZMQEndpointInterface] Received ZMQ message - topic: 'pose', protocol_version: 4, num_fields: 4, total_size: 4 buffers
[ZMQEndpointInterface] *** Starting ZMQ processing ***
[ZMQEndpointInterface] Protocol version: 4
[ZMQEndpointInterface] Protocol v4: Received 64D token (latent action), tokens[0]=0.0557, frame_index: 1078
[ZMQEndpointInterface] Protocol v4: Left hand joints set: [0.0000, 0.0055, 0.0055, -0.0039, 0.0000, -0.0098, -0.0176]
[ZMQEndpointInterface] Protocol v4: Right hand joints set: [0.0000, 0.0000, 0.0000, 0.0000, 0.0000, 0.0000, 0.0000]
[ZMQEndpointInterface] Received ZMQ message - topic: 'pose', protocol_version: 4, num_fields: 4, total_size: 4 buffers
[ZMQEndpointInterface] *** Starting ZMQ processing ***
[ZMQEndpointInterface] Protocol version: 4
[ZMQEndpointInterface] Protocol v4: Received 64D token (latent action), tokens[0]=0.0559, frame_index: 1079
[ZMQEndpointInterface] Protocol v4: Left hand joints set: [0.0000, 0.0055, 0.0068, -0.0059, 0.0000, -0.0117, -0.0029]
[ZMQEndpointInterface] Protocol v4: Right hand joints set: [0.0000, -0.0027, 0.0000, 0.0000, 0.0000, 0.0000, 0.0000]
[ZMQEndpointInterface] Received ZMQ message - topic: 'pose', protocol_version: 4, num_fields: 4, total_size: 4 buffers
[ZMQEndpointInterface] *** Starting ZMQ processing ***
[ZMQEndpointInterface] Protocol version: 4
[ZMQEndpointInterface] Protocol v4: Received 64D token (latent action), tokens[0]=0.0540, frame_index: 1080
[ZMQEndpointInterface] Protocol v4: Left hand joints set: [0.0000, 0.0055, 0.0082, -0.0098, -0.0029, -0.0078, -0.0059]
[ZMQEndpointInterface] Protocol v4: Right hand joints set: [0.0000, -0.0055, 0.0000, 0.0000, 0.0000, 0.0000, 0.0000]
[ZMQEndpointInterface] Received ZMQ message - topic: 'pose', protocol_version: 4, num_fields: 4, total_size: 4 buffers
[ZMQEndpointInterface] *** Starting ZMQ processing ***
[ZMQEndpointInterface] Protocol version: 4
[ZMQEndpointInterface] Protocol v4: Received 64D token (latent action), tokens[0]=0.0497, frame_index: 1081
[ZMQEndpointInterface] Protocol v4: Left hand joints set: [0.0000, 0.0068, 0.0150, -0.0039, -0.0088, -0.0098, -0.0176]
[ZMQEndpointInterface] Protocol v4: Right hand joints set: [0.0000, -0.0109, -0.0014, 0.0000, 0.0088, 0.0000, 0.0000]
[ZMQEndpointInterface] Received ZMQ message - topic: 'pose', protocol_version: 4, num_fields: 4, total_size: 4 buffers
[ZMQEndpointInterface] *** Starting ZMQ processing ***
[ZMQEndpointInterface] Protocol version: 4
[ZMQEndpointInterface] Protocol v4: Received 64D token (latent action), tokens[0]=0.0468, frame_index: 1082
[ZMQEndpointInterface] Protocol v4: Left hand joints set: [0.0000, 0.0068, 0.0096, -0.0117, -0.0088, -0.0176, -0.0029]
[ZMQEndpointInterface] Protocol v4: Right hand joints set: [0.0000, 0.0000, 0.0000, 0.0000, 0.0117, 0.0039, 0.0000]
[ZMQEndpointInterface] Received ZMQ message - topic: 'pose', protocol_version: 4, num_fields: 4, total_size: 4 buffers
[ZMQEndpointInterface] *** Starting ZMQ processing ***
[ZMQEndpointInterface] Protocol version: 4
[ZMQEndpointInterface] Protocol v4: Received 64D token (latent action), tokens[0]=0.0470, frame_index: 1083
[ZMQEndpointInterface] Protocol v4: Left hand joints set: [0.0000, 0.0096, 0.0096, -0.0039, -0.0059, -0.0234, -0.0176]
[ZMQEndpointInterface] Protocol v4: Right hand joints set: [0.0000, 0.0000, 0.0000, 0.0000, 0.0000, 0.0000, 0.0000]
[ZMQEndpointInterface] Received ZMQ message - topic: 'pose', protocol_version: 4, num_fields: 4, total_size: 4 buffers
[ZMQEndpointInterface] *** Starting ZMQ processing ***
[ZMQEndpointInterface] Protocol version: 4
[ZMQEndpointInterface] Protocol v4: Received 64D token (latent action), tokens[0]=0.0459, frame_index: 1084
[ZMQEndpointInterface] Protocol v4: Left hand joints set: [0.0000, 0.0096, 0.0164, -0.0098, 0.0000, -0.0117, -0.0117]
[ZMQEndpointInterface] Protocol v4: Right hand joints set: [0.0000, -0.0041, 0.0000, 0.0000, 0.0029, 0.0000, 0.0000]
[ZMQEndpointInterface] Received ZMQ message - topic: 'pose', protocol_version: 4, num_fields: 4, total_size: 4 buffers
[ZMQEndpointInterface] *** Starting ZMQ processing ***
[ZMQEndpointInterface] Protocol version: 4
[ZMQEndpointInterface] Protocol v4: Received 64D token (latent action), tokens[0]=0.0433, frame_index: 1085
[ZMQEndpointInterface] Protocol v4: Left hand joints set: [0.0000, 0.0000, 0.0096, 0.0000, -0.0059, -0.0098, -0.0088]
[ZMQEndpointInterface] Protocol v4: Right hand joints set: [0.0000, -0.0014, 0.0000, 0.0000, 0.0000, 0.0000, 0.0000]
[ZMQEndpointInterface] Received ZMQ message - topic: 'pose', protocol_version: 4, num_fields: 4, total_size: 4 buffers
[ZMQEndpointInterface] *** Starting ZMQ processing ***
[ZMQEndpointInterface] Protocol version: 4
[ZMQEndpointInterface] Protocol v4: Received 64D token (latent action), tokens[0]=0.0446, frame_index: 1086
[ZMQEndpointInterface] Protocol v4: Left hand joints set: [0.0000, 0.0082, 0.0096, -0.0039, -0.0059, -0.0098, -0.0176]
[ZMQEndpointInterface] Protocol v4: Right hand joints set: [0.0000, -0.0041, 0.0000, 0.0000, 0.0000, 0.0000, 0.0000]
[ZMQEndpointInterface] Received ZMQ message - topic: 'pose', protocol_version: 4, num_fields: 4, total_size: 4 buffers
[ZMQEndpointInterface] *** Starting ZMQ processing ***
[ZMQEndpointInterface] Protocol version: 4
[ZMQEndpointInterface] Protocol v4: Received 64D token (latent action), tokens[0]=0.0421, frame_index: 1087
[ZMQEndpointInterface] Protocol v4: Left hand joints set: [0.0000, 0.0055, 0.0123, -0.0059, -0.0117, -0.0078, -0.0176]
[ZMQEndpointInterface] Protocol v4: Right hand joints set: [0.0000, -0.0027, 0.0000, 0.0000, 0.0000, 0.0000, 0.0000]
[ZMQEndpointInterface] Received ZMQ message - topic: 'pose', protocol_version: 4, num_fields: 4, total_size: 4 buffers
[ZMQEndpointInterface] *** Starting ZMQ processing ***
[ZMQEndpointInterface] Protocol version: 4
[ZMQEndpointInterface] Protocol v4: Received 64D token (latent action), tokens[0]=0.0423, frame_index: 1088
[ZMQEndpointInterface] Protocol v4: Left hand joints set: [0.0000, 0.0055, 0.0164, -0.0039, -0.0146, -0.0078, -0.0088]
[ZMQEndpointInterface] Protocol v4: Right hand joints set: [0.0000, -0.0068, 0.0000, 0.0000, 0.0000, 0.0000, 0.0000]
[ZMQEndpointInterface] Received ZMQ message - topic: 'pose', protocol_version: 4, num_fields: 4, total_size: 4 buffers
[ZMQEndpointInterface] *** Starting ZMQ processing ***
[ZMQEndpointInterface] Protocol version: 4
[ZMQEndpointInterface] Protocol v4: Received 64D token (latent action), tokens[0]=0.0442, frame_index: 1089
[ZMQEndpointInterface] Protocol v4: Left hand joints set: [0.0000, 0.0041, 0.0096, -0.0039, -0.0059, -0.0098, 0.0000]
[ZMQEndpointInterface] Protocol v4: Right hand joints set: [0.0000, -0.0014, 0.0000, 0.0000, 0.0000, 0.0000, 0.0000]
[ZMQEndpointInterface] Received ZMQ message - topic: 'pose', protocol_version: 4, num_fields: 4, total_size: 4 buffers
[ZMQEndpointInterface] *** Starting ZMQ processing ***
[ZMQEndpointInterface] Protocol version: 4
[ZMQEndpointInterface] Protocol v4: Received 64D token (latent action), tokens[0]=0.0403, frame_index: 1090
[ZMQEndpointInterface] Protocol v4: Left hand joints set: [0.0000, 0.0082, 0.0109, -0.0078, 0.0000, -0.0098, -0.0146]
[ZMQEndpointInterface] Protocol v4: Right hand joints set: [0.0000, -0.0014, 0.0000, 0.0000, 0.0000, 0.0000, 0.0000]
[ZMQEndpointInterface] Received ZMQ message - topic: 'pose', protocol_version: 4, num_fields: 4, total_size: 4 buffers
[ZMQEndpointInterface] *** Starting ZMQ processing ***
[ZMQEndpointInterface] Protocol version: 4
[ZMQEndpointInterface] Protocol v4: Received 64D token (latent action), tokens[0]=0.0427, frame_index: 1091
[ZMQEndpointInterface] Protocol v4: Left hand joints set: [0.0000, 0.0068, 0.0109, -0.0078, -0.0176, -0.0039, -0.0059]
[ZMQEndpointInterface] Protocol v4: Right hand joints set: [0.0000, -0.0027, 0.0000, 0.0000, 0.0000, 0.0000, 0.0000]
[ZMQEndpointInterface] Received ZMQ message - topic: 'pose', protocol_version: 4, num_fields: 4, total_size: 4 buffers
[ZMQEndpointInterface] *** Starting ZMQ processing ***
[ZMQEndpointInterface] Protocol version: 4
[ZMQEndpointInterface] Protocol v4: Received 64D token (latent action), tokens[0]=0.0391, frame_index: 1092
[ZMQEndpointInterface] Protocol v4: Left hand joints set: [0.0000, 0.0055, 0.0000, 0.0000, 0.0000, 0.0000, 0.0000]
[ZMQEndpointInterface] Protocol v4: Right hand joints set: [0.0000, 0.0000, -0.0041, 0.0000, 0.0000, 0.0020, 0.0000]
[ZMQEndpointInterface] Received ZMQ message - topic: 'pose', protocol_version: 4, num_fields: 4, total_size: 4 buffers
[ZMQEndpointInterface] *** Starting ZMQ processing ***
[ZMQEndpointInterface] Protocol version: 4
[ZMQEndpointInterface] Protocol v4: Received 64D token (latent action), tokens[0]=0.0416, frame_index: 1093
[ZMQEndpointInterface] Protocol v4: Left hand joints set: [0.0000, 0.0068, 0.0000, 0.0000, 0.0000, 0.0000, 0.0000]
[ZMQEndpointInterface] Protocol v4: Right hand joints set: [0.0000, -0.0055, 0.0000, 0.0000, 0.0000, 0.0059, 0.0000]
[ZMQEndpointInterface] Received ZMQ message - topic: 'pose', protocol_version: 4, num_fields: 4, total_size: 4 buffers
[ZMQEndpointInterface] *** Starting ZMQ processing ***
[ZMQEndpointInterface] Protocol version: 4
[ZMQEndpointInterface] Protocol v4: Received 64D token (latent action), tokens[0]=0.0414, frame_index: 1094
[ZMQEndpointInterface] Protocol v4: Left hand joints set: [0.0000, 0.0068, 0.0055, 0.0000, 0.0000, 0.0000, 0.0000]
[ZMQEndpointInterface] Protocol v4: Right hand joints set: [0.0000, -0.0068, -0.0027, 0.0000, 0.0000, 0.0000, 0.0000]
[ZMQEndpointInterface] Received ZMQ message - topic: 'pose', protocol_version: 4, num_fields: 4, total_size: 4 buffers
[ZMQEndpointInterface] *** Starting ZMQ processing ***
[ZMQEndpointInterface] Protocol version: 4
[ZMQEndpointInterface] Protocol v4: Received 64D token (latent action), tokens[0]=0.0391, frame_index: 1095
[ZMQEndpointInterface] Protocol v4: Left hand joints set: [0.0000, 0.0014, 0.0000, 0.0000, 0.0000, 0.0000, 0.0000]
[ZMQEndpointInterface] Protocol v4: Right hand joints set: [0.0000, -0.0150, 0.0000, 0.0000, 0.0000, 0.0000, 0.0000]
[ZMQEndpointInterface] Received ZMQ message - topic: 'pose', protocol_version: 4, num_fields: 4, total_size: 4 buffers
[ZMQEndpointInterface] *** Starting ZMQ processing ***
[ZMQEndpointInterface] Protocol version: 4
[ZMQEndpointInterface] Protocol v4: Received 64D token (latent action), tokens[0]=0.0361, frame_index: 1096
[ZMQEndpointInterface] Protocol v4: Left hand joints set: [0.0000, 0.0082, 0.0041, -0.0020, 0.0000, 0.0000, 0.0000]
[ZMQEndpointInterface] Protocol v4: Right hand joints set: [0.0000, -0.0041, 0.0000, 0.0000, 0.0000, 0.0020, 0.0000]
[Token Flow] Copied external tokens, tokens[0]=0.0361
[ZMQEndpointInterface] Received ZMQ message - topic: 'pose', protocol_version: 4, num_fields: 4, total_size: 4 buffers
[ZMQEndpointInterface] *** Starting ZMQ processing ***
[ZMQEndpointInterface] Protocol version: 4
[ZMQEndpointInterface] Protocol v4: Received 64D token (latent action), tokens[0]=0.0348, frame_index: 1097
[ZMQEndpointInterface] Protocol v4: Left hand joints set: [0.0000, 0.0000, 0.0014, 0.0000, 0.0000, 0.0000, 0.0000]
[ZMQEndpointInterface] Protocol v4: Right hand joints set: [0.0000, -0.0055, -0.0014, 0.0039, 0.0000, 0.0000, 0.0000]
[ZMQEndpointInterface] Received ZMQ message - topic: 'pose', protocol_version: 4, num_fields: 4, total_size: 4 buffers
[ZMQEndpointInterface] *** Starting ZMQ processing ***
[ZMQEndpointInterface] Protocol version: 4
[ZMQEndpointInterface] Protocol v4: Received 64D token (latent action), tokens[0]=0.0322, frame_index: 1098
[ZMQEndpointInterface] Protocol v4: Left hand joints set: [0.0000, 0.0000, 0.0000, 0.0000, 0.0000, 0.0000, 0.0000]
[ZMQEndpointInterface] Protocol v4: Right hand joints set: [0.0000, -0.0055, -0.0014, 0.0000, 0.0000, 0.0000, 0.0000]
[ZMQEndpointInterface] Received ZMQ message - topic: 'pose', protocol_version: 4, num_fields: 4, total_size: 4 buffers
[ZMQEndpointInterface] *** Starting ZMQ processing ***
[ZMQEndpointInterface] Protocol version: 4
[ZMQEndpointInterface] Protocol v4: Received 64D token (latent action), tokens[0]=0.0327, frame_index: 1099
[ZMQEndpointInterface] Protocol v4: Left hand joints set: [0.0000, 0.0055, 0.0000, 0.0000, 0.0000, 0.0000, -0.0117]
[ZMQEndpointInterface] Protocol v4: Right hand joints set: [0.0000, -0.0055, 0.0000, 0.0000, 0.0000, 0.0000, 0.0000]
[ZMQEndpointInterface] Received ZMQ message - topic: 'pose', protocol_version: 4, num_fields: 4, total_size: 4 buffers
[ZMQEndpointInterface] *** Starting ZMQ processing ***
[ZMQEndpointInterface] Protocol version: 4
[ZMQEndpointInterface] Protocol v4: Received 64D token (latent action), tokens[0]=0.0292, frame_index: 1100
[ZMQEndpointInterface] Protocol v4: Left hand joints set: [0.0000, 0.0000, 0.0000, -0.0039, 0.0000, 0.0000, -0.0059]
[ZMQEndpointInterface] Protocol v4: Right hand joints set: [0.0000, -0.0055, 0.0000, 0.0000, 0.0000, 0.0000, 0.0000]
[ZMQEndpointInterface] Received ZMQ message - topic: 'pose', protocol_version: 4, num_fields: 4, total_size: 4 buffers
[ZMQEndpointInterface] *** Starting ZMQ processing ***
[ZMQEndpointInterface] Protocol version: 4
[ZMQEndpointInterface] Protocol v4: Received 64D token (latent action), tokens[0]=0.0305, frame_index: 1101
[ZMQEndpointInterface] Protocol v4: Left hand joints set: [0.0000, 0.0027, 0.0000, 0.0000, 0.0000, 0.0000, 0.0000]
[ZMQEndpointInterface] Protocol v4: Right hand joints set: [0.0000, -0.0055, -0.0027, 0.0039, 0.0000, 0.0020, 0.0000]
[ZMQEndpointInterface] Received ZMQ message - topic: 'pose', protocol_version: 4, num_fields: 4, total_size: 4 buffers
[ZMQEndpointInterface] *** Starting ZMQ processing ***
[ZMQEndpointInterface] Protocol version: 4
[ZMQEndpointInterface] Protocol v4: Received 64D token (latent action), tokens[0]=0.0284, frame_index: 1102
[ZMQEndpointInterface] Protocol v4: Left hand joints set: [0.0000, 0.0027, 0.0000, 0.0000, 0.0000, 0.0000, -0.0029]
[ZMQEndpointInterface] Protocol v4: Right hand joints set: [0.0000, -0.0082, 0.0000, 0.0000, 0.0000, 0.0000, 0.0000]
[ZMQEndpointInterface] Received ZMQ message - topic: 'pose', protocol_version: 4, num_fields: 4, total_size: 4 buffers
[ZMQEndpointInterface] *** Starting ZMQ processing ***
[ZMQEndpointInterface] Protocol version: 4
[ZMQEndpointInterface] Protocol v4: Received 64D token (latent action), tokens[0]=0.0237, frame_index: 1103
[ZMQEndpointInterface] Protocol v4: Left hand joints set: [0.0000, 0.0014, 0.0000, -0.0039, 0.0000, -0.0020, -0.0029]
[ZMQEndpointInterface] Protocol v4: Right hand joints set: [0.0000, -0.0027, -0.0027, 0.0000, 0.0000, 0.0000, 0.0000]
[ZMQEndpointInterface] Received ZMQ message - topic: 'pose', protocol_version: 4, num_fields: 4, total_size: 4 buffers
[ZMQEndpointInterface] *** Starting ZMQ processing ***
[ZMQEndpointInterface] Protocol version: 4
[ZMQEndpointInterface] Protocol v4: Received 64D token (latent action), tokens[0]=0.0262, frame_index: 1104
[ZMQEndpointInterface] Protocol v4: Left hand joints set: [0.0000, 0.0027, 0.0027, 0.0000, 0.0000, 0.0000, -0.0088]
[ZMQEndpointInterface] Protocol v4: Right hand joints set: [0.0000, -0.0041, 0.0000, 0.0000, 0.0000, 0.0000, 0.0000]
[ZMQEndpointInterface] Received ZMQ message - topic: 'pose', protocol_version: 4, num_fields: 4, total_size: 4 buffers
[ZMQEndpointInterface] *** Starting ZMQ processing ***
[ZMQEndpointInterface] Protocol version: 4
[ZMQEndpointInterface] Protocol v4: Received 64D token (latent action), tokens[0]=0.0262, frame_index: 1105
[ZMQEndpointInterface] Protocol v4: Left hand joints set: [0.0000, 0.0068, 0.0000, 0.0000, 0.0000, 0.0000, 0.0000]
[ZMQEndpointInterface] Protocol v4: Right hand joints set: [0.0000, 0.0000, -0.0027, 0.0000, 0.0059, 0.0000, 0.0000]
[ZMQEndpointInterface] Received ZMQ message - topic: 'pose', protocol_version: 4, num_fields: 4, total_size: 4 buffers
[ZMQEndpointInterface] *** Starting ZMQ processing ***
[ZMQEndpointInterface] Protocol version: 4
[ZMQEndpointInterface] Protocol v4: Received 64D token (latent action), tokens[0]=0.0275, frame_index: 1106
[ZMQEndpointInterface] Protocol v4: Left hand joints set: [0.0000, 0.0027, 0.0000, 0.0000, 0.0000, 0.0000, -0.0059]
[ZMQEndpointInterface] Protocol v4: Right hand joints set: [0.0000, -0.0041, 0.0000, 0.0000, 0.0000, 0.0000, 0.0000]
[ZMQEndpointInterface] Received ZMQ message - topic: 'pose', protocol_version: 4, num_fields: 4, total_size: 4 buffers
[ZMQEndpointInterface] *** Starting ZMQ processing ***
[ZMQEndpointInterface] Protocol version: 4
[ZMQEndpointInterface] Protocol v4: Received 64D token (latent action), tokens[0]=0.0254, frame_index: 1107
[ZMQEndpointInterface] Protocol v4: Left hand joints set: [0.0000, 0.0000, 0.0027, 0.0000, 0.0000, 0.0000, 0.0000]
[ZMQEndpointInterface] Protocol v4: Right hand joints set: [0.0000, -0.0027, 0.0000, 0.0000, 0.0000, 0.0000, 0.0000]
[ZMQEndpointInterface] Received ZMQ message - topic: 'pose', protocol_version: 4, num_fields: 4, total_size: 4 buffers
[ZMQEndpointInterface] *** Starting ZMQ processing ***
[ZMQEndpointInterface] Protocol version: 4
[ZMQEndpointInterface] Protocol v4: Received 64D token (latent action), tokens[0]=0.0228, frame_index: 1108
[ZMQEndpointInterface] Protocol v4: Left hand joints set: [0.0000, 0.0055, 0.0000, 0.0000, 0.0000, 0.0000, 0.0000]
[ZMQEndpointInterface] Protocol v4: Right hand joints set: [0.0000, -0.0027, -0.0068, 0.0000, 0.0000, 0.0000, 0.0000]
[ZMQEndpointInterface] Received ZMQ message - topic: 'pose', protocol_version: 4, num_fields: 4, total_size: 4 buffers
[ZMQEndpointInterface] *** Starting ZMQ processing ***
[ZMQEndpointInterface] Protocol version: 4
[ZMQEndpointInterface] Protocol v4: Received 64D token (latent action), tokens[0]=0.0245, frame_index: 1109
[ZMQEndpointInterface] Protocol v4: Left hand joints set: [0.0000, 0.0027, 0.0000, 0.0000, 0.0000, 0.0000, 0.0000]
[ZMQEndpointInterface] Protocol v4: Right hand joints set: [0.0000, -0.0014, -0.0041, 0.0000, 0.0000, 0.0000, 0.0000]
[ZMQEndpointInterface] Received ZMQ message - topic: 'pose', protocol_version: 4, num_fields: 4, total_size: 4 buffers
[ZMQEndpointInterface] *** Starting ZMQ processing ***
[ZMQEndpointInterface] Protocol version: 4
[ZMQEndpointInterface] Protocol v4: Received 64D token (latent action), tokens[0]=0.0220, frame_index: 1110
[ZMQEndpointInterface] Protocol v4: Left hand joints set: [0.0000, 0.0027, 0.0000, 0.0000, 0.0000, 0.0000, -0.0059]
[ZMQEndpointInterface] Protocol v4: Right hand joints set: [0.0000, -0.0055, -0.0041, 0.0059, 0.0000, 0.0020, 0.0000]
[ZMQEndpointInterface] Received ZMQ message - topic: 'pose', protocol_version: 4, num_fields: 4, total_size: 4 buffers
[ZMQEndpointInterface] *** Starting ZMQ processing ***
[ZMQEndpointInterface] Protocol version: 4
[ZMQEndpointInterface] Protocol v4: Received 64D token (latent action), tokens[0]=0.0228, frame_index: 1111
[ZMQEndpointInterface] Protocol v4: Left hand joints set: [0.0000, 0.0027, 0.0000, 0.0000, 0.0000, -0.0078, 0.0000]
[ZMQEndpointInterface] Protocol v4: Right hand joints set: [0.0000, 0.0000, 0.0000, 0.0059, 0.0000, 0.0000, 0.0000]
Loop timing - LowState age: 4.4180ms, Streaming data mean delay: 9.6940ms, Streaming data std delay: 5.9912ms, IMU age: 4.4040ms, Obs: 59us, Policy: 601us, Obs 2 Motor Command: 661us, Post processing: 29us | HandCloseRatio: 1.0000
[ZMQEndpointInterface] Received ZMQ message - topic: 'pose', protocol_version: 4, num_fields: 4, total_size: 4 buffers
[ZMQEndpointInterface] *** Starting ZMQ processing ***
[ZMQEndpointInterface] Protocol version: 4
[ZMQEndpointInterface] Protocol v4: Received 64D token (latent action), tokens[0]=0.0203, frame_index: 1112
[ZMQEndpointInterface] Protocol v4: Left hand joints set: [0.0000, 0.0000, 0.0027, 0.0000, 0.0000, 0.0000, 0.0000]
[ZMQEndpointInterface] Protocol v4: Right hand joints set: [0.0000, -0.0014, -0.0027, 0.0039, 0.0059, 0.0000, 0.0000]
Temporary motion completed.
Reset to frame 0.
[ZMQEndpointInterface] Received ZMQ message - topic: 'pose', protocol_version: 4, num_fields: 4, total_size: 4 buffers
[ZMQEndpointInterface] *** Starting ZMQ processing ***
[ZMQEndpointInterface] Protocol version: 4
[ZMQEndpointInterface] Protocol v4: Received 64D token (latent action), tokens[0]=0.0215, frame_index: 1113
[ZMQEndpointInterface] Protocol v4: Left hand joints set: [0.0000, 0.0055, 0.0014, 0.0000, 0.0000, -0.0078, 0.0000]
[ZMQEndpointInterface] Protocol v4: Right hand joints set: [0.0000, -0.0055, 0.0000, 0.0000, 0.0000, 0.0020, 0.0059]
Reset heading state to 0.9972, -0.0031, -0.0462, -0.0579
Reset delta heading to 0
Reset init reference data root rotation to current frame: 0.9997, -0.0016, -0.0223, -0.0045
**********************************************************
Reference motion name: temporary_motion
**********************************************************
[ZMQEndpointInterface] Received ZMQ message - topic: 'pose', protocol_version: 4, num_fields: 4, total_size: 4 buffers
[ZMQEndpointInterface] *** Starting ZMQ processing ***
[ZMQEndpointInterface] Protocol version: 4
[ZMQEndpointInterface] Protocol v4: Received 64D token (latent action), tokens[0]=0.0164, frame_index: 1114
[ZMQEndpointInterface] Protocol v4: Left hand joints set: [0.0000, 0.0000, 0.0000, 0.0000, 0.0000, 0.0000, 0.0000]
[ZMQEndpointInterface] Protocol v4: Right hand joints set: [0.0000, -0.0068, -0.0055, 0.0039, 0.0000, 0.0039, 0.0000]
[ZMQEndpointInterface] Received ZMQ message - topic: 'pose', protocol_version: 4, num_fields: 4, total_size: 4 buffers
[ZMQEndpointInterface] *** Starting ZMQ processing ***
[ZMQEndpointInterface] Protocol version: 4
[ZMQEndpointInterface] Protocol v4: Received 64D token (latent action), tokens[0]=0.0198, frame_index: 1115
[ZMQEndpointInterface] Protocol v4: Left hand joints set: [0.0000, 0.0027, 0.0000, 0.0000, 0.0000, 0.0000, 0.0000]
[ZMQEndpointInterface] Protocol v4: Right hand joints set: [0.0000, -0.0027, 0.0000, 0.0000, 0.0029, 0.0000, 0.0000]
[ZMQEndpointInterface] Received ZMQ message - topic: 'pose', protocol_version: 4, num_fields: 4, total_size: 4 buffers
[ZMQEndpointInterface] *** Starting ZMQ processing ***
[ZMQEndpointInterface] Protocol version: 4
[ZMQEndpointInterface] Protocol v4: Received 64D token (latent action), tokens[0]=0.0160, frame_index: 1116
[ZMQEndpointInterface] Protocol v4: Left hand joints set: [0.0000, 0.0000, 0.0014, 0.0000, 0.0000, 0.0000, 0.0000]
[ZMQEndpointInterface] Protocol v4: Right hand joints set: [0.0000, -0.0041, 0.0000, 0.0000, 0.0000, 0.0000, 0.0000]
[ZMQEndpointInterface] Received ZMQ message - topic: 'pose', protocol_version: 4, num_fields: 4, total_size: 4 buffers
[ZMQEndpointInterface] *** Starting ZMQ processing ***
[ZMQEndpointInterface] Protocol version: 4
[ZMQEndpointInterface] Protocol v4: Received 64D token (latent action), tokens[0]=0.0156, frame_index: 1117
[ZMQEndpointInterface] Protocol v4: Left hand joints set: [0.0000, 0.0000, 0.0000, 0.0000, 0.0000, 0.0000, 0.0000]
[ZMQEndpointInterface] Protocol v4: Right hand joints set: [0.0000, -0.0109, 0.0000, 0.0059, 0.0000, 0.0039, 0.0000]
[ZMQEndpointInterface] Received ZMQ message - topic: 'pose', protocol_version: 4, num_fields: 4, total_size: 4 buffers
[ZMQEndpointInterface] *** Starting ZMQ processing ***
[ZMQEndpointInterface] Protocol version: 4
[ZMQEndpointInterface] Protocol v4: Received 64D token (latent action), tokens[0]=0.0117, frame_index: 1118
[ZMQEndpointInterface] Protocol v4: Left hand joints set: [0.0000, 0.0000, 0.0000, 0.0000, 0.0000, 0.0000, 0.0000]
[ZMQEndpointInterface] Protocol v4: Right hand joints set: [0.0000, -0.0109, -0.0027, 0.0000, 0.0000, 0.0078, 0.0000]
[ZMQEndpointInterface] Received ZMQ message - topic: 'pose', protocol_version: 4, num_fields: 4, total_size: 4 buffers
[ZMQEndpointInterface] *** Starting ZMQ processing ***
[ZMQEndpointInterface] Protocol version: 4
[ZMQEndpointInterface] Protocol v4: Received 64D token (latent action), tokens[0]=0.0480, frame_index: 1119
[ZMQEndpointInterface] Protocol v4: Left hand joints set: [0.0000, 0.0000, 0.0000, -0.0059, 0.0000, 0.0000, 0.0000]
[ZMQEndpointInterface] Protocol v4: Right hand joints set: [0.0000, -0.0041, 0.0000, 0.0039, 0.0000, 0.0020, 0.0000]
[ZMQEndpointInterface] Received ZMQ message - topic: 'pose', protocol_version: 4, num_fields: 4, total_size: 4 buffers
[ZMQEndpointInterface] *** Starting ZMQ processing ***
[ZMQEndpointInterface] Protocol version: 4
[ZMQEndpointInterface] Protocol v4: Received 64D token (latent action), tokens[0]=0.0461, frame_index: 1120
[ZMQEndpointInterface] Protocol v4: Left hand joints set: [0.0000, 0.0041, 0.0027, -0.0059, 0.0000, 0.0000, -0.0059]
[ZMQEndpointInterface] Protocol v4: Right hand joints set: [0.0000, 0.0000, 0.0000, 0.0000, 0.0088, 0.0000, 0.0000]
[ZMQEndpointInterface] Received ZMQ message - topic: 'pose', protocol_version: 4, num_fields: 4, total_size: 4 buffers
[ZMQEndpointInterface] *** Starting ZMQ processing ***
[ZMQEndpointInterface] Protocol version: 4
[ZMQEndpointInterface] Protocol v4: Received 64D token (latent action), tokens[0]=0.0391, frame_index: 1121
[ZMQEndpointInterface] Protocol v4: Left hand joints set: [0.0000, 0.0014, 0.0000, -0.0078, 0.0000, 0.0000, 0.0000]
[ZMQEndpointInterface] Protocol v4: Right hand joints set: [0.0000, -0.0055, -0.0014, 0.0000, 0.0000, 0.0000, 0.0029]
[ZMQEndpointInterface] Received ZMQ message - topic: 'pose', protocol_version: 4, num_fields: 4, total_size: 4 buffers
[ZMQEndpointInterface] *** Starting ZMQ processing ***
[ZMQEndpointInterface] Protocol version: 4
[ZMQEndpointInterface] Protocol v4: Received 64D token (latent action), tokens[0]=0.0408, frame_index: 1122
[ZMQEndpointInterface] Protocol v4: Left hand joints set: [0.0000, 0.0055, 0.0000, 0.0000, 0.0000, 0.0000, -0.0117]
[ZMQEndpointInterface] Protocol v4: Right hand joints set: [0.0000, -0.0014, 0.0000, 0.0000, 0.0088, 0.0000, 0.0000]
[ZMQEndpointInterface] Received ZMQ message - topic: 'pose', protocol_version: 4, num_fields: 4, total_size: 4 buffers
[ZMQEndpointInterface] *** Starting ZMQ processing ***
[ZMQEndpointInterface] Protocol version: 4
[ZMQEndpointInterface] Protocol v4: Received 64D token (latent action), tokens[0]=0.0425, frame_index: 1123
[ZMQEndpointInterface] Protocol v4: Left hand joints set: [0.0000, 0.0027, 0.0000, -0.0078, 0.0000, -0.0059, -0.0117]
[ZMQEndpointInterface] Protocol v4: Right hand joints set: [0.0000, -0.0041, -0.0027, 0.0059, 0.0000, 0.0000, 0.0000]
[ZMQEndpointInterface] Received ZMQ message - topic: 'pose', protocol_version: 4, num_fields: 4, total_size: 4 buffers
[ZMQEndpointInterface] *** Starting ZMQ processing ***
[ZMQEndpointInterface] Protocol version: 4
[ZMQEndpointInterface] Protocol v4: Received 64D token (latent action), tokens[0]=0.0378, frame_index: 1124
[ZMQEndpointInterface] Protocol v4: Left hand joints set: [0.0000, 0.0096, 0.0027, 0.0000, 0.0000, 0.0000, -0.0059]
[ZMQEndpointInterface] Protocol v4: Right hand joints set: [0.0000, 0.0000, 0.0000, 0.0000, 0.0000, 0.0000, 0.0000]
[ZMQEndpointInterface] Received ZMQ message - topic: 'pose', protocol_version: 4, num_fields: 4, total_size: 4 buffers
[ZMQEndpointInterface] *** Starting ZMQ processing ***
[ZMQEndpointInterface] Protocol version: 4
[ZMQEndpointInterface] Protocol v4: Received 64D token (latent action), tokens[0]=0.0348, frame_index: 1125
[ZMQEndpointInterface] Protocol v4: Left hand joints set: [0.0000, 0.0000, 0.0000, -0.0039, -0.0029, -0.0039, -0.0146]
[ZMQEndpointInterface] Protocol v4: Right hand joints set: [0.0000, -0.0055, -0.0027, 0.0059, 0.0059, 0.0000, 0.0000]
[ZMQEndpointInterface] Received ZMQ message - topic: 'pose', protocol_version: 4, num_fields: 4, total_size: 4 buffers
[ZMQEndpointInterface] *** Starting ZMQ processing ***
[ZMQEndpointInterface] Protocol version: 4
[ZMQEndpointInterface] Protocol v4: Received 64D token (latent action), tokens[0]=0.0356, frame_index: 1126
[ZMQEndpointInterface] Protocol v4: Left hand joints set: [0.0000, 0.0055, 0.0000, 0.0000, 0.0000, 0.0000, 0.0000]
[ZMQEndpointInterface] Protocol v4: Right hand joints set: [0.0000, -0.0014, 0.0000, 0.0020, 0.0059, 0.0020, 0.0000]
[ZMQEndpointInterface] Received ZMQ message - topic: 'pose', protocol_version: 4, num_fields: 4, total_size: 4 buffers
[ZMQEndpointInterface] *** Starting ZMQ processing ***
[ZMQEndpointInterface] Protocol version: 4
[ZMQEndpointInterface] Protocol v4: Received 64D token (latent action), tokens[0]=0.0314, frame_index: 1127
[ZMQEndpointInterface] Protocol v4: Left hand joints set: [0.0000, 0.0014, 0.0000, -0.0020, 0.0000, 0.0000, 0.0000]
[ZMQEndpointInterface] Protocol v4: Right hand joints set: [0.0000, 0.0000, -0.0027, 0.0000, 0.0000, 0.0000, 0.0000]
[ZMQEndpointInterface] Received ZMQ message - topic: 'pose', protocol_version: 4, num_fields: 4, total_size: 4 buffers
[ZMQEndpointInterface] *** Starting ZMQ processing ***
[ZMQEndpointInterface] Protocol version: 4
[ZMQEndpointInterface] Protocol v4: Received 64D token (latent action), tokens[0]=0.0322, frame_index: 1128
[ZMQEndpointInterface] Protocol v4: Left hand joints set: [0.0000, 0.0082, 0.0000, -0.0020, 0.0000, -0.0039, -0.0117]
[ZMQEndpointInterface] Protocol v4: Right hand joints set: [0.0000, -0.0014, 0.0000, 0.0000, 0.0000, 0.0000, 0.0000]
[ZMQEndpointInterface] Received ZMQ message - topic: 'pose', protocol_version: 4, num_fields: 4, total_size: 4 buffers
[ZMQEndpointInterface] *** Starting ZMQ processing ***
[ZMQEndpointInterface] Protocol version: 4
[ZMQEndpointInterface] Protocol v4: Received 64D token (latent action), tokens[0]=0.0288, frame_index: 1129
[ZMQEndpointInterface] Protocol v4: Left hand joints set: [0.0000, 0.0041, 0.0014, 0.0000, 0.0000, 0.0000, 0.0000]
[ZMQEndpointInterface] Protocol v4: Right hand joints set: [0.0000, 0.0000, 0.0000, 0.0000, 0.0059, 0.0000, 0.0000]
[ZMQEndpointInterface] Received ZMQ message - topic: 'pose', protocol_version: 4, num_fields: 4, total_size: 4 buffers
[ZMQEndpointInterface] *** Starting ZMQ processing ***
[ZMQEndpointInterface] Protocol version: 4
[ZMQEndpointInterface] Protocol v4: Received 64D token (latent action), tokens[0]=0.0292, frame_index: 1130
[ZMQEndpointInterface] Protocol v4: Left hand joints set: [0.0000, 0.0014, 0.0000, 0.0000, 0.0000, 0.0000, 0.0000]
[ZMQEndpointInterface] Protocol v4: Right hand joints set: [0.0000, -0.0027, 0.0000, 0.0000, 0.0000, 0.0000, 0.0000]
[ZMQEndpointInterface] Received ZMQ message - topic: 'pose', protocol_version: 4, num_fields: 4, total_size: 4 buffers
[ZMQEndpointInterface] *** Starting ZMQ processing ***
[ZMQEndpointInterface] Protocol version: 4
[ZMQEndpointInterface] Protocol v4: Received 64D token (latent action), tokens[0]=0.0258, frame_index: 1131
[ZMQEndpointInterface] Protocol v4: Left hand joints set: [0.0000, 0.0109, 0.0000, -0.0039, 0.0000, 0.0000, -0.0088]
[ZMQEndpointInterface] Protocol v4: Right hand joints set: [0.0000, -0.0027, 0.0000, 0.0000, 0.0000, 0.0078, 0.0000]
[ZMQEndpointInterface] Received ZMQ message - topic: 'pose', protocol_version: 4, num_fields: 4, total_size: 4 buffers
[ZMQEndpointInterface] *** Starting ZMQ processing ***
[ZMQEndpointInterface] Protocol version: 4
[ZMQEndpointInterface] Protocol v4: Received 64D token (latent action), tokens[0]=0.0254, frame_index: 1132
[ZMQEndpointInterface] Protocol v4: Left hand joints set: [0.0000, 0.0055, 0.0014, -0.0039, 0.0000, -0.0020, -0.0029]
[ZMQEndpointInterface] Protocol v4: Right hand joints set: [0.0000, 0.0000, 0.0000, 0.0000, 0.0000, 0.0000, 0.0000]
[ZMQEndpointInterface] Received ZMQ message - topic: 'pose', protocol_version: 4, num_fields: 4, total_size: 4 buffers
[ZMQEndpointInterface] *** Starting ZMQ processing ***
[ZMQEndpointInterface] Protocol version: 4
[ZMQEndpointInterface] Protocol v4: Received 64D token (latent action), tokens[0]=0.0241, frame_index: 1133
[ZMQEndpointInterface] Protocol v4: Left hand joints set: [0.0000, 0.0000, 0.0014, 0.0000, 0.0000, 0.0000, 0.0000]
[ZMQEndpointInterface] Protocol v4: Right hand joints set: [0.0000, 0.0000, 0.0000, 0.0000, 0.0000, 0.0039, 0.0000]
[ZMQEndpointInterface] Received ZMQ message - topic: 'pose', protocol_version: 4, num_fields: 4, total_size: 4 buffers
[ZMQEndpointInterface] *** Starting ZMQ processing ***
[ZMQEndpointInterface] Protocol version: 4
[ZMQEndpointInterface] Protocol v4: Received 64D token (latent action), tokens[0]=0.0164, frame_index: 1134
[ZMQEndpointInterface] Protocol v4: Left hand joints set: [0.0000, 0.0027, 0.0000, -0.0039, 0.0000, 0.0000, 0.0000]
[ZMQEndpointInterface] Protocol v4: Right hand joints set: [0.0000, -0.0014, 0.0000, 0.0000, 0.0000, 0.0000, 0.0059]
[ZMQEndpointInterface] Received ZMQ message - topic: 'pose', protocol_version: 4, num_fields: 4, total_size: 4 buffers
[ZMQEndpointInterface] *** Starting ZMQ processing ***
[ZMQEndpointInterface] Protocol version: 4
[ZMQEndpointInterface] Protocol v4: Received 64D token (latent action), tokens[0]=0.0164, frame_index: 1135
[ZMQEndpointInterface] Protocol v4: Left hand joints set: [0.0000, 0.0041, 0.0027, -0.0039, 0.0000, -0.0039, -0.0146]
[ZMQEndpointInterface] Protocol v4: Right hand joints set: [0.0000, -0.0014, 0.0000, 0.0000, 0.0059, 0.0000, 0.0000]
[ZMQEndpointInterface] Received ZMQ message - topic: 'pose', protocol_version: 4, num_fields: 4, total_size: 4 buffers
[ZMQEndpointInterface] *** Starting ZMQ processing ***
[ZMQEndpointInterface] Protocol version: 4
[ZMQEndpointInterface] Protocol v4: Received 64D token (latent action), tokens[0]=0.0109, frame_index: 1136
[ZMQEndpointInterface] Protocol v4: Left hand joints set: [0.0000, 0.0000, 0.0000, 0.0000, 0.0000, 0.0000, 0.0000]
[ZMQEndpointInterface] Protocol v4: Right hand joints set: [0.0000, 0.0000, 0.0000, 0.0000, 0.0000, 0.0020, 0.0059]
[ZMQEndpointInterface] Received ZMQ message - topic: 'pose', protocol_version: 4, num_fields: 4, total_size: 4 buffers
[ZMQEndpointInterface] *** Starting ZMQ processing ***
[ZMQEndpointInterface] Protocol version: 4
[ZMQEndpointInterface] Protocol v4: Received 64D token (latent action), tokens[0]=0.0109, frame_index: 1137
[ZMQEndpointInterface] Protocol v4: Left hand joints set: [0.0000, 0.0000, 0.0000, -0.0020, 0.0000, 0.0000, -0.0059]
[ZMQEndpointInterface] Protocol v4: Right hand joints set: [0.0000, -0.0014, 0.0000, 0.0000, 0.0000, 0.0000, 0.0000]
[ZMQEndpointInterface] Received ZMQ message - topic: 'pose', protocol_version: 4, num_fields: 4, total_size: 4 buffers
[ZMQEndpointInterface] *** Starting ZMQ processing ***
[ZMQEndpointInterface] Protocol version: 4
[ZMQEndpointInterface] Protocol v4: Received 64D token (latent action), tokens[0]=0.0062, frame_index: 1138
[ZMQEndpointInterface] Protocol v4: Left hand joints set: [0.0000, 0.0014, 0.0000, -0.0098, 0.0000, 0.0000, 0.0000]
[ZMQEndpointInterface] Protocol v4: Right hand joints set: [0.0000, -0.0027, -0.0055, 0.0000, 0.0059, 0.0020, 0.0000]
[ZMQEndpointInterface] Received ZMQ message - topic: 'pose', protocol_version: 4, num_fields: 4, total_size: 4 buffers
[ZMQEndpointInterface] *** Starting ZMQ processing ***
[ZMQEndpointInterface] Protocol version: 4
[ZMQEndpointInterface] Protocol v4: Received 64D token (latent action), tokens[0]=0.0117, frame_index: 1139
[ZMQEndpointInterface] Protocol v4: Left hand joints set: [0.0000, 0.0027, 0.0000, -0.0059, 0.0000, -0.0039, 0.0000]
[ZMQEndpointInterface] Protocol v4: Right hand joints set: [0.0000, 0.0000, 0.0000, 0.0078, 0.0000, 0.0020, 0.0000]
[ZMQEndpointInterface] Received ZMQ message - topic: 'pose', protocol_version: 4, num_fields: 4, total_size: 4 buffers
[ZMQEndpointInterface] *** Starting ZMQ processing ***
[ZMQEndpointInterface] Protocol version: 4
[ZMQEndpointInterface] Protocol v4: Received 64D token (latent action), tokens[0]=0.0092, frame_index: 1140
[ZMQEndpointInterface] Protocol v4: Left hand joints set: [0.0000, 0.0014, 0.0000, -0.0039, 0.0000, 0.0000, 0.0000]
[ZMQEndpointInterface] Protocol v4: Right hand joints set: [0.0000, -0.0027, -0.0027, 0.0000, 0.0000, 0.0078, 0.0000]
[ZMQEndpointInterface] Received ZMQ message - topic: 'pose', protocol_version: 4, num_fields: 4, total_size: 4 buffers
[ZMQEndpointInterface] *** Starting ZMQ processing ***
[ZMQEndpointInterface] Protocol version: 4
[ZMQEndpointInterface] Protocol v4: Received 64D token (latent action), tokens[0]=0.0117, frame_index: 1141
[ZMQEndpointInterface] Protocol v4: Left hand joints set: [0.0000, 0.0027, 0.0000, -0.0059, 0.0000, 0.0000, 0.0000]
[ZMQEndpointInterface] Protocol v4: Right hand joints set: [0.0000, -0.0014, -0.0027, 0.0059, 0.0000, 0.0000, 0.0000]
[ZMQEndpointInterface] Received ZMQ message - topic: 'pose', protocol_version: 4, num_fields: 4, total_size: 4 buffers
[ZMQEndpointInterface] *** Starting ZMQ processing ***
[ZMQEndpointInterface] Protocol version: 4
[ZMQEndpointInterface] Protocol v4: Received 64D token (latent action), tokens[0]=0.0104, frame_index: 1142
[ZMQEndpointInterface] Protocol v4: Left hand joints set: [0.0000, 0.0027, 0.0000, 0.0000, 0.0000, 0.0000, 0.0000]
[ZMQEndpointInterface] Protocol v4: Right hand joints set: [0.0000, -0.0055, 0.0000, 0.0000, 0.0000, 0.0078, 0.0029]
[ZMQEndpointInterface] Received ZMQ message - topic: 'pose', protocol_version: 4, num_fields: 4, total_size: 4 buffers
[ZMQEndpointInterface] *** Starting ZMQ processing ***
[ZMQEndpointInterface] Protocol version: 4
[ZMQEndpointInterface] Protocol v4: Received 64D token (latent action), tokens[0]=0.0109, frame_index: 1143
[ZMQEndpointInterface] Protocol v4: Left hand joints set: [0.0000, 0.0082, 0.0000, -0.0195, 0.0000, -0.0059, 0.0000]
[ZMQEndpointInterface] Protocol v4: Right hand joints set: [0.0000, 0.0000, -0.0041, 0.0000, 0.0000, 0.0039, 0.0059]
[ZMQEndpointInterface] Received ZMQ message - topic: 'pose', protocol_version: 4, num_fields: 4, total_size: 4 buffers
[ZMQEndpointInterface] *** Starting ZMQ processing ***
[ZMQEndpointInterface] Protocol version: 4
[ZMQEndpointInterface] Protocol v4: Received 64D token (latent action), tokens[0]=0.0100, frame_index: 1144
[ZMQEndpointInterface] Protocol v4: Left hand joints set: [0.0000, 0.0027, 0.0027, 0.0000, 0.0000, 0.0000, 0.0000]
[ZMQEndpointInterface] Protocol v4: Right hand joints set: [0.0000, 0.0000, -0.0014, 0.0000, 0.0000, 0.0000, 0.0029]
[ZMQEndpointInterface] Received ZMQ message - topic: 'pose', protocol_version: 4, num_fields: 4, total_size: 4 buffers
[ZMQEndpointInterface] *** Starting ZMQ processing ***
[ZMQEndpointInterface] Protocol version: 4
[ZMQEndpointInterface] Protocol v4: Received 64D token (latent action), tokens[0]=0.0079, frame_index: 1145
[ZMQEndpointInterface] Protocol v4: Left hand joints set: [0.0000, 0.0068, 0.0000, 0.0000, -0.0088, 0.0000, -0.0146]
[ZMQEndpointInterface] Protocol v4: Right hand joints set: [0.0000, -0.0014, -0.0027, 0.0000, 0.0117, 0.0000, 0.0029]
[ZMQEndpointInterface] Received ZMQ message - topic: 'pose', protocol_version: 4, num_fields: 4, total_size: 4 buffers
[ZMQEndpointInterface] *** Starting ZMQ processing ***
[ZMQEndpointInterface] Protocol version: 4
[ZMQEndpointInterface] Protocol v4: Received 64D token (latent action), tokens[0]=0.0126, frame_index: 1146
[ZMQEndpointInterface] Protocol v4: Left hand joints set: [0.0000, 0.0027, 0.0055, -0.0098, 0.0000, 0.0000, 0.0000]
[ZMQEndpointInterface] Protocol v4: Right hand joints set: [0.0000, -0.0055, -0.0014, 0.0000, 0.0059, 0.0000, 0.0000]
[Token Flow] Copied external tokens, tokens[0]=0.0126
[ZMQEndpointInterface] Received ZMQ message - topic: 'pose', protocol_version: 4, num_fields: 4, total_size: 4 buffers
[ZMQEndpointInterface] *** Starting ZMQ processing ***
[ZMQEndpointInterface] Protocol version: 4
[ZMQEndpointInterface] Protocol v4: Received 64D token (latent action), tokens[0]=0.0126, frame_index: 1147
[ZMQEndpointInterface] Protocol v4: Left hand joints set: [0.0000, 0.0055, 0.0014, -0.0117, 0.0000, 0.0000, -0.0059]
[ZMQEndpointInterface] Protocol v4: Right hand joints set: [0.0000, 0.0000, 0.0000, 0.0039, 0.0000, 0.0000, 0.0000]
[ZMQEndpointInterface] Received ZMQ message - topic: 'pose', protocol_version: 4, num_fields: 4, total_size: 4 buffers
[ZMQEndpointInterface] *** Starting ZMQ processing ***
[ZMQEndpointInterface] Protocol version: 4
[ZMQEndpointInterface] Protocol v4: Received 64D token (latent action), tokens[0]=0.0143, frame_index: 1148
[ZMQEndpointInterface] Protocol v4: Left hand joints set: [0.0000, 0.0014, 0.0000, -0.0137, -0.0117, 0.0000, -0.0059]
[ZMQEndpointInterface] Protocol v4: Right hand joints set: [0.0000, -0.0027, -0.0014, 0.0000, 0.0059, 0.0039, 0.0000]
[ZMQEndpointInterface] Received ZMQ message - topic: 'pose', protocol_version: 4, num_fields: 4, total_size: 4 buffers
[ZMQEndpointInterface] *** Starting ZMQ processing ***
[ZMQEndpointInterface] Protocol version: 4
[ZMQEndpointInterface] Protocol v4: Received 64D token (latent action), tokens[0]=0.0194, frame_index: 1149
[ZMQEndpointInterface] Protocol v4: Left hand joints set: [0.0000, 0.0082, 0.0027, -0.0098, -0.0029, -0.0059, 0.0000]
[ZMQEndpointInterface] Protocol v4: Right hand joints set: [0.0000, 0.0000, 0.0000, 0.0000, 0.0000, 0.0000, 0.0029]
[ZMQEndpointInterface] Received ZMQ message - topic: 'pose', protocol_version: 4, num_fields: 4, total_size: 4 buffers
[ZMQEndpointInterface] *** Starting ZMQ processing ***
[ZMQEndpointInterface] Protocol version: 4
[ZMQEndpointInterface] Protocol v4: Received 64D token (latent action), tokens[0]=0.0194, frame_index: 1150
[ZMQEndpointInterface] Protocol v4: Left hand joints set: [0.0000, 0.0041, 0.0055, -0.0117, -0.0088, 0.0000, -0.0029]
[ZMQEndpointInterface] Protocol v4: Right hand joints set: [0.0000, 0.0000, 0.0000, 0.0000, 0.0000, 0.0000, 0.0000]
[ZMQEndpointInterface] Received ZMQ message - topic: 'pose', protocol_version: 4, num_fields: 4, total_size: 4 buffers
[ZMQEndpointInterface] *** Starting ZMQ processing ***
[ZMQEndpointInterface] Protocol version: 4
[ZMQEndpointInterface] Protocol v4: Received 64D token (latent action), tokens[0]=0.0194, frame_index: 1151
[ZMQEndpointInterface] Protocol v4: Left hand joints set: [0.0000, 0.0014, 0.0082, -0.0078, -0.0059, 0.0000, 0.0000]
[ZMQEndpointInterface] Protocol v4: Right hand joints set: [0.0000, -0.0027, -0.0027, 0.0000, 0.0000, 0.0039, 0.0000]
[ZMQEndpointInterface] Received ZMQ message - topic: 'pose', protocol_version: 4, num_fields: 4, total_size: 4 buffers
[ZMQEndpointInterface] *** Starting ZMQ processing ***
[ZMQEndpointInterface] Protocol version: 4
[ZMQEndpointInterface] Protocol v4: Received 64D token (latent action), tokens[0]=0.0194, frame_index: 1152
[ZMQEndpointInterface] Protocol v4: Left hand joints set: [0.0000, 0.0027, 0.0027, -0.0117, -0.0029, 0.0000, -0.0059]
[ZMQEndpointInterface] Protocol v4: Right hand joints set: [0.0000, -0.0027, 0.0000, 0.0000, 0.0000, 0.0000, 0.0000]
[ZMQEndpointInterface] Received ZMQ message - topic: 'pose', protocol_version: 4, num_fields: 4, total_size: 4 buffers
[ZMQEndpointInterface] *** Starting ZMQ processing ***
[ZMQEndpointInterface] Protocol version: 4
[ZMQEndpointInterface] Protocol v4: Received 64D token (latent action), tokens[0]=0.0237, frame_index: 1153
[ZMQEndpointInterface] Protocol v4: Left hand joints set: [0.0000, 0.0041, 0.0027, -0.0078, -0.0059, 0.0000, -0.0146]
[ZMQEndpointInterface] Protocol v4: Right hand joints set: [0.0000, -0.0027, 0.0000, 0.0020, 0.0000, 0.0020, 0.0000]
[ZMQEndpointInterface] Received ZMQ message - topic: 'pose', protocol_version: 4, num_fields: 4, total_size: 4 buffers
[ZMQEndpointInterface] *** Starting ZMQ processing ***
[ZMQEndpointInterface] Protocol version: 4
[ZMQEndpointInterface] Protocol v4: Received 64D token (latent action), tokens[0]=0.0280, frame_index: 1154
[ZMQEndpointInterface] Protocol v4: Left hand joints set: [0.0000, 0.0041, 0.0027, -0.0137, 0.0000, 0.0000, 0.0000]
[ZMQEndpointInterface] Protocol v4: Right hand joints set: [0.0000, -0.0041, -0.0027, 0.0000, 0.0000, 0.0039, 0.0000]
[ZMQEndpointInterface] Received ZMQ message - topic: 'pose', protocol_version: 4, num_fields: 4, total_size: 4 buffers
[ZMQEndpointInterface] *** Starting ZMQ processing ***
[ZMQEndpointInterface] Protocol version: 4
[ZMQEndpointInterface] Protocol v4: Received 64D token (latent action), tokens[0]=0.0280, frame_index: 1155
[ZMQEndpointInterface] Protocol v4: Left hand joints set: [0.0000, 0.0041, 0.0027, -0.0020, -0.0059, 0.0000, -0.0059]
[ZMQEndpointInterface] Protocol v4: Right hand joints set: [0.0000, -0.0014, 0.0000, 0.0020, 0.0000, 0.0078, 0.0000]
[ZMQEndpointInterface] Received ZMQ message - topic: 'pose', protocol_version: 4, num_fields: 4, total_size: 4 buffers
[ZMQEndpointInterface] *** Starting ZMQ processing ***
[ZMQEndpointInterface] Protocol version: 4
[ZMQEndpointInterface] Protocol v4: Received 64D token (latent action), tokens[0]=0.0297, frame_index: 1156
[ZMQEndpointInterface] Protocol v4: Left hand joints set: [0.0000, 0.0027, 0.0000, -0.0039, -0.0088, 0.0000, 0.0000]
[ZMQEndpointInterface] Protocol v4: Right hand joints set: [0.0000, -0.0014, -0.0041, 0.0039, 0.0000, 0.0137, 0.0000]
[ZMQEndpointInterface] Received ZMQ message - topic: 'pose', protocol_version: 4, num_fields: 4, total_size: 4 buffers
[ZMQEndpointInterface] *** Starting ZMQ processing ***
[ZMQEndpointInterface] Protocol version: 4
[ZMQEndpointInterface] Protocol v4: Received 64D token (latent action), tokens[0]=0.0314, frame_index: 1157
[ZMQEndpointInterface] Protocol v4: Left hand joints set: [0.0000, 0.0027, 0.0000, -0.0059, -0.0059, 0.0000, -0.0059]
[ZMQEndpointInterface] Protocol v4: Right hand joints set: [0.0000, -0.0027, -0.0041, 0.0000, 0.0000, 0.0078, 0.0000]
[ZMQEndpointInterface] Received ZMQ message - topic: 'pose', protocol_version: 4, num_fields: 4, total_size: 4 buffers
[ZMQEndpointInterface] *** Starting ZMQ processing ***
[ZMQEndpointInterface] Protocol version: 4
[ZMQEndpointInterface] Protocol v4: Received 64D token (latent action), tokens[0]=0.0305, frame_index: 1158
[ZMQEndpointInterface] Protocol v4: Left hand joints set: [0.0000, 0.0055, 0.0027, -0.0117, -0.0088, 0.0000, 0.0000]
[ZMQEndpointInterface] Protocol v4: Right hand joints set: [0.0000, -0.0041, -0.0014, 0.0000, 0.0000, 0.0059, 0.0000]
[ZMQEndpointInterface] Received ZMQ message - topic: 'pose', protocol_version: 4, num_fields: 4, total_size: 4 buffers
[ZMQEndpointInterface] *** Starting ZMQ processing ***
[ZMQEndpointInterface] Protocol version: 4
[ZMQEndpointInterface] Protocol v4: Received 64D token (latent action), tokens[0]=0.0344, frame_index: 1159
[ZMQEndpointInterface] Protocol v4: Left hand joints set: [0.0000, 0.0041, 0.0027, -0.0078, 0.0000, 0.0000, -0.0059]
[ZMQEndpointInterface] Protocol v4: Right hand joints set: [0.0000, -0.0055, 0.0000, 0.0000, 0.0000, 0.0020, 0.0000]
[ZMQEndpointInterface] Received ZMQ message - topic: 'pose', protocol_version: 4, num_fields: 4, total_size: 4 buffers
[ZMQEndpointInterface] *** Starting ZMQ processing ***
[ZMQEndpointInterface] Protocol version: 4
[ZMQEndpointInterface] Protocol v4: Received 64D token (latent action), tokens[0]=0.0322, frame_index: 1160
[ZMQEndpointInterface] Protocol v4: Left hand joints set: [0.0000, 0.0000, 0.0000, -0.0078, -0.0029, 0.0000, 0.0000]
[ZMQEndpointInterface] Protocol v4: Right hand joints set: [0.0000, 0.0000, 0.0000, 0.0117, 0.0000, 0.0098, 0.0000]
[ZMQEndpointInterface] Received ZMQ message - topic: 'pose', protocol_version: 4, num_fields: 4, total_size: 4 buffers
[ZMQEndpointInterface] *** Starting ZMQ processing ***
[ZMQEndpointInterface] Protocol version: 4
[ZMQEndpointInterface] Protocol v4: Received 64D token (latent action), tokens[0]=0.0331, frame_index: 1161
[ZMQEndpointInterface] Protocol v4: Left hand joints set: [0.0000, 0.0027, 0.0055, -0.0059, 0.0000, -0.0039, -0.0059]
[ZMQEndpointInterface] Protocol v4: Right hand joints set: [0.0000, -0.0027, -0.0027, 0.0000, 0.0000, 0.0078, 0.0000]
Loop timing - LowState age: 3.5330ms, Streaming data mean delay: 9.9400ms, Streaming data std delay: 5.7691ms, IMU age: 3.5220ms, Obs: 67us, Policy: 614us, Obs 2 Motor Command: 681us, Post processing: 22us | HandCloseRatio: 1.0000
[ZMQEndpointInterface] Received ZMQ message - topic: 'pose', protocol_version: 4, num_fields: 4, total_size: 4 buffers
[ZMQEndpointInterface] *** Starting ZMQ processing ***
[ZMQEndpointInterface] Protocol version: 4
[ZMQEndpointInterface] Protocol v4: Received 64D token (latent action), tokens[0]=0.0348, frame_index: 1162
[ZMQEndpointInterface] Protocol v4: Left hand joints set: [0.0000, 0.0096, 0.0014, -0.0078, -0.0029, 0.0000, 0.0000]
[ZMQEndpointInterface] Protocol v4: Right hand joints set: [0.0000, -0.0041, -0.0014, 0.0078, 0.0000, 0.0039, 0.0000]
[ZMQEndpointInterface] Received ZMQ message - topic: 'pose', protocol_version: 4, num_fields: 4, total_size: 4 buffers
[ZMQEndpointInterface] *** Starting ZMQ processing ***
[ZMQEndpointInterface] Protocol version: 4
[ZMQEndpointInterface] Protocol v4: Received 64D token (latent action), tokens[0]=0.0356, frame_index: 1163
[ZMQEndpointInterface] Protocol v4: Left hand joints set: [0.0000, 0.0055, 0.0000, -0.0039, 0.0000, 0.0000, -0.0029]
[ZMQEndpointInterface] Protocol v4: Right hand joints set: [0.0000, 0.0000, -0.0027, 0.0020, 0.0000, 0.0117, 0.0000]
[ZMQEndpointInterface] Received ZMQ message - topic: 'pose', protocol_version: 4, num_fields: 4, total_size: 4 buffers
[ZMQEndpointInterface] *** Starting ZMQ processing ***
[ZMQEndpointInterface] Protocol version: 4
[ZMQEndpointInterface] Protocol v4: Received 64D token (latent action), tokens[0]=0.0356, frame_index: 1164
[ZMQEndpointInterface] Protocol v4: Left hand joints set: [0.0000, 0.0014, 0.0068, -0.0098, 0.0000, 0.0000, -0.0059]
[ZMQEndpointInterface] Protocol v4: Right hand joints set: [0.0000, -0.0027, 0.0000, 0.0039, 0.0000, 0.0078, 0.0000]
[ZMQEndpointInterface] Received ZMQ message - topic: 'pose', protocol_version: 4, num_fields: 4, total_size: 4 buffers
[ZMQEndpointInterface] *** Starting ZMQ processing ***
[ZMQEndpointInterface] Protocol version: 4
[ZMQEndpointInterface] Protocol v4: Received 64D token (latent action), tokens[0]=0.0356, frame_index: 1165
[ZMQEndpointInterface] Protocol v4: Left hand joints set: [0.0000, 0.0082, 0.0109, -0.0117, 0.0000, 0.0000, -0.0029]
[ZMQEndpointInterface] Protocol v4: Right hand joints set: [0.0000, -0.0027, -0.0027, 0.0098, 0.0029, 0.0078, 0.0000]
[ZMQEndpointInterface] Received ZMQ message - topic: 'pose', protocol_version: 4, num_fields: 4, total_size: 4 buffers
[ZMQEndpointInterface] *** Starting ZMQ processing ***
[ZMQEndpointInterface] Protocol version: 4
[ZMQEndpointInterface] Protocol v4: Received 64D token (latent action), tokens[0]=0.0374, frame_index: 1166
[ZMQEndpointInterface] Protocol v4: Left hand joints set: [0.0000, 0.0082, 0.0055, -0.0078, -0.0029, -0.0039, -0.0029]
[ZMQEndpointInterface] Protocol v4: Right hand joints set: [0.0000, 0.0000, 0.0000, 0.0039, 0.0000, 0.0078, 0.0000]
[ZMQEndpointInterface] Received ZMQ message - topic: 'pose', protocol_version: 4, num_fields: 4, total_size: 4 buffers
[ZMQEndpointInterface] *** Starting ZMQ processing ***
[ZMQEndpointInterface] Protocol version: 4
[ZMQEndpointInterface] Protocol v4: Received 64D token (latent action), tokens[0]=0.0406, frame_index: 1167
[ZMQEndpointInterface] Protocol v4: Left hand joints set: [0.0000, 0.0014, 0.0055, -0.0039, 0.0000, 0.0000, 0.0000]
[ZMQEndpointInterface] Protocol v4: Right hand joints set: [0.0000, 0.0000, 0.0000, 0.0059, 0.0000, 0.0117, 0.0000]
[ZMQEndpointInterface] Received ZMQ message - topic: 'pose', protocol_version: 4, num_fields: 4, total_size: 4 buffers
[ZMQEndpointInterface] *** Starting ZMQ processing ***
[ZMQEndpointInterface] Protocol version: 4
[ZMQEndpointInterface] Protocol v4: Received 64D token (latent action), tokens[0]=0.0403, frame_index: 1168
[ZMQEndpointInterface] Protocol v4: Left hand joints set: [0.0000, 0.0082, 0.0123, -0.0059, 0.0000, 0.0000, 0.0000]
[ZMQEndpointInterface] Protocol v4: Right hand joints set: [0.0000, 0.0000, 0.0000, 0.0078, 0.0000, 0.0059, 0.0000]
[ZMQEndpointInterface] Received ZMQ message - topic: 'pose', protocol_version: 4, num_fields: 4, total_size: 4 buffers
[ZMQEndpointInterface] *** Starting ZMQ processing ***
[ZMQEndpointInterface] Protocol version: 4
[ZMQEndpointInterface] Protocol v4: Received 64D token (latent action), tokens[0]=0.0489, frame_index: 1169
[ZMQEndpointInterface] Protocol v4: Left hand joints set: [0.0000, 0.0109, 0.0082, -0.0078, 0.0000, 0.0000, -0.0059]
[ZMQEndpointInterface] Protocol v4: Right hand joints set: [0.0000, 0.0000, 0.0000, 0.0078, 0.0000, 0.0039, 0.0000]
[ZMQEndpointInterface] Received ZMQ message - topic: 'pose', protocol_version: 4, num_fields: 4, total_size: 4 buffers
[ZMQEndpointInterface] *** Starting ZMQ processing ***
[ZMQEndpointInterface] Protocol version: 4
[ZMQEndpointInterface] Protocol v4: Received 64D token (latent action), tokens[0]=0.0544, frame_index: 1170
[ZMQEndpointInterface] Protocol v4: Left hand joints set: [0.0000, 0.0096, 0.0082, -0.0078, -0.0117, 0.0000, 0.0000]
[ZMQEndpointInterface] Protocol v4: Right hand joints set: [0.0000, -0.0068, -0.0027, 0.0078, 0.0000, 0.0078, 0.0000]
[ZMQEndpointInterface] Received ZMQ message - topic: 'pose', protocol_version: 4, num_fields: 4, total_size: 4 buffers
[ZMQEndpointInterface] *** Starting ZMQ processing ***
[ZMQEndpointInterface] Protocol version: 4
[ZMQEndpointInterface] Protocol v4: Received 64D token (latent action), tokens[0]=0.0585, frame_index: 1171
[ZMQEndpointInterface] Protocol v4: Left hand joints set: [0.0000, 0.0055, 0.0055, -0.0098, 0.0000, 0.0000, 0.0000]
[ZMQEndpointInterface] Protocol v4: Right hand joints set: [0.0000, -0.0041, -0.0082, 0.0098, 0.0029, 0.0059, 0.0000]
[ZMQEndpointInterface] Received ZMQ message - topic: 'pose', protocol_version: 4, num_fields: 4, total_size: 4 buffers
[ZMQEndpointInterface] *** Starting ZMQ processing ***
[ZMQEndpointInterface] Protocol version: 4
[ZMQEndpointInterface] Protocol v4: Received 64D token (latent action), tokens[0]=0.0681, frame_index: 1172
[ZMQEndpointInterface] Protocol v4: Left hand joints set: [0.0000, 0.0082, 0.0082, -0.0020, -0.0029, -0.0020, -0.0059]
[ZMQEndpointInterface] Protocol v4: Right hand joints set: [0.0000, -0.0096, -0.0068, 0.0117, 0.0000, 0.0078, 0.0000]
[ZMQEndpointInterface] Received ZMQ message - topic: 'pose', protocol_version: 4, num_fields: 4, total_size: 4 buffers
[ZMQEndpointInterface] *** Starting ZMQ processing ***
[ZMQEndpointInterface] Protocol version: 4
[ZMQEndpointInterface] Protocol v4: Received 64D token (latent action), tokens[0]=0.0485, frame_index: 1173
[ZMQEndpointInterface] Protocol v4: Left hand joints set: [0.0000, 0.0000, 0.0000, 0.0000, 0.0000, 0.0000, -0.0059]
[ZMQEndpointInterface] Protocol v4: Right hand joints set: [0.0000, 0.0000, 0.0000, 0.0000, 0.0000, 0.0000, 0.0000]
[ZMQEndpointInterface] Received ZMQ message - topic: 'pose', protocol_version: 4, num_fields: 4, total_size: 4 buffers
[ZMQEndpointInterface] *** Starting ZMQ processing ***
[ZMQEndpointInterface] Protocol version: 4
[ZMQEndpointInterface] Protocol v4: Received 64D token (latent action), tokens[0]=0.0446, frame_index: 1174
[ZMQEndpointInterface] Protocol v4: Left hand joints set: [0.0000, 0.0000, 0.0000, 0.0000, 0.0000, 0.0000, -0.0059]
[ZMQEndpointInterface] Protocol v4: Right hand joints set: [0.0000, -0.0014, 0.0000, 0.0000, 0.0000, 0.0020, 0.0000]
Temporary motion completed.
Reset to frame 0.
[ZMQEndpointInterface] Received ZMQ message - topic: 'pose', protocol_version: 4, num_fields: 4, total_size: 4 buffers
[ZMQEndpointInterface] *** Starting ZMQ processing ***
[ZMQEndpointInterface] Protocol version: 4
[ZMQEndpointInterface] Protocol v4: Received 64D token (latent action), tokens[0]=0.0465, frame_index: 1175
[ZMQEndpointInterface] Protocol v4: Left hand joints set: [0.0000, 0.0000, 0.0000, 0.0000, 0.0000, 0.0000, -0.0059]
[ZMQEndpointInterface] Protocol v4: Right hand joints set: [0.0000, -0.0027, -0.0014, 0.0000, 0.0000, 0.0000, 0.0000]
Reset heading state to 0.9983, -0.0015, -0.0308, -0.0500
Reset delta heading to 0
Reset init reference data root rotation to current frame: 0.9997, -0.0016, -0.0223, -0.0045
**********************************************************
Reference motion name: temporary_motion
**********************************************************
[ZMQEndpointInterface] Received ZMQ message - topic: 'pose', protocol_version: 4, num_fields: 4, total_size: 4 buffers
[ZMQEndpointInterface] *** Starting ZMQ processing ***
[ZMQEndpointInterface] Protocol version: 4
[ZMQEndpointInterface] Protocol v4: Received 64D token (latent action), tokens[0]=0.0482, frame_index: 1176
[ZMQEndpointInterface] Protocol v4: Left hand joints set: [0.0000, 0.0014, 0.0000, 0.0000, 0.0000, -0.0020, -0.0117]
[ZMQEndpointInterface] Protocol v4: Right hand joints set: [0.0000, -0.0014, -0.0027, 0.0000, 0.0000, 0.0000, 0.0000]
[ZMQEndpointInterface] Received ZMQ message - topic: 'pose', protocol_version: 4, num_fields: 4, total_size: 4 buffers
[ZMQEndpointInterface] *** Starting ZMQ processing ***
[ZMQEndpointInterface] Protocol version: 4
[ZMQEndpointInterface] Protocol v4: Received 64D token (latent action), tokens[0]=0.0510, frame_index: 1177
[ZMQEndpointInterface] Protocol v4: Left hand joints set: [0.0000, 0.0027, 0.0014, 0.0000, -0.0117, 0.0000, -0.0176]
[ZMQEndpointInterface] Protocol v4: Right hand joints set: [0.0000, 0.0000, 0.0000, 0.0000, 0.0000, 0.0039, 0.0000]
[ZMQEndpointInterface] Received ZMQ message - topic: 'pose', protocol_version: 4, num_fields: 4, total_size: 4 buffers
[ZMQEndpointInterface] *** Starting ZMQ processing ***
[ZMQEndpointInterface] Protocol version: 4
[ZMQEndpointInterface] Protocol v4: Received 64D token (latent action), tokens[0]=0.0510, frame_index: 1178
[ZMQEndpointInterface] Protocol v4: Left hand joints set: [0.0000, 0.0000, 0.0000, 0.0000, 0.0000, 0.0000, 0.0000]
[ZMQEndpointInterface] Protocol v4: Right hand joints set: [0.0000, 0.0000, -0.0014, 0.0000, 0.0000, 0.0000, 0.0000]
[ZMQEndpointInterface] Received ZMQ message - topic: 'pose', protocol_version: 4, num_fields: 4, total_size: 4 buffers
[ZMQEndpointInterface] *** Starting ZMQ processing ***
[ZMQEndpointInterface] Protocol version: 4
[ZMQEndpointInterface] Protocol v4: Received 64D token (latent action), tokens[0]=0.0500, frame_index: 1179
[ZMQEndpointInterface] Protocol v4: Left hand joints set: [0.0000, 0.0014, 0.0000, 0.0000, 0.0000, 0.0000, -0.0059]
[ZMQEndpointInterface] Protocol v4: Right hand joints set: [0.0000, 0.0000, 0.0000, 0.0000, 0.0000, 0.0000, 0.0000]
[ZMQEndpointInterface] Received ZMQ message - topic: 'pose', protocol_version: 4, num_fields: 4, total_size: 4 buffers
[ZMQEndpointInterface] *** Starting ZMQ processing ***
[ZMQEndpointInterface] Protocol version: 4
[ZMQEndpointInterface] Protocol v4: Received 64D token (latent action), tokens[0]=0.0519, frame_index: 1180
[ZMQEndpointInterface] Protocol v4: Left hand joints set: [0.0000, 0.0000, 0.0000, 0.0000, 0.0000, 0.0000, 0.0000]
[ZMQEndpointInterface] Protocol v4: Right hand joints set: [0.0000, 0.0000, -0.0014, 0.0000, 0.0000, 0.0000, 0.0000]
[ZMQEndpointInterface] Received ZMQ message - topic: 'pose', protocol_version: 4, num_fields: 4, total_size: 4 buffers
[ZMQEndpointInterface] *** Starting ZMQ processing ***
[ZMQEndpointInterface] Protocol version: 4
[ZMQEndpointInterface] Protocol v4: Received 64D token (latent action), tokens[0]=0.0549, frame_index: 1181
[ZMQEndpointInterface] Protocol v4: Left hand joints set: [0.0000, 0.0027, 0.0000, 0.0000, 0.0000, 0.0000, -0.0088]
[ZMQEndpointInterface] Protocol v4: Right hand joints set: [0.0000, 0.0000, 0.0000, 0.0000, 0.0000, 0.0000, 0.0000]
[ZMQEndpointInterface] Received ZMQ message - topic: 'pose', protocol_version: 4, num_fields: 4, total_size: 4 buffers
[ZMQEndpointInterface] *** Starting ZMQ processing ***
[ZMQEndpointInterface] Protocol version: 4
[ZMQEndpointInterface] Protocol v4: Received 64D token (latent action), tokens[0]=0.0566, frame_index: 1182
[ZMQEndpointInterface] Protocol v4: Left hand joints set: [0.0000, 0.0000, 0.0068, 0.0000, -0.0029, -0.0059, -0.0029]
[ZMQEndpointInterface] Protocol v4: Right hand joints set: [0.0000, 0.0000, -0.0014, 0.0000, 0.0000, 0.0000, 0.0000]
[ZMQEndpointInterface] Received ZMQ message - topic: 'pose', protocol_version: 4, num_fields: 4, total_size: 4 buffers
[ZMQEndpointInterface] *** Starting ZMQ processing ***
[ZMQEndpointInterface] Protocol version: 4
[ZMQEndpointInterface] Protocol v4: Received 64D token (latent action), tokens[0]=0.0581, frame_index: 1183
[ZMQEndpointInterface] Protocol v4: Left hand joints set: [0.0000, 0.0000, 0.0055, 0.0000, 0.0000, -0.0059, -0.0088]
[ZMQEndpointInterface] Protocol v4: Right hand joints set: [0.0000, 0.0000, 0.0000, 0.0000, 0.0029, 0.0000, 0.0088]
[ZMQEndpointInterface] Received ZMQ message - topic: 'pose', protocol_version: 4, num_fields: 4, total_size: 4 buffers
[ZMQEndpointInterface] *** Starting ZMQ processing ***
[ZMQEndpointInterface] Protocol version: 4
[ZMQEndpointInterface] Protocol v4: Received 64D token (latent action), tokens[0]=0.0583, frame_index: 1184
[ZMQEndpointInterface] Protocol v4: Left hand joints set: [0.0000, 0.0000, 0.0000, 0.0000, 0.0000, -0.0039, 0.0000]
[ZMQEndpointInterface] Protocol v4: Right hand joints set: [0.0000, 0.0000, 0.0000, 0.0000, 0.0000, 0.0020, 0.0000]
[ZMQEndpointInterface] Received ZMQ message - topic: 'pose', protocol_version: 4, num_fields: 4, total_size: 4 buffers
[ZMQEndpointInterface] *** Starting ZMQ processing ***
[ZMQEndpointInterface] Protocol version: 4
[ZMQEndpointInterface] Protocol v4: Received 64D token (latent action), tokens[0]=0.0557, frame_index: 1185
[ZMQEndpointInterface] Protocol v4: Left hand joints set: [0.0000, 0.0055, 0.0014, 0.0000, 0.0000, -0.0020, -0.0059]
[ZMQEndpointInterface] Protocol v4: Right hand joints set: [0.0000, 0.0000, 0.0000, 0.0000, 0.0000, 0.0000, 0.0000]
[ZMQEndpointInterface] Received ZMQ message - topic: 'pose', protocol_version: 4, num_fields: 4, total_size: 4 buffers
[ZMQEndpointInterface] *** Starting ZMQ processing ***
[ZMQEndpointInterface] Protocol version: 4
[ZMQEndpointInterface] Protocol v4: Received 64D token (latent action), tokens[0]=0.0600, frame_index: 1186
[ZMQEndpointInterface] Protocol v4: Left hand joints set: [0.0000, 0.0041, 0.0000, 0.0000, 0.0000, -0.0020, -0.0117]
[ZMQEndpointInterface] Protocol v4: Right hand joints set: [0.0000, 0.0000, 0.0000, 0.0000, 0.0000, 0.0000, 0.0000]
[ZMQEndpointInterface] Received ZMQ message - topic: 'pose', protocol_version: 4, num_fields: 4, total_size: 4 buffers
[ZMQEndpointInterface] *** Starting ZMQ processing ***
[ZMQEndpointInterface] Protocol version: 4
[ZMQEndpointInterface] Protocol v4: Received 64D token (latent action), tokens[0]=0.0613, frame_index: 1187
[ZMQEndpointInterface] Protocol v4: Left hand joints set: [0.0000, 0.0109, 0.0000, 0.0000, 0.0000, -0.0020, -0.0029]
[ZMQEndpointInterface] Protocol v4: Right hand joints set: [0.0000, 0.0000, 0.0000, 0.0000, 0.0000, 0.0000, 0.0000]
[ZMQEndpointInterface] Received ZMQ message - topic: 'pose', protocol_version: 4, num_fields: 4, total_size: 4 buffers
[ZMQEndpointInterface] *** Starting ZMQ processing ***
[ZMQEndpointInterface] Protocol version: 4
[ZMQEndpointInterface] Protocol v4: Received 64D token (latent action), tokens[0]=0.0602, frame_index: 1188
[ZMQEndpointInterface] Protocol v4: Left hand joints set: [0.0000, 0.0027, 0.0000, -0.0020, 0.0000, -0.0039, 0.0000]
[ZMQEndpointInterface] Protocol v4: Right hand joints set: [0.0000, 0.0000, 0.0000, 0.0020, 0.0000, 0.0000, 0.0000]
[ZMQEndpointInterface] Received ZMQ message - topic: 'pose', protocol_version: 4, num_fields: 4, total_size: 4 buffers
[ZMQEndpointInterface] *** Starting ZMQ processing ***
[ZMQEndpointInterface] Protocol version: 4
[ZMQEndpointInterface] Protocol v4: Received 64D token (latent action), tokens[0]=0.0626, frame_index: 1189
[ZMQEndpointInterface] Protocol v4: Left hand joints set: [0.0000, 0.0000, 0.0000, 0.0000, 0.0000, 0.0000, 0.0000]
[ZMQEndpointInterface] Protocol v4: Right hand joints set: [0.0000, 0.0000, 0.0000, 0.0000, 0.0000, 0.0000, 0.0000]
[ZMQEndpointInterface] Received ZMQ message - topic: 'pose', protocol_version: 4, num_fields: 4, total_size: 4 buffers
[ZMQEndpointInterface] *** Starting ZMQ processing ***
[ZMQEndpointInterface] Protocol version: 4
[ZMQEndpointInterface] Protocol v4: Received 64D token (latent action), tokens[0]=0.0600, frame_index: 1190
[ZMQEndpointInterface] Protocol v4: Left hand joints set: [0.0000, 0.0014, 0.0000, 0.0000, 0.0000, -0.0039, -0.0059]
[ZMQEndpointInterface] Protocol v4: Right hand joints set: [0.0000, -0.0027, 0.0000, 0.0020, 0.0000, 0.0020, 0.0000]
[ZMQEndpointInterface] Received ZMQ message - topic: 'pose', protocol_version: 4, num_fields: 4, total_size: 4 buffers
[ZMQEndpointInterface] *** Starting ZMQ processing ***
[ZMQEndpointInterface] Protocol version: 4
[ZMQEndpointInterface] Protocol v4: Received 64D token (latent action), tokens[0]=0.0611, frame_index: 1191
[ZMQEndpointInterface] Protocol v4: Left hand joints set: [0.0000, 0.0000, 0.0000, 0.0000, 0.0000, 0.0000, -0.0088]
[ZMQEndpointInterface] Protocol v4: Right hand joints set: [0.0000, 0.0000, 0.0000, 0.0000, 0.0000, 0.0000, 0.0000]
[ZMQEndpointInterface] Received ZMQ message - topic: 'pose', protocol_version: 4, num_fields: 4, total_size: 4 buffers
[ZMQEndpointInterface] *** Starting ZMQ processing ***
[ZMQEndpointInterface] Protocol version: 4
[ZMQEndpointInterface] Protocol v4: Received 64D token (latent action), tokens[0]=0.0609, frame_index: 1192
[ZMQEndpointInterface] Protocol v4: Left hand joints set: [0.0000, 0.0055, 0.0014, 0.0000, 0.0000, -0.0020, -0.0059]
[ZMQEndpointInterface] Protocol v4: Right hand joints set: [0.0000, 0.0000, -0.0027, 0.0078, 0.0000, 0.0000, 0.0029]
[ZMQEndpointInterface] Received ZMQ message - topic: 'pose', protocol_version: 4, num_fields: 4, total_size: 4 buffers
[ZMQEndpointInterface] *** Starting ZMQ processing ***
[ZMQEndpointInterface] Protocol version: 4
[ZMQEndpointInterface] Protocol v4: Received 64D token (latent action), tokens[0]=0.0641, frame_index: 1193
[ZMQEndpointInterface] Protocol v4: Left hand joints set: [0.0000, 0.0055, 0.0000, -0.0020, 0.0000, 0.0000, -0.0059]
[ZMQEndpointInterface] Protocol v4: Right hand joints set: [0.0000, -0.0055, -0.0027, 0.0117, 0.0000, 0.0059, 0.0000]
[ZMQEndpointInterface] Received ZMQ message - topic: 'pose', protocol_version: 4, num_fields: 4, total_size: 4 buffers
[ZMQEndpointInterface] *** Starting ZMQ processing ***
[ZMQEndpointInterface] Protocol version: 4
[ZMQEndpointInterface] Protocol v4: Received 64D token (latent action), tokens[0]=0.0653, frame_index: 1194
[ZMQEndpointInterface] Protocol v4: Left hand joints set: [0.0000, 0.0014, 0.0000, -0.0078, -0.0059, -0.0020, -0.0059]
[ZMQEndpointInterface] Protocol v4: Right hand joints set: [0.0000, -0.0027, 0.0000, 0.0000, 0.0000, 0.0000, 0.0000]
[ZMQEndpointInterface] Received ZMQ message - topic: 'pose', protocol_version: 4, num_fields: 4, total_size: 4 buffers
[ZMQEndpointInterface] *** Starting ZMQ processing ***
[ZMQEndpointInterface] Protocol version: 4
[ZMQEndpointInterface] Protocol v4: Received 64D token (latent action), tokens[0]=0.0641, frame_index: 1195
[ZMQEndpointInterface] Protocol v4: Left hand joints set: [0.0000, 0.0000, 0.0000, 0.0000, 0.0000, 0.0000, -0.0059]
[ZMQEndpointInterface] Protocol v4: Right hand joints set: [0.0000, -0.0014, 0.0000, 0.0000, 0.0000, 0.0000, 0.0000]
[ZMQEndpointInterface] Received ZMQ message - topic: 'pose', protocol_version: 4, num_fields: 4, total_size: 4 buffers
[ZMQEndpointInterface] *** Starting ZMQ processing ***
[ZMQEndpointInterface] Protocol version: 4
[ZMQEndpointInterface] Protocol v4: Received 64D token (latent action), tokens[0]=0.0626, frame_index: 1196
[ZMQEndpointInterface] Protocol v4: Left hand joints set: [0.0000, 0.0014, 0.0014, -0.0039, 0.0000, 0.0000, -0.0088]
[ZMQEndpointInterface] Protocol v4: Right hand joints set: [0.0000, 0.0000, 0.0000, 0.0000, 0.0000, 0.0000, 0.0000]
[Token Flow] Copied external tokens, tokens[0]=0.0626
[ZMQEndpointInterface] Received ZMQ message - topic: 'pose', protocol_version: 4, num_fields: 4, total_size: 4 buffers
[ZMQEndpointInterface] *** Starting ZMQ processing ***
[ZMQEndpointInterface] Protocol version: 4
[ZMQEndpointInterface] Protocol v4: Received 64D token (latent action), tokens[0]=0.0613, frame_index: 1197
[ZMQEndpointInterface] Protocol v4: Left hand joints set: [0.0000, 0.0000, 0.0082, 0.0000, 0.0000, 0.0000, 0.0000]
[ZMQEndpointInterface] Protocol v4: Right hand joints set: [0.0000, -0.0068, 0.0000, 0.0000, 0.0000, 0.0000, 0.0000]
[ZMQEndpointInterface] Received ZMQ message - topic: 'pose', protocol_version: 4, num_fields: 4, total_size: 4 buffers
[ZMQEndpointInterface] *** Starting ZMQ processing ***
[ZMQEndpointInterface] Protocol version: 4
[ZMQEndpointInterface] Protocol v4: Received 64D token (latent action), tokens[0]=0.0645, frame_index: 1198
[ZMQEndpointInterface] Protocol v4: Left hand joints set: [0.0000, 0.0027, 0.0000, 0.0000, -0.0029, -0.0059, -0.0146]
[ZMQEndpointInterface] Protocol v4: Right hand joints set: [0.0000, 0.0000, 0.0000, 0.0020, 0.0000, 0.0000, 0.0000]
[ZMQEndpointInterface] Received ZMQ message - topic: 'pose', protocol_version: 4, num_fields: 4, total_size: 4 buffers
[ZMQEndpointInterface] *** Starting ZMQ processing ***
[ZMQEndpointInterface] Protocol version: 4
[ZMQEndpointInterface] Protocol v4: Received 64D token (latent action), tokens[0]=0.0653, frame_index: 1199
[ZMQEndpointInterface] Protocol v4: Left hand joints set: [0.0000, 0.0000, 0.0014, 0.0000, 0.0000, 0.0000, -0.0059]
[ZMQEndpointInterface] Protocol v4: Right hand joints set: [0.0000, -0.0027, -0.0041, 0.0000, 0.0000, 0.0000, 0.0029]
[ZMQEndpointInterface] Received ZMQ message - topic: 'pose', protocol_version: 4, num_fields: 4, total_size: 4 buffers
[ZMQEndpointInterface] *** Starting ZMQ processing ***
[ZMQEndpointInterface] Protocol version: 4
[ZMQEndpointInterface] Protocol v4: Received 64D token (latent action), tokens[0]=0.0658, frame_index: 1200
[ZMQEndpointInterface] Protocol v4: Left hand joints set: [0.0000, 0.0055, 0.0109, -0.0078, -0.0029, -0.0098, -0.0117]
[ZMQEndpointInterface] Protocol v4: Right hand joints set: [0.0000, 0.0000, 0.0000, 0.0000, 0.0000, 0.0000, 0.0000]
[ZMQEndpointInterface] Received ZMQ message - topic: 'pose', protocol_version: 4, num_fields: 4, total_size: 4 buffers
[ZMQEndpointInterface] *** Starting ZMQ processing ***
[ZMQEndpointInterface] Protocol version: 4
[ZMQEndpointInterface] Protocol v4: Received 64D token (latent action), tokens[0]=0.0382, frame_index: 1201
[ZMQEndpointInterface] Protocol v4: Left hand joints set: [0.0000, 0.0027, 0.0082, -0.0117, 0.0000, 0.0000, 0.0000]
[ZMQEndpointInterface] Protocol v4: Right hand joints set: [0.0000, -0.0055, 0.0000, 0.0000, 0.0000, 0.0000, 0.0059]
[ZMQEndpointInterface] Received ZMQ message - topic: 'pose', protocol_version: 4, num_fields: 4, total_size: 4 buffers
[ZMQEndpointInterface] *** Starting ZMQ processing ***
[ZMQEndpointInterface] Protocol version: 4
[ZMQEndpointInterface] Protocol v4: Received 64D token (latent action), tokens[0]=0.0374, frame_index: 1202
[ZMQEndpointInterface] Protocol v4: Left hand joints set: [0.0000, 0.0000, 0.0027, -0.0137, -0.0059, -0.0078, 0.0000]
[ZMQEndpointInterface] Protocol v4: Right hand joints set: [0.0000, -0.0014, 0.0000, 0.0000, 0.0000, 0.0000, 0.0000]
[ZMQEndpointInterface] Received ZMQ message - topic: 'pose', protocol_version: 4, num_fields: 4, total_size: 4 buffers
[ZMQEndpointInterface] *** Starting ZMQ processing ***
[ZMQEndpointInterface] Protocol version: 4
[ZMQEndpointInterface] Protocol v4: Received 64D token (latent action), tokens[0]=0.0339, frame_index: 1203
[ZMQEndpointInterface] Protocol v4: Left hand joints set: [0.0000, 0.0041, 0.0068, -0.0078, -0.0117, -0.0020, 0.0000]
[ZMQEndpointInterface] Protocol v4: Right hand joints set: [0.0000, -0.0014, 0.0000, 0.0000, 0.0000, 0.0000, 0.0000]
[ZMQEndpointInterface] Received ZMQ message - topic: 'pose', protocol_version: 4, num_fields: 4, total_size: 4 buffers
[ZMQEndpointInterface] *** Starting ZMQ processing ***
[ZMQEndpointInterface] Protocol version: 4
[ZMQEndpointInterface] Protocol v4: Received 64D token (latent action), tokens[0]=0.0327, frame_index: 1204
[ZMQEndpointInterface] Protocol v4: Left hand joints set: [0.0000, 0.0000, 0.0000, -0.0117, -0.0088, -0.0039, 0.0000]
[ZMQEndpointInterface] Protocol v4: Right hand joints set: [0.0000, 0.0000, 0.0000, 0.0000, 0.0000, 0.0000, 0.0000]
[ZMQEndpointInterface] Received ZMQ message - topic: 'pose', protocol_version: 4, num_fields: 4, total_size: 4 buffers
[ZMQEndpointInterface] *** Starting ZMQ processing ***
[ZMQEndpointInterface] Protocol version: 4
[ZMQEndpointInterface] Protocol v4: Received 64D token (latent action), tokens[0]=0.0322, frame_index: 1205
[ZMQEndpointInterface] Protocol v4: Left hand joints set: [0.0000, 0.0109, 0.0055, -0.0117, -0.0088, -0.0078, -0.0059]
[ZMQEndpointInterface] Protocol v4: Right hand joints set: [0.0000, -0.0014, 0.0000, 0.0000, 0.0000, 0.0000, 0.0000]
[ZMQEndpointInterface] Received ZMQ message - topic: 'pose', protocol_version: 4, num_fields: 4, total_size: 4 buffers
[ZMQEndpointInterface] *** Starting ZMQ processing ***
[ZMQEndpointInterface] Protocol version: 4
[ZMQEndpointInterface] Protocol v4: Received 64D token (latent action), tokens[0]=0.0339, frame_index: 1206
[ZMQEndpointInterface] Protocol v4: Left hand joints set: [0.0000, 0.0041, 0.0027, -0.0156, -0.0059, -0.0078, 0.0000]
[ZMQEndpointInterface] Protocol v4: Right hand joints set: [0.0000, 0.0000, 0.0000, 0.0000, 0.0000, 0.0000, 0.0000]
[ZMQEndpointInterface] Received ZMQ message - topic: 'pose', protocol_version: 4, num_fields: 4, total_size: 4 buffers
[ZMQEndpointInterface] *** Starting ZMQ processing ***
[ZMQEndpointInterface] Protocol version: 4
[ZMQEndpointInterface] Protocol v4: Received 64D token (latent action), tokens[0]=0.0356, frame_index: 1207
[ZMQEndpointInterface] Protocol v4: Left hand joints set: [0.0000, 0.0014, 0.0014, -0.0156, 0.0000, -0.0020, -0.0059]
[ZMQEndpointInterface] Protocol v4: Right hand joints set: [0.0000, 0.0000, 0.0000, 0.0000, 0.0000, 0.0000, 0.0000]
[ZMQEndpointInterface] Received ZMQ message - topic: 'pose', protocol_version: 4, num_fields: 4, total_size: 4 buffers
[ZMQEndpointInterface] *** Starting ZMQ processing ***
[ZMQEndpointInterface] Protocol version: 4
[ZMQEndpointInterface] Protocol v4: Received 64D token (latent action), tokens[0]=0.0339, frame_index: 1208
[ZMQEndpointInterface] Protocol v4: Left hand joints set: [0.0000, 0.0000, 0.0014, -0.0234, 0.0000, -0.0020, -0.0059]
[ZMQEndpointInterface] Protocol v4: Right hand joints set: [0.0000, 0.0000, 0.0000, 0.0000, 0.0000, 0.0000, 0.0000]
[ZMQEndpointInterface] Received ZMQ message - topic: 'pose', protocol_version: 4, num_fields: 4, total_size: 4 buffers
[ZMQEndpointInterface] *** Starting ZMQ processing ***
[ZMQEndpointInterface] Protocol version: 4
[ZMQEndpointInterface] Protocol v4: Received 64D token (latent action), tokens[0]=0.0327, frame_index: 1209
[ZMQEndpointInterface] Protocol v4: Left hand joints set: [0.0000, 0.0068, 0.0082, -0.0137, -0.0176, -0.0137, -0.0146]
[ZMQEndpointInterface] Protocol v4: Right hand joints set: [0.0000, -0.0027, 0.0000, 0.0000, 0.0000, 0.0000, 0.0000]
[ZMQEndpointInterface] Received ZMQ message - topic: 'pose', protocol_version: 4, num_fields: 4, total_size: 4 buffers
[ZMQEndpointInterface] *** Starting ZMQ processing ***
[ZMQEndpointInterface] Protocol version: 4
[ZMQEndpointInterface] Protocol v4: Received 64D token (latent action), tokens[0]=0.0361, frame_index: 1210
[ZMQEndpointInterface] Protocol v4: Left hand joints set: [0.0000, 0.0027, 0.0000, -0.0176, 0.0000, -0.0078, -0.0029]
[ZMQEndpointInterface] Protocol v4: Right hand joints set: [0.0000, -0.0041, 0.0000, 0.0000, 0.0000, 0.0000, 0.0000]
[ZMQEndpointInterface] Received ZMQ message - topic: 'pose', protocol_version: 4, num_fields: 4, total_size: 4 buffers
[ZMQEndpointInterface] *** Starting ZMQ processing ***
[ZMQEndpointInterface] Protocol version: 4
[ZMQEndpointInterface] Protocol v4: Received 64D token (latent action), tokens[0]=0.0335, frame_index: 1211
[ZMQEndpointInterface] Protocol v4: Left hand joints set: [0.0000, 0.0000, 0.0027, -0.0098, -0.0117, -0.0039, 0.0000]
[ZMQEndpointInterface] Protocol v4: Right hand joints set: [0.0000, 0.0000, 0.0000, 0.0000, 0.0000, 0.0000, 0.0000]
Loop timing - LowState age: 1.5060ms, Streaming data mean delay: 9.4310ms, Streaming data std delay: 5.5992ms, IMU age: 1.4400ms, Obs: 69us, Policy: 601us, Obs 2 Motor Command: 671us, Post processing: 24us | HandCloseRatio: 1.0000
[ZMQEndpointInterface] Received ZMQ message - topic: 'pose', protocol_version: 4, num_fields: 4, total_size: 4 buffers
[ZMQEndpointInterface] *** Starting ZMQ processing ***
[ZMQEndpointInterface] Protocol version: 4
[ZMQEndpointInterface] Protocol v4: Received 64D token (latent action), tokens[0]=0.0365, frame_index: 1212
[ZMQEndpointInterface] Protocol v4: Left hand joints set: [0.0000, 0.0055, 0.0068, -0.0098, 0.0000, -0.0078, 0.0000]
[ZMQEndpointInterface] Protocol v4: Right hand joints set: [0.0000, 0.0000, 0.0000, 0.0000, 0.0000, 0.0000, 0.0000]
[ZMQEndpointInterface] Received ZMQ message - topic: 'pose', protocol_version: 4, num_fields: 4, total_size: 4 buffers
[ZMQEndpointInterface] *** Starting ZMQ processing ***
[ZMQEndpointInterface] Protocol version: 4
[ZMQEndpointInterface] Protocol v4: Received 64D token (latent action), tokens[0]=0.0374, frame_index: 1213
[ZMQEndpointInterface] Protocol v4: Left hand joints set: [0.0000, 0.0096, 0.0000, -0.0117, 0.0000, -0.0078, 0.0000]
[ZMQEndpointInterface] Protocol v4: Right hand joints set: [0.0000, -0.0014, 0.0000, 0.0000, 0.0000, 0.0000, 0.0000]
[ZMQEndpointInterface] Received ZMQ message - topic: 'pose', protocol_version: 4, num_fields: 4, total_size: 4 buffers
[ZMQEndpointInterface] *** Starting ZMQ processing ***
[ZMQEndpointInterface] Protocol version: 4
[ZMQEndpointInterface] Protocol v4: Received 64D token (latent action), tokens[0]=0.0386, frame_index: 1214
[ZMQEndpointInterface] Protocol v4: Left hand joints set: [0.0000, 0.0027, 0.0000, -0.0078, -0.0117, -0.0059, 0.0000]
[ZMQEndpointInterface] Protocol v4: Right hand joints set: [0.0000, 0.0000, 0.0000, 0.0000, 0.0000, 0.0000, 0.0000]
[ZMQEndpointInterface] Received ZMQ message - topic: 'pose', protocol_version: 4, num_fields: 4, total_size: 4 buffers
[ZMQEndpointInterface] *** Starting ZMQ processing ***
[ZMQEndpointInterface] Protocol version: 4
[ZMQEndpointInterface] Protocol v4: Received 64D token (latent action), tokens[0]=0.0406, frame_index: 1215
[ZMQEndpointInterface] Protocol v4: Left hand joints set: [0.0000, 0.0000, 0.0027, -0.0156, -0.0117, -0.0117, -0.0059]
[ZMQEndpointInterface] Protocol v4: Right hand joints set: [0.0000, 0.0000, 0.0000, 0.0000, 0.0000, 0.0000, 0.0000]
[ZMQEndpointInterface] Received ZMQ message - topic: 'pose', protocol_version: 4, num_fields: 4, total_size: 4 buffers
[ZMQEndpointInterface] *** Starting ZMQ processing ***
[ZMQEndpointInterface] Protocol version: 4
[ZMQEndpointInterface] Protocol v4: Received 64D token (latent action), tokens[0]=0.0425, frame_index: 1216
[ZMQEndpointInterface] Protocol v4: Left hand joints set: [0.0000, 0.0000, 0.0000, -0.0156, -0.0117, -0.0098, -0.0088]
[ZMQEndpointInterface] Protocol v4: Right hand joints set: [0.0000, 0.0000, 0.0000, 0.0000, 0.0000, 0.0000, 0.0000]
[ZMQEndpointInterface] Received ZMQ message - topic: 'pose', protocol_version: 4, num_fields: 4, total_size: 4 buffers
[ZMQEndpointInterface] *** Starting ZMQ processing ***
[ZMQEndpointInterface] Protocol version: 4
[ZMQEndpointInterface] Protocol v4: Received 64D token (latent action), tokens[0]=0.0408, frame_index: 1217
[ZMQEndpointInterface] Protocol v4: Left hand joints set: [0.0000, 0.0000, 0.0055, -0.0117, -0.0059, -0.0039, 0.0000]
[ZMQEndpointInterface] Protocol v4: Right hand joints set: [0.0000, 0.0000, 0.0000, 0.0000, 0.0000, 0.0000, 0.0000]
[ZMQEndpointInterface] Received ZMQ message - topic: 'pose', protocol_version: 4, num_fields: 4, total_size: 4 buffers
[ZMQEndpointInterface] *** Starting ZMQ processing ***
[ZMQEndpointInterface] Protocol version: 4
[ZMQEndpointInterface] Protocol v4: Received 64D token (latent action), tokens[0]=0.0391, frame_index: 1218
[ZMQEndpointInterface] Protocol v4: Left hand joints set: [0.0000, 0.0055, 0.0027, -0.0156, -0.0117, 0.0000, 0.0000]
[ZMQEndpointInterface] Protocol v4: Right hand joints set: [0.0000, 0.0000, 0.0000, 0.0000, 0.0000, 0.0000, 0.0000]
[ZMQEndpointInterface] Received ZMQ message - topic: 'pose', protocol_version: 4, num_fields: 4, total_size: 4 buffers
[ZMQEndpointInterface] *** Starting ZMQ processing ***
[ZMQEndpointInterface] Protocol version: 4
[ZMQEndpointInterface] Protocol v4: Received 64D token (latent action), tokens[0]=0.0401, frame_index: 1219
[ZMQEndpointInterface] Protocol v4: Left hand joints set: [0.0000, 0.0041, 0.0000, -0.0117, -0.0059, -0.0020, 0.0000]
[ZMQEndpointInterface] Protocol v4: Right hand joints set: [0.0000, -0.0027, 0.0000, 0.0000, 0.0000, 0.0000, 0.0000]
[ZMQEndpointInterface] Received ZMQ message - topic: 'pose', protocol_version: 4, num_fields: 4, total_size: 4 buffers
[ZMQEndpointInterface] *** Starting ZMQ processing ***
[ZMQEndpointInterface] Protocol version: 4
[ZMQEndpointInterface] Protocol v4: Received 64D token (latent action), tokens[0]=0.0391, frame_index: 1220
[ZMQEndpointInterface] Protocol v4: Left hand joints set: [0.0000, 0.0055, 0.0068, -0.0137, -0.0088, -0.0078, -0.0117]
[ZMQEndpointInterface] Protocol v4: Right hand joints set: [0.0000, -0.0014, 0.0000, 0.0000, 0.0000, 0.0000, 0.0000]
[ZMQEndpointInterface] Received ZMQ message - topic: 'pose', protocol_version: 4, num_fields: 4, total_size: 4 buffers
[ZMQEndpointInterface] *** Starting ZMQ processing ***
[ZMQEndpointInterface] Protocol version: 4
[ZMQEndpointInterface] Protocol v4: Received 64D token (latent action), tokens[0]=0.0391, frame_index: 1221
[ZMQEndpointInterface] Protocol v4: Left hand joints set: [0.0000, 0.0014, 0.0055, -0.0117, 0.0000, -0.0117, -0.0059]
[ZMQEndpointInterface] Protocol v4: Right hand joints set: [0.0000, 0.0000, 0.0000, 0.0000, 0.0000, 0.0000, 0.0000]
[ZMQEndpointInterface] Received ZMQ message - topic: 'pose', protocol_version: 4, num_fields: 4, total_size: 4 buffers
[ZMQEndpointInterface] *** Starting ZMQ processing ***
[ZMQEndpointInterface] Protocol version: 4
[ZMQEndpointInterface] Protocol v4: Received 64D token (latent action), tokens[0]=0.0399, frame_index: 1222
[ZMQEndpointInterface] Protocol v4: Left hand joints set: [0.0000, 0.0027, 0.0041, -0.0156, -0.0088, -0.0078, 0.0000]
[ZMQEndpointInterface] Protocol v4: Right hand joints set: [0.0000, -0.0014, 0.0000, 0.0020, 0.0000, 0.0000, 0.0000]
[ZMQEndpointInterface] Received ZMQ message - topic: 'pose', protocol_version: 4, num_fields: 4, total_size: 4 buffers
[ZMQEndpointInterface] *** Starting ZMQ processing ***
[ZMQEndpointInterface] Protocol version: 4
[ZMQEndpointInterface] Protocol v4: Received 64D token (latent action), tokens[0]=0.0361, frame_index: 1223
[ZMQEndpointInterface] Protocol v4: Left hand joints set: [0.0000, 0.0055, 0.0041, -0.0098, 0.0000, -0.0156, 0.0000]
[ZMQEndpointInterface] Protocol v4: Right hand joints set: [0.0000, -0.0014, 0.0000, 0.0000, 0.0000, 0.0000, 0.0000]
[ZMQEndpointInterface] Received ZMQ message - topic: 'pose', protocol_version: 4, num_fields: 4, total_size: 4 buffers
[ZMQEndpointInterface] *** Starting ZMQ processing ***
[ZMQEndpointInterface] Protocol version: 4
[ZMQEndpointInterface] Protocol v4: Received 64D token (latent action), tokens[0]=0.0327, frame_index: 1224
[ZMQEndpointInterface] Protocol v4: Left hand joints set: [0.0000, 0.0027, 0.0027, -0.0078, 0.0000, -0.0117, 0.0000]
[ZMQEndpointInterface] Protocol v4: Right hand joints set: [0.0000, -0.0027, 0.0000, 0.0000, 0.0000, 0.0000, 0.0000]
[ZMQEndpointInterface] Received ZMQ message - topic: 'pose', protocol_version: 4, num_fields: 4, total_size: 4 buffers
[ZMQEndpointInterface] *** Starting ZMQ processing ***
[ZMQEndpointInterface] Protocol version: 4
[ZMQEndpointInterface] Protocol v4: Received 64D token (latent action), tokens[0]=0.0322, frame_index: 1225
[ZMQEndpointInterface] Protocol v4: Left hand joints set: [0.0000, 0.0027, 0.0068, -0.0117, -0.0059, -0.0117, -0.0029]
[ZMQEndpointInterface] Protocol v4: Right hand joints set: [0.0000, -0.0014, 0.0000, 0.0000, 0.0000, 0.0000, 0.0000]
[ZMQEndpointInterface] Received ZMQ message - topic: 'pose', protocol_version: 4, num_fields: 4, total_size: 4 buffers
[ZMQEndpointInterface] *** Starting ZMQ processing ***
[ZMQEndpointInterface] Protocol version: 4
[ZMQEndpointInterface] Protocol v4: Received 64D token (latent action), tokens[0]=0.0314, frame_index: 1226
[ZMQEndpointInterface] Protocol v4: Left hand joints set: [0.0000, 0.0055, 0.0068, -0.0098, 0.0000, -0.0039, -0.0029]
[ZMQEndpointInterface] Protocol v4: Right hand joints set: [0.0000, 0.0000, 0.0000, 0.0000, 0.0000, 0.0000, 0.0000]
[ZMQEndpointInterface] Received ZMQ message - topic: 'pose', protocol_version: 4, num_fields: 4, total_size: 4 buffers
[ZMQEndpointInterface] *** Starting ZMQ processing ***
[ZMQEndpointInterface] Protocol version: 4
[ZMQEndpointInterface] Protocol v4: Received 64D token (latent action), tokens[0]=0.0280, frame_index: 1227
[ZMQEndpointInterface] Protocol v4: Left hand joints set: [0.0000, 0.0000, 0.0055, -0.0195, -0.0029, -0.0098, -0.0059]
[ZMQEndpointInterface] Protocol v4: Right hand joints set: [0.0000, -0.0027, 0.0000, 0.0000, 0.0029, 0.0000, 0.0000]
[ZMQEndpointInterface] Received ZMQ message - topic: 'pose', protocol_version: 4, num_fields: 4, total_size: 4 buffers
[ZMQEndpointInterface] *** Starting ZMQ processing ***
[ZMQEndpointInterface] Protocol version: 4
[ZMQEndpointInterface] Protocol v4: Received 64D token (latent action), tokens[0]=0.0288, frame_index: 1228
[ZMQEndpointInterface] Protocol v4: Left hand joints set: [0.0000, 0.0027, 0.0041, -0.0117, 0.0000, -0.0098, 0.0000]
[ZMQEndpointInterface] Protocol v4: Right hand joints set: [0.0000, -0.0027, 0.0000, 0.0000, 0.0000, 0.0000, 0.0000]
[ZMQEndpointInterface] Received ZMQ message - topic: 'pose', protocol_version: 4, num_fields: 4, total_size: 4 buffers
[ZMQEndpointInterface] *** Starting ZMQ processing ***
[ZMQEndpointInterface] Protocol version: 4
[ZMQEndpointInterface] Protocol v4: Received 64D token (latent action), tokens[0]=0.0549, frame_index: 1229
[ZMQEndpointInterface] Protocol v4: Left hand joints set: [0.0000, 0.0000, 0.0027, 0.0000, 0.0000, 0.0000, 0.0000]
[ZMQEndpointInterface] Protocol v4: Right hand joints set: [0.0000, 0.0000, 0.0000, 0.0000, 0.0000, 0.0000, 0.0000]
[ZMQEndpointInterface] Received ZMQ message - topic: 'pose', protocol_version: 4, num_fields: 4, total_size: 4 buffers
[ZMQEndpointInterface] *** Starting ZMQ processing ***
[ZMQEndpointInterface] Protocol version: 4
[ZMQEndpointInterface] Protocol v4: Received 64D token (latent action), tokens[0]=0.0510, frame_index: 1230
[ZMQEndpointInterface] Protocol v4: Left hand joints set: [0.0000, 0.0014, 0.0041, 0.0000, -0.0088, -0.0020, -0.0029]
[ZMQEndpointInterface] Protocol v4: Right hand joints set: [0.0000, 0.0000, 0.0000, 0.0000, 0.0000, 0.0000, 0.0000]
[ZMQEndpointInterface] Received ZMQ message - topic: 'pose', protocol_version: 4, num_fields: 4, total_size: 4 buffers
[ZMQEndpointInterface] *** Starting ZMQ processing ***
[ZMQEndpointInterface] Protocol version: 4
[ZMQEndpointInterface] Protocol v4: Received 64D token (latent action), tokens[0]=0.0568, frame_index: 1231
[ZMQEndpointInterface] Protocol v4: Left hand joints set: [0.0000, 0.0041, 0.0027, -0.0078, 0.0000, 0.0000, -0.0059]
[ZMQEndpointInterface] Protocol v4: Right hand joints set: [0.0000, 0.0000, 0.0000, 0.0020, 0.0000, 0.0000, 0.0000]
[ZMQEndpointInterface] Received ZMQ message - topic: 'pose', protocol_version: 4, num_fields: 4, total_size: 4 buffers
[ZMQEndpointInterface] *** Starting ZMQ processing ***
[ZMQEndpointInterface] Protocol version: 4
[ZMQEndpointInterface] Protocol v4: Received 64D token (latent action), tokens[0]=0.0557, frame_index: 1232
[ZMQEndpointInterface] Protocol v4: Left hand joints set: [0.0000, 0.0027, 0.0055, 0.0000, 0.0000, -0.0039, 0.0000]
[ZMQEndpointInterface] Protocol v4: Right hand joints set: [0.0000, 0.0000, 0.0000, 0.0000, 0.0000, 0.0000, 0.0000]
[ZMQEndpointInterface] Received ZMQ message - topic: 'pose', protocol_version: 4, num_fields: 4, total_size: 4 buffers
[ZMQEndpointInterface] *** Starting ZMQ processing ***
[ZMQEndpointInterface] Protocol version: 4
[ZMQEndpointInterface] Protocol v4: Received 64D token (latent action), tokens[0]=0.0568, frame_index: 1233
[ZMQEndpointInterface] Protocol v4: Left hand joints set: [0.0000, 0.0000, 0.0055, 0.0000, 0.0000, -0.0039, 0.0000]
[ZMQEndpointInterface] Protocol v4: Right hand joints set: [0.0000, 0.0000, 0.0000, 0.0000, 0.0000, 0.0000, 0.0000]
[ZMQEndpointInterface] Received ZMQ message - topic: 'pose', protocol_version: 4, num_fields: 4, total_size: 4 buffers
[ZMQEndpointInterface] *** Starting ZMQ processing ***
[ZMQEndpointInterface] Protocol version: 4
[ZMQEndpointInterface] Protocol v4: Received 64D token (latent action), tokens[0]=0.0579, frame_index: 1234
[ZMQEndpointInterface] Protocol v4: Left hand joints set: [0.0000, 0.0027, 0.0041, -0.0039, 0.0000, 0.0000, -0.0088]
[ZMQEndpointInterface] Protocol v4: Right hand joints set: [0.0000, 0.0000, 0.0000, 0.0000, 0.0000, 0.0000, 0.0000]
[ZMQEndpointInterface] Received ZMQ message - topic: 'pose', protocol_version: 4, num_fields: 4, total_size: 4 buffers
[ZMQEndpointInterface] *** Starting ZMQ processing ***
[ZMQEndpointInterface] Protocol version: 4
[ZMQEndpointInterface] Protocol v4: Received 64D token (latent action), tokens[0]=0.0613, frame_index: 1235
[ZMQEndpointInterface] Protocol v4: Left hand joints set: [0.0000, 0.0027, 0.0027, -0.0078, -0.0059, -0.0020, -0.0117]
[ZMQEndpointInterface] Protocol v4: Right hand joints set: [0.0000, 0.0000, 0.0000, 0.0000, 0.0000, 0.0000, 0.0000]
Temporary motion completed.
Reset to frame 0.
[ZMQEndpointInterface] Received ZMQ message - topic: 'pose', protocol_version: 4, num_fields: 4, total_size: 4 buffers
[ZMQEndpointInterface] *** Starting ZMQ processing ***
[ZMQEndpointInterface] Protocol version: 4
[ZMQEndpointInterface] Protocol v4: Received 64D token (latent action), tokens[0]=0.0628, frame_index: 1236
[ZMQEndpointInterface] Protocol v4: Left hand joints set: [0.0000, 0.0096, 0.0123, -0.0039, -0.0146, -0.0059, -0.0117]
[ZMQEndpointInterface] Protocol v4: Right hand joints set: [0.0000, 0.0000, 0.0000, 0.0000, 0.0000, 0.0000, 0.0000]
Reset heading state to 0.9987, -0.0007, -0.0433, -0.0264
Reset delta heading to 0
Reset init reference data root rotation to current frame: 0.9997, -0.0016, -0.0223, -0.0045
**********************************************************
Reference motion name: temporary_motion
**********************************************************
[ZMQEndpointInterface] Received ZMQ message - topic: 'pose', protocol_version: 4, num_fields: 4, total_size: 4 buffers
[ZMQEndpointInterface] *** Starting ZMQ processing ***
[ZMQEndpointInterface] Protocol version: 4
[ZMQEndpointInterface] Protocol v4: Received 64D token (latent action), tokens[0]=0.0623, frame_index: 1237
[ZMQEndpointInterface] Protocol v4: Left hand joints set: [0.0000, 0.0082, 0.0068, -0.0078, 0.0000, -0.0059, -0.0176]
[ZMQEndpointInterface] Protocol v4: Right hand joints set: [0.0000, 0.0000, 0.0000, 0.0000, 0.0000, 0.0000, 0.0000]
[ZMQEndpointInterface] Received ZMQ message - topic: 'pose', protocol_version: 4, num_fields: 4, total_size: 4 buffers
[ZMQEndpointInterface] *** Starting ZMQ processing ***
[ZMQEndpointInterface] Protocol version: 4
[ZMQEndpointInterface] Protocol v4: Received 64D token (latent action), tokens[0]=0.0645, frame_index: 1238
[ZMQEndpointInterface] Protocol v4: Left hand joints set: [0.0000, 0.0055, 0.0082, -0.0078, -0.0059, 0.0000, -0.0117]
[ZMQEndpointInterface] Protocol v4: Right hand joints set: [0.0000, 0.0000, 0.0000, 0.0000, 0.0000, 0.0000, 0.0000]
[ZMQEndpointInterface] Received ZMQ message - topic: 'pose', protocol_version: 4, num_fields: 4, total_size: 4 buffers
[ZMQEndpointInterface] *** Starting ZMQ processing ***
[ZMQEndpointInterface] Protocol version: 4
[ZMQEndpointInterface] Protocol v4: Received 64D token (latent action), tokens[0]=0.0656, frame_index: 1239
[ZMQEndpointInterface] Protocol v4: Left hand joints set: [0.0000, 0.0068, 0.0096, -0.0098, -0.0029, 0.0000, -0.0059]
[ZMQEndpointInterface] Protocol v4: Right hand joints set: [0.0000, 0.0000, 0.0000, 0.0000, 0.0000, 0.0000, 0.0000]
[ZMQEndpointInterface] Received ZMQ message - topic: 'pose', protocol_version: 4, num_fields: 4, total_size: 4 buffers
[ZMQEndpointInterface] *** Starting ZMQ processing ***
[ZMQEndpointInterface] Protocol version: 4
[ZMQEndpointInterface] Protocol v4: Received 64D token (latent action), tokens[0]=0.0645, frame_index: 1240
[ZMQEndpointInterface] Protocol v4: Left hand joints set: [0.0000, 0.0055, 0.0041, -0.0020, 0.0000, -0.0059, -0.0059]
[ZMQEndpointInterface] Protocol v4: Right hand joints set: [0.0000, 0.0000, 0.0000, 0.0000, 0.0000, 0.0000, 0.0000]
[ZMQEndpointInterface] Received ZMQ message - topic: 'pose', protocol_version: 4, num_fields: 4, total_size: 4 buffers
[ZMQEndpointInterface] *** Starting ZMQ processing ***
[ZMQEndpointInterface] Protocol version: 4
[ZMQEndpointInterface] Protocol v4: Received 64D token (latent action), tokens[0]=0.0669, frame_index: 1241
[ZMQEndpointInterface] Protocol v4: Left hand joints set: [0.0000, 0.0109, 0.0055, -0.0078, -0.0088, 0.0000, -0.0088]
[ZMQEndpointInterface] Protocol v4: Right hand joints set: [0.0000, 0.0000, 0.0000, 0.0000, 0.0000, 0.0000, 0.0000]
[ZMQEndpointInterface] Received ZMQ message - topic: 'pose', protocol_version: 4, num_fields: 4, total_size: 4 buffers
[ZMQEndpointInterface] *** Starting ZMQ processing ***
[ZMQEndpointInterface] Protocol version: 4
[ZMQEndpointInterface] Protocol v4: Received 64D token (latent action), tokens[0]=0.0653, frame_index: 1242
[ZMQEndpointInterface] Protocol v4: Left hand joints set: [0.0000, 0.0055, 0.0027, -0.0020, 0.0000, -0.0020, -0.0088]
[ZMQEndpointInterface] Protocol v4: Right hand joints set: [0.0000, 0.0000, 0.0000, 0.0000, 0.0000, 0.0000, 0.0000]
[ZMQEndpointInterface] Received ZMQ message - topic: 'pose', protocol_version: 4, num_fields: 4, total_size: 4 buffers
[ZMQEndpointInterface] *** Starting ZMQ processing ***
[ZMQEndpointInterface] Protocol version: 4
[ZMQEndpointInterface] Protocol v4: Received 64D token (latent action), tokens[0]=0.0675, frame_index: 1243
[ZMQEndpointInterface] Protocol v4: Left hand joints set: [0.0000, 0.0068, 0.0000, -0.0078, -0.0059, 0.0000, -0.0117]
[ZMQEndpointInterface] Protocol v4: Right hand joints set: [0.0000, 0.0000, 0.0000, 0.0000, 0.0000, 0.0000, 0.0000]
[ZMQEndpointInterface] Received ZMQ message - topic: 'pose', protocol_version: 4, num_fields: 4, total_size: 4 buffers
[ZMQEndpointInterface] *** Starting ZMQ processing ***
[ZMQEndpointInterface] Protocol version: 4
[ZMQEndpointInterface] Protocol v4: Received 64D token (latent action), tokens[0]=0.0664, frame_index: 1244
[ZMQEndpointInterface] Protocol v4: Left hand joints set: [0.0000, 0.0123, 0.0055, -0.0078, -0.0059, 0.0000, -0.0029]
[ZMQEndpointInterface] Protocol v4: Right hand joints set: [0.0000, 0.0000, 0.0000, 0.0000, 0.0000, 0.0000, 0.0000]
[ZMQEndpointInterface] Received ZMQ message - topic: 'pose', protocol_version: 4, num_fields: 4, total_size: 4 buffers
[ZMQEndpointInterface] *** Starting ZMQ processing ***
[ZMQEndpointInterface] Protocol version: 4
[ZMQEndpointInterface] Protocol v4: Received 64D token (latent action), tokens[0]=0.0634, frame_index: 1245
[ZMQEndpointInterface] Protocol v4: Left hand joints set: [0.0000, 0.0137, 0.0041, -0.0039, 0.0000, 0.0000, -0.0059]
[ZMQEndpointInterface] Protocol v4: Right hand joints set: [0.0000, 0.0000, 0.0000, 0.0000, 0.0000, 0.0000, 0.0000]
[Token Flow] Copied external tokens, tokens[0]=0.0634
[ZMQEndpointInterface] Received ZMQ message - topic: 'pose', protocol_version: 4, num_fields: 4, total_size: 4 buffers
[ZMQEndpointInterface] *** Starting ZMQ processing ***
[ZMQEndpointInterface] Protocol version: 4
[ZMQEndpointInterface] Protocol v4: Received 64D token (latent action), tokens[0]=0.0672, frame_index: 1246
[ZMQEndpointInterface] Protocol v4: Left hand joints set: [0.0000, 0.0082, 0.0041, -0.0098, 0.0000, 0.0000, -0.0059]
[ZMQEndpointInterface] Protocol v4: Right hand joints set: [0.0000, 0.0000, 0.0000, 0.0000, 0.0000, 0.0000, 0.0000]
[ZMQEndpointInterface] Received ZMQ message - topic: 'pose', protocol_version: 4, num_fields: 4, total_size: 4 buffers
[ZMQEndpointInterface] *** Starting ZMQ processing ***
[ZMQEndpointInterface] Protocol version: 4
[ZMQEndpointInterface] Protocol v4: Received 64D token (latent action), tokens[0]=0.0664, frame_index: 1247
[ZMQEndpointInterface] Protocol v4: Left hand joints set: [0.0000, 0.0082, 0.0014, -0.0098, -0.0029, 0.0000, -0.0029]
[ZMQEndpointInterface] Protocol v4: Right hand joints set: [0.0000, 0.0000, 0.0000, 0.0000, 0.0000, 0.0000, 0.0000]
[ZMQEndpointInterface] Received ZMQ message - topic: 'pose', protocol_version: 4, num_fields: 4, total_size: 4 buffers
[ZMQEndpointInterface] *** Starting ZMQ processing ***
[ZMQEndpointInterface] Protocol version: 4
[ZMQEndpointInterface] Protocol v4: Received 64D token (latent action), tokens[0]=0.0617, frame_index: 1248
[ZMQEndpointInterface] Protocol v4: Left hand joints set: [0.0000, 0.0137, 0.0041, -0.0117, 0.0000, -0.0020, -0.0059]
[ZMQEndpointInterface] Protocol v4: Right hand joints set: [0.0000, 0.0000, 0.0000, 0.0000, 0.0000, 0.0000, 0.0000]
[ZMQEndpointInterface] Received ZMQ message - topic: 'pose', protocol_version: 4, num_fields: 4, total_size: 4 buffers
[ZMQEndpointInterface] *** Starting ZMQ processing ***
[ZMQEndpointInterface] Protocol version: 4
[ZMQEndpointInterface] Protocol v4: Received 64D token (latent action), tokens[0]=0.0600, frame_index: 1249
[ZMQEndpointInterface] Protocol v4: Left hand joints set: [0.0000, 0.0109, 0.0041, -0.0039, -0.0029, 0.0000, -0.0117]
[ZMQEndpointInterface] Protocol v4: Right hand joints set: [0.0000, 0.0000, 0.0000, 0.0000, 0.0000, 0.0000, 0.0000]
[ZMQEndpointInterface] Received ZMQ message - topic: 'pose', protocol_version: 4, num_fields: 4, total_size: 4 buffers
[ZMQEndpointInterface] *** Starting ZMQ processing ***
[ZMQEndpointInterface] Protocol version: 4
[ZMQEndpointInterface] Protocol v4: Received 64D token (latent action), tokens[0]=0.0594, frame_index: 1250
[ZMQEndpointInterface] Protocol v4: Left hand joints set: [0.0000, 0.0109, 0.0041, -0.0098, -0.0029, -0.0020, -0.0029]
[ZMQEndpointInterface] Protocol v4: Right hand joints set: [0.0000, 0.0000, 0.0000, 0.0000, 0.0000, 0.0000, 0.0000]
[ZMQEndpointInterface] Received ZMQ message - topic: 'pose', protocol_version: 4, num_fields: 4, total_size: 4 buffers
[ZMQEndpointInterface] *** Starting ZMQ processing ***
[ZMQEndpointInterface] Protocol version: 4
[ZMQEndpointInterface] Protocol v4: Received 64D token (latent action), tokens[0]=0.0621, frame_index: 1251
[ZMQEndpointInterface] Protocol v4: Left hand joints set: [0.0000, 0.0082, 0.0014, -0.0078, 0.0000, 0.0000, 0.0000]
[ZMQEndpointInterface] Protocol v4: Right hand joints set: [0.0000, 0.0000, 0.0000, 0.0000, 0.0000, 0.0000, 0.0000]
[ZMQEndpointInterface] Received ZMQ message - topic: 'pose', protocol_version: 4, num_fields: 4, total_size: 4 buffers
[ZMQEndpointInterface] *** Starting ZMQ processing ***
[ZMQEndpointInterface] Protocol version: 4
[ZMQEndpointInterface] Protocol v4: Received 64D token (latent action), tokens[0]=0.0604, frame_index: 1252
[ZMQEndpointInterface] Protocol v4: Left hand joints set: [0.0000, 0.0137, 0.0014, -0.0039, -0.0029, 0.0000, -0.0059]
[ZMQEndpointInterface] Protocol v4: Right hand joints set: [0.0000, 0.0000, 0.0000, 0.0000, 0.0000, 0.0020, 0.0000]
[ZMQEndpointInterface] Received ZMQ message - topic: 'pose', protocol_version: 4, num_fields: 4, total_size: 4 buffers
[ZMQEndpointInterface] *** Starting ZMQ processing ***
[ZMQEndpointInterface] Protocol version: 4
[ZMQEndpointInterface] Protocol v4: Received 64D token (latent action), tokens[0]=0.0596, frame_index: 1253
[ZMQEndpointInterface] Protocol v4: Left hand joints set: [0.0000, 0.0055, 0.0055, -0.0117, 0.0000, 0.0000, 0.0000]
[ZMQEndpointInterface] Protocol v4: Right hand joints set: [0.0000, 0.0000, 0.0000, 0.0000, 0.0000, 0.0000, 0.0000]
[ZMQEndpointInterface] Received ZMQ message - topic: 'pose', protocol_version: 4, num_fields: 4, total_size: 4 buffers
[ZMQEndpointInterface] *** Starting ZMQ processing ***
[ZMQEndpointInterface] Protocol version: 4
[ZMQEndpointInterface] Protocol v4: Received 64D token (latent action), tokens[0]=0.0600, frame_index: 1254
[ZMQEndpointInterface] Protocol v4: Left hand joints set: [0.0000, 0.0109, 0.0068, -0.0039, 0.0000, -0.0059, -0.0059]
[ZMQEndpointInterface] Protocol v4: Right hand joints set: [0.0000, 0.0000, 0.0000, 0.0000, 0.0000, 0.0000, 0.0000]
[ZMQEndpointInterface] Received ZMQ message - topic: 'pose', protocol_version: 4, num_fields: 4, total_size: 4 buffers
[ZMQEndpointInterface] *** Starting ZMQ processing ***
[ZMQEndpointInterface] Protocol version: 4
[ZMQEndpointInterface] Protocol v4: Received 64D token (latent action), tokens[0]=0.0568, frame_index: 1255
[ZMQEndpointInterface] Protocol v4: Left hand joints set: [0.0000, 0.0068, 0.0082, -0.0059, -0.0029, -0.0059, -0.0088]
[ZMQEndpointInterface] Protocol v4: Right hand joints set: [0.0000, 0.0000, 0.0000, 0.0000, 0.0000, 0.0000, 0.0000]
[ZMQEndpointInterface] Received ZMQ message - topic: 'pose', protocol_version: 4, num_fields: 4, total_size: 4 buffers
[ZMQEndpointInterface] *** Starting ZMQ processing ***
[ZMQEndpointInterface] Protocol version: 4
[ZMQEndpointInterface] Protocol v4: Received 64D token (latent action), tokens[0]=0.0579, frame_index: 1256
[ZMQEndpointInterface] Protocol v4: Left hand joints set: [0.0000, 0.0096, 0.0027, -0.0098, 0.0000, -0.0020, 0.0000]
[ZMQEndpointInterface] Protocol v4: Right hand joints set: [0.0000, 0.0000, 0.0000, 0.0000, 0.0000, 0.0000, 0.0000]
[ZMQEndpointInterface] Received ZMQ message - topic: 'pose', protocol_version: 4, num_fields: 4, total_size: 4 buffers
[ZMQEndpointInterface] *** Starting ZMQ processing ***
[ZMQEndpointInterface] Protocol version: 4
[ZMQEndpointInterface] Protocol v4: Received 64D token (latent action), tokens[0]=0.0615, frame_index: 1257
[ZMQEndpointInterface] Protocol v4: Left hand joints set: [0.0000, 0.0000, 0.0014, 0.0000, 0.0000, 0.0000, 0.0000]
[ZMQEndpointInterface] Protocol v4: Right hand joints set: [0.0000, -0.0027, 0.0000, 0.0000, 0.0000, 0.0000, 0.0000]
[ZMQEndpointInterface] Received ZMQ message - topic: 'pose', protocol_version: 4, num_fields: 4, total_size: 4 buffers
[ZMQEndpointInterface] *** Starting ZMQ processing ***
[ZMQEndpointInterface] Protocol version: 4
[ZMQEndpointInterface] Protocol v4: Received 64D token (latent action), tokens[0]=0.0600, frame_index: 1258
[ZMQEndpointInterface] Protocol v4: Left hand joints set: [0.0000, 0.0000, 0.0000, 0.0000, -0.0029, 0.0000, 0.0000]
[ZMQEndpointInterface] Protocol v4: Right hand joints set: [0.0000, -0.0041, 0.0000, 0.0000, 0.0029, 0.0000, 0.0000]
[ZMQEndpointInterface] Received ZMQ message - topic: 'pose', protocol_version: 4, num_fields: 4, total_size: 4 buffers
[ZMQEndpointInterface] *** Starting ZMQ processing ***
[ZMQEndpointInterface] Protocol version: 4
[ZMQEndpointInterface] Protocol v4: Received 64D token (latent action), tokens[0]=0.0583, frame_index: 1259
[ZMQEndpointInterface] Protocol v4: Left hand joints set: [0.0000, 0.0000, 0.0027, 0.0000, -0.0117, 0.0000, 0.0000]
[ZMQEndpointInterface] Protocol v4: Right hand joints set: [0.0000, 0.0000, 0.0000, 0.0059, 0.0029, 0.0000, 0.0000]
[ZMQEndpointInterface] Received ZMQ message - topic: 'pose', protocol_version: 4, num_fields: 4, total_size: 4 buffers
[ZMQEndpointInterface] *** Starting ZMQ processing ***
[ZMQEndpointInterface] Protocol version: 4
[ZMQEndpointInterface] Protocol v4: Received 64D token (latent action), tokens[0]=0.0570, frame_index: 1260
[ZMQEndpointInterface] Protocol v4: Left hand joints set: [0.0000, 0.0000, 0.0000, 0.0000, 0.0000, 0.0000, 0.0000]
[ZMQEndpointInterface] Protocol v4: Right hand joints set: [0.0000, -0.0027, -0.0041, 0.0039, 0.0059, 0.0020, 0.0000]
Loop timing - LowState age: 5.4980ms, Streaming data mean delay: 9.3420ms, Streaming data std delay: 5.7643ms, IMU age: 5.4800ms, Obs: 59us, Policy: 606us, Obs 2 Motor Command: 665us, Post processing: 35us | HandCloseRatio: 1.0000
[ZMQEndpointInterface] Received ZMQ message - topic: 'pose', protocol_version: 4, num_fields: 4, total_size: 4 buffers
[ZMQEndpointInterface] *** Starting ZMQ processing ***
[ZMQEndpointInterface] Protocol version: 4
[ZMQEndpointInterface] Protocol v4: Received 64D token (latent action), tokens[0]=0.0583, frame_index: 1261
[ZMQEndpointInterface] Protocol v4: Left hand joints set: [0.0000, 0.0000, 0.0000, 0.0000, -0.0029, 0.0000, 0.0000]
[ZMQEndpointInterface] Protocol v4: Right hand joints set: [0.0000, -0.0027, -0.0041, 0.0000, 0.0059, 0.0000, 0.0000]
[ZMQEndpointInterface] Received ZMQ message - topic: 'pose', protocol_version: 4, num_fields: 4, total_size: 4 buffers
[ZMQEndpointInterface] *** Starting ZMQ processing ***
[ZMQEndpointInterface] Protocol version: 4
[ZMQEndpointInterface] Protocol v4: Received 64D token (latent action), tokens[0]=0.0591, frame_index: 1262
[ZMQEndpointInterface] Protocol v4: Left hand joints set: [0.0000, 0.0000, 0.0000, 0.0000, -0.0029, 0.0000, 0.0000]
[ZMQEndpointInterface] Protocol v4: Right hand joints set: [0.0000, -0.0027, 0.0000, 0.0078, 0.0000, 0.0000, 0.0000]
[ZMQEndpointInterface] Received ZMQ message - topic: 'pose', protocol_version: 4, num_fields: 4, total_size: 4 buffers
[ZMQEndpointInterface] *** Starting ZMQ processing ***
[ZMQEndpointInterface] Protocol version: 4
[ZMQEndpointInterface] Protocol v4: Received 64D token (latent action), tokens[0]=0.0581, frame_index: 1263
[ZMQEndpointInterface] Protocol v4: Left hand joints set: [0.0000, 0.0000, 0.0000, 0.0000, 0.0000, 0.0000, 0.0000]
[ZMQEndpointInterface] Protocol v4: Right hand joints set: [0.0000, 0.0000, 0.0000, 0.0039, 0.0000, 0.0039, 0.0000]
[ZMQEndpointInterface] Received ZMQ message - topic: 'pose', protocol_version: 4, num_fields: 4, total_size: 4 buffers
[ZMQEndpointInterface] *** Starting ZMQ processing ***
[ZMQEndpointInterface] Protocol version: 4
[ZMQEndpointInterface] Protocol v4: Received 64D token (latent action), tokens[0]=0.0579, frame_index: 1264
[ZMQEndpointInterface] Protocol v4: Left hand joints set: [0.0000, 0.0000, 0.0000, 0.0000, 0.0000, 0.0000, 0.0000]
[ZMQEndpointInterface] Protocol v4: Right hand joints set: [0.0000, -0.0027, 0.0000, 0.0039, 0.0059, 0.0000, 0.0000]
[ZMQEndpointInterface] Received ZMQ message - topic: 'pose', protocol_version: 4, num_fields: 4, total_size: 4 buffers
[ZMQEndpointInterface] *** Starting ZMQ processing ***
[ZMQEndpointInterface] Protocol version: 4
[ZMQEndpointInterface] Protocol v4: Received 64D token (latent action), tokens[0]=0.0591, frame_index: 1265
[ZMQEndpointInterface] Protocol v4: Left hand joints set: [0.0000, 0.0000, 0.0000, 0.0000, -0.0029, 0.0000, 0.0000]
[ZMQEndpointInterface] Protocol v4: Right hand joints set: [0.0000, -0.0055, -0.0027, 0.0000, 0.0029, 0.0020, 0.0000]
[ZMQEndpointInterface] Received ZMQ message - topic: 'pose', protocol_version: 4, num_fields: 4, total_size: 4 buffers
[ZMQEndpointInterface] *** Starting ZMQ processing ***
[ZMQEndpointInterface] Protocol version: 4
[ZMQEndpointInterface] Protocol v4: Received 64D token (latent action), tokens[0]=0.0544, frame_index: 1266
[ZMQEndpointInterface] Protocol v4: Left hand joints set: [0.0000, 0.0000, 0.0000, 0.0000, -0.0029, 0.0000, 0.0000]
[ZMQEndpointInterface] Protocol v4: Right hand joints set: [0.0000, -0.0027, -0.0055, 0.0039, 0.0029, 0.0000, 0.0000]
[ZMQEndpointInterface] Received ZMQ message - topic: 'pose', protocol_version: 4, num_fields: 4, total_size: 4 buffers
[ZMQEndpointInterface] *** Starting ZMQ processing ***
[ZMQEndpointInterface] Protocol version: 4
[ZMQEndpointInterface] Protocol v4: Received 64D token (latent action), tokens[0]=0.0557, frame_index: 1267
[ZMQEndpointInterface] Protocol v4: Left hand joints set: [0.0000, 0.0000, 0.0000, 0.0000, 0.0000, 0.0000, 0.0000]
[ZMQEndpointInterface] Protocol v4: Right hand joints set: [0.0000, -0.0041, 0.0000, 0.0039, 0.0117, 0.0059, 0.0000]
[ZMQEndpointInterface] Received ZMQ message - topic: 'pose', protocol_version: 4, num_fields: 4, total_size: 4 buffers
[ZMQEndpointInterface] *** Starting ZMQ processing ***
[ZMQEndpointInterface] Protocol version: 4
[ZMQEndpointInterface] Protocol v4: Received 64D token (latent action), tokens[0]=0.0557, frame_index: 1268
[ZMQEndpointInterface] Protocol v4: Left hand joints set: [0.0000, 0.0000, 0.0000, 0.0000, 0.0000, 0.0000, 0.0000]
[ZMQEndpointInterface] Protocol v4: Right hand joints set: [0.0000, -0.0041, -0.0014, 0.0059, 0.0000, 0.0000, 0.0000]
[ZMQEndpointInterface] Received ZMQ message - topic: 'pose', protocol_version: 4, num_fields: 4, total_size: 4 buffers
[ZMQEndpointInterface] *** Starting ZMQ processing ***
[ZMQEndpointInterface] Protocol version: 4
[ZMQEndpointInterface] Protocol v4: Received 64D token (latent action), tokens[0]=0.0502, frame_index: 1269
[ZMQEndpointInterface] Protocol v4: Left hand joints set: [0.0000, 0.0000, 0.0014, 0.0000, -0.0117, 0.0000, 0.0000]
[ZMQEndpointInterface] Protocol v4: Right hand joints set: [0.0000, -0.0041, -0.0041, 0.0039, 0.0088, 0.0000, 0.0029]
[ZMQEndpointInterface] Received ZMQ message - topic: 'pose', protocol_version: 4, num_fields: 4, total_size: 4 buffers
[ZMQEndpointInterface] *** Starting ZMQ processing ***
[ZMQEndpointInterface] Protocol version: 4
[ZMQEndpointInterface] Protocol v4: Received 64D token (latent action), tokens[0]=0.0527, frame_index: 1270
[ZMQEndpointInterface] Protocol v4: Left hand joints set: [0.0000, 0.0000, 0.0000, 0.0000, 0.0000, 0.0000, 0.0000]
[ZMQEndpointInterface] Protocol v4: Right hand joints set: [0.0000, -0.0068, 0.0000, 0.0117, 0.0000, 0.0078, 0.0000]
[ZMQEndpointInterface] Received ZMQ message - topic: 'pose', protocol_version: 4, num_fields: 4, total_size: 4 buffers
[ZMQEndpointInterface] *** Starting ZMQ processing ***
[ZMQEndpointInterface] Protocol version: 4
[ZMQEndpointInterface] Protocol v4: Received 64D token (latent action), tokens[0]=0.0500, frame_index: 1271
[ZMQEndpointInterface] Protocol v4: Left hand joints set: [0.0000, 0.0000, 0.0000, 0.0000, 0.0000, 0.0000, 0.0000]
[ZMQEndpointInterface] Protocol v4: Right hand joints set: [0.0000, -0.0082, -0.0027, 0.0020, 0.0059, 0.0039, 0.0000]
[ZMQEndpointInterface] Received ZMQ message - topic: 'pose', protocol_version: 4, num_fields: 4, total_size: 4 buffers
[ZMQEndpointInterface] *** Starting ZMQ processing ***
[ZMQEndpointInterface] Protocol version: 4
[ZMQEndpointInterface] Protocol v4: Received 64D token (latent action), tokens[0]=0.0508, frame_index: 1272
[ZMQEndpointInterface] Protocol v4: Left hand joints set: [0.0000, 0.0000, 0.0000, 0.0000, -0.0029, 0.0000, 0.0000]
[ZMQEndpointInterface] Protocol v4: Right hand joints set: [0.0000, -0.0055, -0.0014, 0.0039, 0.0059, 0.0039, 0.0029]
[ZMQEndpointInterface] Received ZMQ message - topic: 'pose', protocol_version: 4, num_fields: 4, total_size: 4 buffers
[ZMQEndpointInterface] *** Starting ZMQ processing ***
[ZMQEndpointInterface] Protocol version: 4
[ZMQEndpointInterface] Protocol v4: Received 64D token (latent action), tokens[0]=0.0478, frame_index: 1273
[ZMQEndpointInterface] Protocol v4: Left hand joints set: [0.0000, 0.0000, 0.0000, 0.0000, 0.0000, 0.0000, 0.0000]
[ZMQEndpointInterface] Protocol v4: Right hand joints set: [0.0000, -0.0027, 0.0000, 0.0078, 0.0059, 0.0020, 0.0000]
[ZMQEndpointInterface] Received ZMQ message - topic: 'pose', protocol_version: 4, num_fields: 4, total_size: 4 buffers
[ZMQEndpointInterface] *** Starting ZMQ processing ***
[ZMQEndpointInterface] Protocol version: 4
[ZMQEndpointInterface] Protocol v4: Received 64D token (latent action), tokens[0]=0.0485, frame_index: 1274
[ZMQEndpointInterface] Protocol v4: Left hand joints set: [0.0000, 0.0000, 0.0000, 0.0000, -0.0059, 0.0000, 0.0000]
[ZMQEndpointInterface] Protocol v4: Right hand joints set: [0.0000, -0.0082, -0.0027, 0.0059, 0.0029, 0.0000, 0.0059]
[ZMQEndpointInterface] Received ZMQ message - topic: 'pose', protocol_version: 4, num_fields: 4, total_size: 4 buffers
[ZMQEndpointInterface] *** Starting ZMQ processing ***
[ZMQEndpointInterface] Protocol version: 4
[ZMQEndpointInterface] Protocol v4: Received 64D token (latent action), tokens[0]=0.0476, frame_index: 1275
[ZMQEndpointInterface] Protocol v4: Left hand joints set: [0.0000, 0.0000, 0.0000, 0.0000, -0.0029, 0.0000, 0.0000]
[ZMQEndpointInterface] Protocol v4: Right hand joints set: [0.0000, -0.0041, 0.0000, 0.0000, 0.0059, 0.0039, 0.0000]
[ZMQEndpointInterface] Received ZMQ message - topic: 'pose', protocol_version: 4, num_fields: 4, total_size: 4 buffers
[ZMQEndpointInterface] *** Starting ZMQ processing ***
[ZMQEndpointInterface] Protocol version: 4
[ZMQEndpointInterface] Protocol v4: Received 64D token (latent action), tokens[0]=0.0519, frame_index: 1276
[ZMQEndpointInterface] Protocol v4: Left hand joints set: [0.0000, 0.0000, 0.0000, 0.0000, -0.0029, 0.0000, 0.0000]
[ZMQEndpointInterface] Protocol v4: Right hand joints set: [0.0000, -0.0082, -0.0014, 0.0039, 0.0088, 0.0059, 0.0088]
[ZMQEndpointInterface] Received ZMQ message - topic: 'pose', protocol_version: 4, num_fields: 4, total_size: 4 buffers
[ZMQEndpointInterface] *** Starting ZMQ processing ***
[ZMQEndpointInterface] Protocol version: 4
[ZMQEndpointInterface] Protocol v4: Received 64D token (latent action), tokens[0]=0.0480, frame_index: 1277
[ZMQEndpointInterface] Protocol v4: Left hand joints set: [0.0000, 0.0000, 0.0014, 0.0000, -0.0059, 0.0000, 0.0000]
[ZMQEndpointInterface] Protocol v4: Right hand joints set: [0.0000, -0.0109, -0.0027, 0.0039, 0.0146, 0.0000, 0.0088]
[ZMQEndpointInterface] Received ZMQ message - topic: 'pose', protocol_version: 4, num_fields: 4, total_size: 4 buffers
[ZMQEndpointInterface] *** Starting ZMQ processing ***
[ZMQEndpointInterface] Protocol version: 4
[ZMQEndpointInterface] Protocol v4: Received 64D token (latent action), tokens[0]=0.0512, frame_index: 1278
[ZMQEndpointInterface] Protocol v4: Left hand joints set: [0.0000, 0.0000, 0.0000, 0.0000, 0.0000, 0.0000, 0.0000]
[ZMQEndpointInterface] Protocol v4: Right hand joints set: [0.0000, -0.0055, -0.0055, 0.0039, 0.0029, 0.0000, 0.0059]
[ZMQEndpointInterface] Received ZMQ message - topic: 'pose', protocol_version: 4, num_fields: 4, total_size: 4 buffers
[ZMQEndpointInterface] *** Starting ZMQ processing ***
[ZMQEndpointInterface] Protocol version: 4
[ZMQEndpointInterface] Protocol v4: Received 64D token (latent action), tokens[0]=0.0476, frame_index: 1279
[ZMQEndpointInterface] Protocol v4: Left hand joints set: [0.0000, 0.0000, 0.0014, 0.0000, -0.0117, 0.0000, 0.0000]
[ZMQEndpointInterface] Protocol v4: Right hand joints set: [0.0000, -0.0014, -0.0014, 0.0000, 0.0088, 0.0000, 0.0000]
[ZMQEndpointInterface] Received ZMQ message - topic: 'pose', protocol_version: 4, num_fields: 4, total_size: 4 buffers
[ZMQEndpointInterface] *** Starting ZMQ processing ***
[ZMQEndpointInterface] Protocol version: 4
[ZMQEndpointInterface] Protocol v4: Received 64D token (latent action), tokens[0]=0.0493, frame_index: 1280
[ZMQEndpointInterface] Protocol v4: Left hand joints set: [0.0000, 0.0000, 0.0027, 0.0000, 0.0000, 0.0000, 0.0000]
[ZMQEndpointInterface] Protocol v4: Right hand joints set: [0.0000, -0.0055, -0.0041, 0.0098, 0.0146, 0.0020, 0.0146]
[ZMQEndpointInterface] Received ZMQ message - topic: 'pose', protocol_version: 4, num_fields: 4, total_size: 4 buffers
[ZMQEndpointInterface] *** Starting ZMQ processing ***
[ZMQEndpointInterface] Protocol version: 4
[ZMQEndpointInterface] Protocol v4: Received 64D token (latent action), tokens[0]=0.0482, frame_index: 1281
[ZMQEndpointInterface] Protocol v4: Left hand joints set: [0.0000, 0.0000, 0.0000, 0.0000, 0.0000, 0.0000, 0.0000]
[ZMQEndpointInterface] Protocol v4: Right hand joints set: [0.0000, -0.0055, 0.0000, 0.0098, 0.0029, 0.0039, 0.0117]
[ZMQEndpointInterface] Received ZMQ message - topic: 'pose', protocol_version: 4, num_fields: 4, total_size: 4 buffers
[ZMQEndpointInterface] *** Starting ZMQ processing ***
[ZMQEndpointInterface] Protocol version: 4
[ZMQEndpointInterface] Protocol v4: Received 64D token (latent action), tokens[0]=0.0487, frame_index: 1282
[ZMQEndpointInterface] Protocol v4: Left hand joints set: [0.0000, 0.0000, 0.0014, 0.0000, 0.0000, 0.0000, 0.0000]
[ZMQEndpointInterface] Protocol v4: Right hand joints set: [0.0000, -0.0068, 0.0000, 0.0039, 0.0117, 0.0000, 0.0059]
[ZMQEndpointInterface] Received ZMQ message - topic: 'pose', protocol_version: 4, num_fields: 4, total_size: 4 buffers
[ZMQEndpointInterface] *** Starting ZMQ processing ***
[ZMQEndpointInterface] Protocol version: 4
[ZMQEndpointInterface] Protocol v4: Received 64D token (latent action), tokens[0]=0.0506, frame_index: 1283
[ZMQEndpointInterface] Protocol v4: Left hand joints set: [0.0000, 0.0000, 0.0000, 0.0000, -0.0029, -0.0020, 0.0000]
[ZMQEndpointInterface] Protocol v4: Right hand joints set: [0.0000, -0.0068, 0.0000, 0.0000, 0.0117, 0.0000, 0.0000]
[ZMQEndpointInterface] Received ZMQ message - topic: 'pose', protocol_version: 4, num_fields: 4, total_size: 4 buffers
[ZMQEndpointInterface] *** Starting ZMQ processing ***
[ZMQEndpointInterface] Protocol version: 4
[ZMQEndpointInterface] Protocol v4: Received 64D token (latent action), tokens[0]=0.0361, frame_index: 1284
[ZMQEndpointInterface] Protocol v4: Left hand joints set: [0.0000, 0.0000, 0.0096, 0.0000, 0.0000, 0.0000, 0.0000]
[ZMQEndpointInterface] Protocol v4: Right hand joints set: [0.0000, -0.0082, -0.0027, 0.0000, 0.0000, 0.0000, 0.0000]
[ZMQEndpointInterface] Received ZMQ message - topic: 'pose', protocol_version: 4, num_fields: 4, total_size: 4 buffers
[ZMQEndpointInterface] *** Starting ZMQ processing ***
[ZMQEndpointInterface] Protocol version: 4
[ZMQEndpointInterface] Protocol v4: Received 64D token (latent action), tokens[0]=0.0365, frame_index: 1285
[ZMQEndpointInterface] Protocol v4: Left hand joints set: [0.0000, 0.0027, 0.0041, 0.0000, 0.0000, 0.0000, 0.0000]
[ZMQEndpointInterface] Protocol v4: Right hand joints set: [0.0000, -0.0055, -0.0041, 0.0000, 0.0000, 0.0000, 0.0000]
[ZMQEndpointInterface] Received ZMQ message - topic: 'pose', protocol_version: 4, num_fields: 4, total_size: 4 buffers
[ZMQEndpointInterface] *** Starting ZMQ processing ***
[ZMQEndpointInterface] Protocol version: 4
[ZMQEndpointInterface] Protocol v4: Received 64D token (latent action), tokens[0]=0.0339, frame_index: 1286
[ZMQEndpointInterface] Protocol v4: Left hand joints set: [0.0000, 0.0000, 0.0123, 0.0000, 0.0000, 0.0000, 0.0000]
[ZMQEndpointInterface] Protocol v4: Right hand joints set: [0.0000, -0.0068, -0.0027, 0.0020, 0.0000, 0.0000, 0.0000]
[ZMQEndpointInterface] Received ZMQ message - topic: 'pose', protocol_version: 4, num_fields: 4, total_size: 4 buffers
[ZMQEndpointInterface] *** Starting ZMQ processing ***
[ZMQEndpointInterface] Protocol version: 4
[ZMQEndpointInterface] Protocol v4: Received 64D token (latent action), tokens[0]=0.0344, frame_index: 1287
[ZMQEndpointInterface] Protocol v4: Left hand joints set: [0.0000, 0.0014, 0.0055, 0.0000, 0.0000, 0.0000, 0.0000]
[ZMQEndpointInterface] Protocol v4: Right hand joints set: [0.0000, -0.0068, -0.0014, 0.0000, 0.0117, 0.0020, 0.0059]
[ZMQEndpointInterface] Received ZMQ message - topic: 'pose', protocol_version: 4, num_fields: 4, total_size: 4 buffers
[ZMQEndpointInterface] *** Starting ZMQ processing ***
[ZMQEndpointInterface] Protocol version: 4
[ZMQEndpointInterface] Protocol v4: Received 64D token (latent action), tokens[0]=0.0331, frame_index: 1288
[ZMQEndpointInterface] Protocol v4: Left hand joints set: [0.0000, 0.0000, 0.0096, 0.0000, -0.0059, -0.0039, 0.0000]
[ZMQEndpointInterface] Protocol v4: Right hand joints set: [0.0000, -0.0041, -0.0068, 0.0000, 0.0029, 0.0000, 0.0000]
[ZMQEndpointInterface] Received ZMQ message - topic: 'pose', protocol_version: 4, num_fields: 4, total_size: 4 buffers
[ZMQEndpointInterface] *** Starting ZMQ processing ***
[ZMQEndpointInterface] Protocol version: 4
[ZMQEndpointInterface] Protocol v4: Received 64D token (latent action), tokens[0]=0.0382, frame_index: 1289
[ZMQEndpointInterface] Protocol v4: Left hand joints set: [0.0000, 0.0000, 0.0041, 0.0000, 0.0000, 0.0000, 0.0000]
[ZMQEndpointInterface] Protocol v4: Right hand joints set: [0.0000, -0.0027, -0.0027, 0.0000, 0.0000, 0.0020, 0.0000]
[ZMQEndpointInterface] Received ZMQ message - topic: 'pose', protocol_version: 4, num_fields: 4, total_size: 4 buffers
[ZMQEndpointInterface] *** Starting ZMQ processing ***
[ZMQEndpointInterface] Protocol version: 4
[ZMQEndpointInterface] Protocol v4: Received 64D token (latent action), tokens[0]=0.0391, frame_index: 1290
[ZMQEndpointInterface] Protocol v4: Left hand joints set: [0.0000, 0.0000, 0.0096, 0.0000, 0.0000, 0.0000, 0.0000]
[ZMQEndpointInterface] Protocol v4: Right hand joints set: [0.0000, -0.0027, -0.0027, 0.0000, 0.0059, 0.0000, 0.0088]
[ZMQEndpointInterface] Received ZMQ message - topic: 'pose', protocol_version: 4, num_fields: 4, total_size: 4 buffers
[ZMQEndpointInterface] *** Starting ZMQ processing ***
[ZMQEndpointInterface] Protocol version: 4
[ZMQEndpointInterface] Protocol v4: Received 64D token (latent action), tokens[0]=0.0378, frame_index: 1291
[ZMQEndpointInterface] Protocol v4: Left hand joints set: [0.0000, 0.0000, 0.0014, -0.0039, 0.0000, 0.0000, 0.0000]
[ZMQEndpointInterface] Protocol v4: Right hand joints set: [0.0000, -0.0055, -0.0068, 0.0000, 0.0000, 0.0000, 0.0000]
[ZMQEndpointInterface] Received ZMQ message - topic: 'pose', protocol_version: 4, num_fields: 4, total_size: 4 buffers
[ZMQEndpointInterface] *** Starting ZMQ processing ***
[ZMQEndpointInterface] Protocol version: 4
[ZMQEndpointInterface] Protocol v4: Received 64D token (latent action), tokens[0]=0.0412, frame_index: 1292
[ZMQEndpointInterface] Protocol v4: Left hand joints set: [0.0000, 0.0000, 0.0096, 0.0000, 0.0000, 0.0000, 0.0000]
[ZMQEndpointInterface] Protocol v4: Right hand joints set: [0.0000, -0.0055, -0.0027, 0.0000, 0.0000, 0.0000, 0.0000]
[ZMQEndpointInterface] Received ZMQ message - topic: 'pose', protocol_version: 4, num_fields: 4, total_size: 4 buffers
[ZMQEndpointInterface] *** Starting ZMQ processing ***
[ZMQEndpointInterface] Protocol version: 4
[ZMQEndpointInterface] Protocol v4: Received 64D token (latent action), tokens[0]=0.0395, frame_index: 1293
[ZMQEndpointInterface] Protocol v4: Left hand joints set: [0.0000, 0.0000, 0.0068, 0.0000, -0.0029, 0.0000, 0.0000]
[ZMQEndpointInterface] Protocol v4: Right hand joints set: [0.0000, -0.0082, -0.0014, 0.0000, 0.0059, 0.0000, 0.0000]
[ZMQEndpointInterface] Received ZMQ message - topic: 'pose', protocol_version: 4, num_fields: 4, total_size: 4 buffers
[ZMQEndpointInterface] *** Starting ZMQ processing ***
[ZMQEndpointInterface] Protocol version: 4
[ZMQEndpointInterface] Protocol v4: Received 64D token (latent action), tokens[0]=0.0416, frame_index: 1294
[ZMQEndpointInterface] Protocol v4: Left hand joints set: [0.0000, 0.0000, 0.0041, 0.0000, 0.0000, 0.0000, -0.0029]
[ZMQEndpointInterface] Protocol v4: Right hand joints set: [0.0000, -0.0096, -0.0014, 0.0000, 0.0029, 0.0000, 0.0000]
[ZMQEndpointInterface] Received ZMQ message - topic: 'pose', protocol_version: 4, num_fields: 4, total_size: 4 buffers
[ZMQEndpointInterface] *** Starting ZMQ processing ***
[ZMQEndpointInterface] Protocol version: 4
[ZMQEndpointInterface] Protocol v4: Received 64D token (latent action), tokens[0]=0.0440, frame_index: 1295
[ZMQEndpointInterface] Protocol v4: Left hand joints set: [0.0000, 0.0000, 0.0014, 0.0000, 0.0000, 0.0000, 0.0000]
[ZMQEndpointInterface] Protocol v4: Right hand joints set: [0.0000, -0.0109, 0.0000, 0.0000, 0.0059, 0.0039, 0.0000]
[Token Flow] Copied external tokens, tokens[0]=0.0440
[ZMQEndpointInterface] Received ZMQ message - topic: 'pose', protocol_version: 4, num_fields: 4, total_size: 4 buffers
[ZMQEndpointInterface] *** Starting ZMQ processing ***
[ZMQEndpointInterface] Protocol version: 4
[ZMQEndpointInterface] Protocol v4: Received 64D token (latent action), tokens[0]=0.0429, frame_index: 1296
[ZMQEndpointInterface] Protocol v4: Left hand joints set: [0.0000, 0.0000, 0.0000, 0.0000, 0.0000, 0.0000, 0.0000]
[ZMQEndpointInterface] Protocol v4: Right hand joints set: [0.0000, -0.0014, 0.0000, 0.0000, 0.0029, 0.0000, 0.0000]
[ZMQEndpointInterface] Received ZMQ message - topic: 'pose', protocol_version: 4, num_fields: 4, total_size: 4 buffers
[ZMQEndpointInterface] *** Starting ZMQ processing ***
[ZMQEndpointInterface] Protocol version: 4
[ZMQEndpointInterface] Protocol v4: Received 64D token (latent action), tokens[0]=0.0474, frame_index: 1297
[ZMQEndpointInterface] Protocol v4: Left hand joints set: [0.0000, 0.0000, 0.0027, 0.0000, 0.0000, 0.0000, 0.0000]
[ZMQEndpointInterface] Protocol v4: Right hand joints set: [0.0000, 0.0000, -0.0014, 0.0000, 0.0000, 0.0000, 0.0000]
Temporary motion completed.
Reset to frame 0.
[ZMQEndpointInterface] Received ZMQ message - topic: 'pose', protocol_version: 4, num_fields: 4, total_size: 4 buffers
[ZMQEndpointInterface] *** Starting ZMQ processing ***
[ZMQEndpointInterface] Protocol version: 4
[ZMQEndpointInterface] Protocol v4: Received 64D token (latent action), tokens[0]=0.0468, frame_index: 1298
[ZMQEndpointInterface] Protocol v4: Left hand joints set: [0.0000, 0.0000, 0.0027, 0.0000, 0.0000, 0.0000, 0.0000]
[ZMQEndpointInterface] Protocol v4: Right hand joints set: [0.0000, -0.0055, -0.0027, 0.0000, 0.0000, 0.0020, 0.0000]
Reset heading state to 0.9985, 0.0006, -0.0492, -0.0236
Reset delta heading to 0
Reset init reference data root rotation to current frame: 0.9997, -0.0016, -0.0223, -0.0045
**********************************************************
Reference motion name: temporary_motion
**********************************************************
[ZMQEndpointInterface] Received ZMQ message - topic: 'pose', protocol_version: 4, num_fields: 4, total_size: 4 buffers
[ZMQEndpointInterface] *** Starting ZMQ processing ***
[ZMQEndpointInterface] Protocol version: 4
[ZMQEndpointInterface] Protocol v4: Received 64D token (latent action), tokens[0]=0.0480, frame_index: 1299
[ZMQEndpointInterface] Protocol v4: Left hand joints set: [0.0000, 0.0000, 0.0000, 0.0000, 0.0000, 0.0000, 0.0000]
[ZMQEndpointInterface] Protocol v4: Right hand joints set: [0.0000, -0.0014, 0.0000, 0.0000, 0.0000, 0.0000, 0.0000]
[ZMQEndpointInterface] Received ZMQ message - topic: 'pose', protocol_version: 4, num_fields: 4, total_size: 4 buffers
[ZMQEndpointInterface] *** Starting ZMQ processing ***
[ZMQEndpointInterface] Protocol version: 4
[ZMQEndpointInterface] Protocol v4: Received 64D token (latent action), tokens[0]=0.0453, frame_index: 1300
[ZMQEndpointInterface] Protocol v4: Left hand joints set: [0.0000, 0.0000, 0.0027, 0.0000, 0.0000, 0.0000, 0.0000]
[ZMQEndpointInterface] Protocol v4: Right hand joints set: [0.0000, -0.0014, -0.0027, 0.0000, 0.0117, 0.0020, 0.0000]
[ZMQEndpointInterface] Received ZMQ message - topic: 'pose', protocol_version: 4, num_fields: 4, total_size: 4 buffers
[ZMQEndpointInterface] *** Starting ZMQ processing ***
[ZMQEndpointInterface] Protocol version: 4
[ZMQEndpointInterface] Protocol v4: Received 64D token (latent action), tokens[0]=0.0429, frame_index: 1301
[ZMQEndpointInterface] Protocol v4: Left hand joints set: [0.0000, 0.0000, 0.0014, 0.0000, -0.0059, 0.0000, 0.0000]
[ZMQEndpointInterface] Protocol v4: Right hand joints set: [0.0000, 0.0000, -0.0055, 0.0000, 0.0000, 0.0000, 0.0000]
[ZMQEndpointInterface] Received ZMQ message - topic: 'pose', protocol_version: 4, num_fields: 4, total_size: 4 buffers
[ZMQEndpointInterface] *** Starting ZMQ processing ***
[ZMQEndpointInterface] Protocol version: 4
[ZMQEndpointInterface] Protocol v4: Received 64D token (latent action), tokens[0]=0.0519, frame_index: 1302
[ZMQEndpointInterface] Protocol v4: Left hand joints set: [0.0000, 0.0000, 0.0014, 0.0000, 0.0000, 0.0000, 0.0000]
[ZMQEndpointInterface] Protocol v4: Right hand joints set: [0.0000, -0.0027, 0.0000, 0.0000, 0.0000, 0.0000, 0.0000]
[ZMQEndpointInterface] Received ZMQ message - topic: 'pose', protocol_version: 4, num_fields: 4, total_size: 4 buffers
[ZMQEndpointInterface] *** Starting ZMQ processing ***
[ZMQEndpointInterface] Protocol version: 4
[ZMQEndpointInterface] Protocol v4: Received 64D token (latent action), tokens[0]=0.0495, frame_index: 1303
[ZMQEndpointInterface] Protocol v4: Left hand joints set: [0.0000, 0.0000, 0.0055, 0.0000, 0.0000, 0.0000, 0.0000]
[ZMQEndpointInterface] Protocol v4: Right hand joints set: [0.0000, -0.0082, 0.0000, 0.0000, 0.0000, 0.0039, 0.0029]
[ZMQEndpointInterface] Received ZMQ message - topic: 'pose', protocol_version: 4, num_fields: 4, total_size: 4 buffers
[ZMQEndpointInterface] *** Starting ZMQ processing ***
[ZMQEndpointInterface] Protocol version: 4
[ZMQEndpointInterface] Protocol v4: Received 64D token (latent action), tokens[0]=0.0523, frame_index: 1304
[ZMQEndpointInterface] Protocol v4: Left hand joints set: [0.0000, 0.0000, 0.0000, 0.0000, 0.0000, 0.0000, 0.0000]
[ZMQEndpointInterface] Protocol v4: Right hand joints set: [0.0000, -0.0027, -0.0027, 0.0000, 0.0000, 0.0039, 0.0000]
[ZMQEndpointInterface] Received ZMQ message - topic: 'pose', protocol_version: 4, num_fields: 4, total_size: 4 buffers
[ZMQEndpointInterface] *** Starting ZMQ processing ***
[ZMQEndpointInterface] Protocol version: 4
[ZMQEndpointInterface] Protocol v4: Received 64D token (latent action), tokens[0]=0.0515, frame_index: 1305
[ZMQEndpointInterface] Protocol v4: Left hand joints set: [0.0000, 0.0000, 0.0027, 0.0000, 0.0000, 0.0000, 0.0000]
[ZMQEndpointInterface] Protocol v4: Right hand joints set: [0.0000, -0.0027, 0.0000, 0.0000, 0.0000, 0.0000, 0.0000]
[ZMQEndpointInterface] Received ZMQ message - topic: 'pose', protocol_version: 4, num_fields: 4, total_size: 4 buffers
[ZMQEndpointInterface] *** Starting ZMQ processing ***
[ZMQEndpointInterface] Protocol version: 4
[ZMQEndpointInterface] Protocol v4: Received 64D token (latent action), tokens[0]=0.0495, frame_index: 1306
[ZMQEndpointInterface] Protocol v4: Left hand joints set: [0.0000, 0.0000, 0.0082, 0.0000, 0.0000, 0.0000, 0.0000]
[ZMQEndpointInterface] Protocol v4: Right hand joints set: [0.0000, -0.0014, 0.0000, 0.0000, 0.0059, 0.0020, 0.0000]
[ZMQEndpointInterface] Received ZMQ message - topic: 'pose', protocol_version: 4, num_fields: 4, total_size: 4 buffers
[ZMQEndpointInterface] *** Starting ZMQ processing ***
[ZMQEndpointInterface] Protocol version: 4
[ZMQEndpointInterface] Protocol v4: Received 64D token (latent action), tokens[0]=0.0521, frame_index: 1307
[ZMQEndpointInterface] Protocol v4: Left hand joints set: [0.0000, 0.0000, 0.0000, 0.0000, 0.0000, 0.0000, 0.0000]
[ZMQEndpointInterface] Protocol v4: Right hand joints set: [0.0000, 0.0000, -0.0027, 0.0000, 0.0000, 0.0000, 0.0000]
[ZMQEndpointInterface] Received ZMQ message - topic: 'pose', protocol_version: 4, num_fields: 4, total_size: 4 buffers
[ZMQEndpointInterface] *** Starting ZMQ processing ***
[ZMQEndpointInterface] Protocol version: 4
[ZMQEndpointInterface] Protocol v4: Received 64D token (latent action), tokens[0]=0.0523, frame_index: 1308
[ZMQEndpointInterface] Protocol v4: Left hand joints set: [0.0000, 0.0000, 0.0000, -0.0078, 0.0000, 0.0000, 0.0000]
[ZMQEndpointInterface] Protocol v4: Right hand joints set: [0.0000, 0.0000, -0.0027, 0.0000, 0.0029, 0.0000, 0.0000]
[ZMQEndpointInterface] Received ZMQ message - topic: 'pose', protocol_version: 4, num_fields: 4, total_size: 4 buffers
[ZMQEndpointInterface] *** Starting ZMQ processing ***
[ZMQEndpointInterface] Protocol version: 4
[ZMQEndpointInterface] Protocol v4: Received 64D token (latent action), tokens[0]=0.0523, frame_index: 1309
[ZMQEndpointInterface] Protocol v4: Left hand joints set: [0.0000, 0.0000, 0.0027, 0.0000, 0.0000, 0.0000, 0.0000]
[ZMQEndpointInterface] Protocol v4: Right hand joints set: [0.0000, -0.0014, 0.0000, 0.0000, 0.0029, 0.0000, 0.0000]
[ZMQEndpointInterface] Received ZMQ message - topic: 'pose', protocol_version: 4, num_fields: 4, total_size: 4 buffers
[ZMQEndpointInterface] *** Starting ZMQ processing ***
[ZMQEndpointInterface] Protocol version: 4
[ZMQEndpointInterface] Protocol v4: Received 64D token (latent action), tokens[0]=0.0525, frame_index: 1310
[ZMQEndpointInterface] Protocol v4: Left hand joints set: [0.0000, 0.0000, 0.0027, 0.0000, -0.0029, -0.0020, -0.0059]
[ZMQEndpointInterface] Protocol v4: Right hand joints set: [0.0000, -0.0014, -0.0068, 0.0000, 0.0029, 0.0000, 0.0000]
Loop timing - LowState age: 3.7450ms, Streaming data mean delay: 9.4860ms, Streaming data std delay: 5.8484ms, IMU age: 3.7130ms, Obs: 76us, Policy: 599us, Obs 2 Motor Command: 676us, Post processing: 27us | HandCloseRatio: 1.0000
[ZMQEndpointInterface] Received ZMQ message - topic: 'pose', protocol_version: 4, num_fields: 4, total_size: 4 buffers
[ZMQEndpointInterface] *** Starting ZMQ processing ***
[ZMQEndpointInterface] Protocol version: 4
[ZMQEndpointInterface] Protocol v4: Received 64D token (latent action), tokens[0]=0.0412, frame_index: 1311
[ZMQEndpointInterface] Protocol v4: Left hand joints set: [0.0000, 0.0055, 0.0000, -0.0078, 0.0000, 0.0000, 0.0000]
[ZMQEndpointInterface] Protocol v4: Right hand joints set: [0.0000, 0.0000, 0.0000, 0.0000, 0.0000, 0.0000, 0.0000]
[ZMQEndpointInterface] Received ZMQ message - topic: 'pose', protocol_version: 4, num_fields: 4, total_size: 4 buffers
[ZMQEndpointInterface] *** Starting ZMQ processing ***
[ZMQEndpointInterface] Protocol version: 4
[ZMQEndpointInterface] Protocol v4: Received 64D token (latent action), tokens[0]=0.0453, frame_index: 1312
[ZMQEndpointInterface] Protocol v4: Left hand joints set: [0.0000, 0.0109, 0.0041, -0.0039, 0.0000, 0.0000, 0.0000]
[ZMQEndpointInterface] Protocol v4: Right hand joints set: [0.0000, 0.0000, 0.0000, 0.0000, 0.0000, 0.0000, 0.0000]
[ZMQEndpointInterface] Received ZMQ message - topic: 'pose', protocol_version: 4, num_fields: 4, total_size: 4 buffers
[ZMQEndpointInterface] *** Starting ZMQ processing ***
[ZMQEndpointInterface] Protocol version: 4
[ZMQEndpointInterface] Protocol v4: Received 64D token (latent action), tokens[0]=0.0425, frame_index: 1313
[ZMQEndpointInterface] Protocol v4: Left hand joints set: [0.0000, 0.0055, 0.0000, -0.0117, 0.0000, 0.0000, 0.0000]
[ZMQEndpointInterface] Protocol v4: Right hand joints set: [0.0000, 0.0000, 0.0000, 0.0000, 0.0000, 0.0000, 0.0000]
[ZMQEndpointInterface] Received ZMQ message - topic: 'pose', protocol_version: 4, num_fields: 4, total_size: 4 buffers
[ZMQEndpointInterface] *** Starting ZMQ processing ***
[ZMQEndpointInterface] Protocol version: 4
[ZMQEndpointInterface] Protocol v4: Received 64D token (latent action), tokens[0]=0.0442, frame_index: 1314
[ZMQEndpointInterface] Protocol v4: Left hand joints set: [0.0000, 0.0055, 0.0041, -0.0098, 0.0000, 0.0000, 0.0000]
[ZMQEndpointInterface] Protocol v4: Right hand joints set: [0.0000, 0.0000, 0.0000, 0.0000, 0.0000, 0.0000, 0.0000]
[ZMQEndpointInterface] Received ZMQ message - topic: 'pose', protocol_version: 4, num_fields: 4, total_size: 4 buffers
[ZMQEndpointInterface] *** Starting ZMQ processing ***
[ZMQEndpointInterface] Protocol version: 4
[ZMQEndpointInterface] Protocol v4: Received 64D token (latent action), tokens[0]=0.0450, frame_index: 1315
[ZMQEndpointInterface] Protocol v4: Left hand joints set: [0.0000, 0.0055, 0.0000, 0.0000, -0.0029, 0.0000, 0.0000]
[ZMQEndpointInterface] Protocol v4: Right hand joints set: [0.0000, 0.0000, -0.0027, 0.0000, 0.0000, 0.0000, 0.0000]
[ZMQEndpointInterface] Received ZMQ message - topic: 'pose', protocol_version: 4, num_fields: 4, total_size: 4 buffers
[ZMQEndpointInterface] *** Starting ZMQ processing ***
[ZMQEndpointInterface] Protocol version: 4
[ZMQEndpointInterface] Protocol v4: Received 64D token (latent action), tokens[0]=0.0438, frame_index: 1316
[ZMQEndpointInterface] Protocol v4: Left hand joints set: [0.0000, 0.0082, 0.0000, -0.0039, 0.0000, 0.0000, -0.0059]
[ZMQEndpointInterface] Protocol v4: Right hand joints set: [0.0000, 0.0000, -0.0027, 0.0000, 0.0000, 0.0000, 0.0000]
[ZMQEndpointInterface] Received ZMQ message - topic: 'pose', protocol_version: 4, num_fields: 4, total_size: 4 buffers
[ZMQEndpointInterface] *** Starting ZMQ processing ***
[ZMQEndpointInterface] Protocol version: 4
[ZMQEndpointInterface] Protocol v4: Received 64D token (latent action), tokens[0]=0.0425, frame_index: 1317
[ZMQEndpointInterface] Protocol v4: Left hand joints set: [0.0000, 0.0096, 0.0014, -0.0117, -0.0029, 0.0000, -0.0059]
[ZMQEndpointInterface] Protocol v4: Right hand joints set: [0.0000, -0.0055, 0.0000, 0.0000, 0.0000, 0.0000, 0.0000]
[ZMQEndpointInterface] Received ZMQ message - topic: 'pose', protocol_version: 4, num_fields: 4, total_size: 4 buffers
[ZMQEndpointInterface] *** Starting ZMQ processing ***
[ZMQEndpointInterface] Protocol version: 4
[ZMQEndpointInterface] Protocol v4: Received 64D token (latent action), tokens[0]=0.0440, frame_index: 1318
[ZMQEndpointInterface] Protocol v4: Left hand joints set: [0.0000, 0.0068, 0.0000, 0.0000, 0.0000, 0.0000, 0.0000]
[ZMQEndpointInterface] Protocol v4: Right hand joints set: [0.0000, 0.0000, 0.0000, 0.0000, 0.0000, 0.0000, 0.0000]
[ZMQEndpointInterface] Received ZMQ message - topic: 'pose', protocol_version: 4, num_fields: 4, total_size: 4 buffers
[ZMQEndpointInterface] *** Starting ZMQ processing ***
[ZMQEndpointInterface] Protocol version: 4
[ZMQEndpointInterface] Protocol v4: Received 64D token (latent action), tokens[0]=0.0425, frame_index: 1319
[ZMQEndpointInterface] Protocol v4: Left hand joints set: [0.0000, 0.0096, 0.0068, -0.0039, 0.0000, 0.0000, 0.0000]
[ZMQEndpointInterface] Protocol v4: Right hand joints set: [0.0000, 0.0000, 0.0000, 0.0000, 0.0000, 0.0000, 0.0000]
[ZMQEndpointInterface] Received ZMQ message - topic: 'pose', protocol_version: 4, num_fields: 4, total_size: 4 buffers
[ZMQEndpointInterface] *** Starting ZMQ processing ***
[ZMQEndpointInterface] Protocol version: 4
[ZMQEndpointInterface] Protocol v4: Received 64D token (latent action), tokens[0]=0.0442, frame_index: 1320
[ZMQEndpointInterface] Protocol v4: Left hand joints set: [0.0000, 0.0096, 0.0014, -0.0039, 0.0000, -0.0020, -0.0088]
[ZMQEndpointInterface] Protocol v4: Right hand joints set: [0.0000, -0.0027, 0.0000, 0.0000, 0.0000, 0.0000, 0.0000]
[ZMQEndpointInterface] Received ZMQ message - topic: 'pose', protocol_version: 4, num_fields: 4, total_size: 4 buffers
[ZMQEndpointInterface] *** Starting ZMQ processing ***
[ZMQEndpointInterface] Protocol version: 4
[ZMQEndpointInterface] Protocol v4: Received 64D token (latent action), tokens[0]=0.0442, frame_index: 1321
[ZMQEndpointInterface] Protocol v4: Left hand joints set: [0.0000, 0.0055, 0.0041, 0.0000, 0.0000, 0.0000, 0.0000]
[ZMQEndpointInterface] Protocol v4: Right hand joints set: [0.0000, 0.0000, 0.0000, 0.0000, 0.0000, 0.0000, 0.0000]
[ZMQEndpointInterface] Received ZMQ message - topic: 'pose', protocol_version: 4, num_fields: 4, total_size: 4 buffers
[ZMQEndpointInterface] *** Starting ZMQ processing ***
[ZMQEndpointInterface] Protocol version: 4
[ZMQEndpointInterface] Protocol v4: Received 64D token (latent action), tokens[0]=0.0455, frame_index: 1322
[ZMQEndpointInterface] Protocol v4: Left hand joints set: [0.0000, 0.0123, 0.0041, -0.0059, 0.0000, 0.0000, -0.0029]
[ZMQEndpointInterface] Protocol v4: Right hand joints set: [0.0000, 0.0000, -0.0055, 0.0000, 0.0000, 0.0000, 0.0000]
[ZMQEndpointInterface] Received ZMQ message - topic: 'pose', protocol_version: 4, num_fields: 4, total_size: 4 buffers
[ZMQEndpointInterface] *** Starting ZMQ processing ***
[ZMQEndpointInterface] Protocol version: 4
[ZMQEndpointInterface] Protocol v4: Received 64D token (latent action), tokens[0]=0.0425, frame_index: 1323
[ZMQEndpointInterface] Protocol v4: Left hand joints set: [0.0000, 0.0082, 0.0096, -0.0137, 0.0000, 0.0000, 0.0000]
[ZMQEndpointInterface] Protocol v4: Right hand joints set: [0.0000, 0.0000, 0.0000, 0.0000, 0.0000, 0.0000, 0.0000]
[ZMQEndpointInterface] Received ZMQ message - topic: 'pose', protocol_version: 4, num_fields: 4, total_size: 4 buffers
[ZMQEndpointInterface] *** Starting ZMQ processing ***
[ZMQEndpointInterface] Protocol version: 4
[ZMQEndpointInterface] Protocol v4: Received 64D token (latent action), tokens[0]=0.0421, frame_index: 1324
[ZMQEndpointInterface] Protocol v4: Left hand joints set: [0.0000, 0.0082, 0.0082, -0.0078, 0.0000, 0.0000, -0.0059]
[ZMQEndpointInterface] Protocol v4: Right hand joints set: [0.0000, 0.0000, -0.0014, 0.0000, 0.0000, 0.0000, 0.0000]
[ZMQEndpointInterface] Received ZMQ message - topic: 'pose', protocol_version: 4, num_fields: 4, total_size: 4 buffers
[ZMQEndpointInterface] *** Starting ZMQ processing ***
[ZMQEndpointInterface] Protocol version: 4
[ZMQEndpointInterface] Protocol v4: Received 64D token (latent action), tokens[0]=0.0465, frame_index: 1325
[ZMQEndpointInterface] Protocol v4: Left hand joints set: [0.0000, 0.0041, 0.0027, -0.0078, 0.0000, 0.0000, -0.0059]
[ZMQEndpointInterface] Protocol v4: Right hand joints set: [0.0000, -0.0027, 0.0000, 0.0000, 0.0000, 0.0000, 0.0000]
[ZMQEndpointInterface] Received ZMQ message - topic: 'pose', protocol_version: 4, num_fields: 4, total_size: 4 buffers
[ZMQEndpointInterface] *** Starting ZMQ processing ***
[ZMQEndpointInterface] Protocol version: 4
[ZMQEndpointInterface] Protocol v4: Received 64D token (latent action), tokens[0]=0.0446, frame_index: 1326
[ZMQEndpointInterface] Protocol v4: Left hand joints set: [0.0000, 0.0068, 0.0041, -0.0020, 0.0000, 0.0000, 0.0000]
[ZMQEndpointInterface] Protocol v4: Right hand joints set: [0.0000, 0.0000, 0.0000, 0.0000, 0.0000, 0.0000, 0.0000]
[ZMQEndpointInterface] Received ZMQ message - topic: 'pose', protocol_version: 4, num_fields: 4, total_size: 4 buffers
[ZMQEndpointInterface] *** Starting ZMQ processing ***
[ZMQEndpointInterface] Protocol version: 4
[ZMQEndpointInterface] Protocol v4: Received 64D token (latent action), tokens[0]=0.0468, frame_index: 1327
[ZMQEndpointInterface] Protocol v4: Left hand joints set: [0.0000, 0.0082, 0.0000, -0.0078, 0.0000, 0.0000, 0.0000]
[ZMQEndpointInterface] Protocol v4: Right hand joints set: [0.0000, 0.0000, 0.0000, 0.0000, 0.0000, 0.0000, 0.0000]
[ZMQEndpointInterface] Received ZMQ message - topic: 'pose', protocol_version: 4, num_fields: 4, total_size: 4 buffers
[ZMQEndpointInterface] *** Starting ZMQ processing ***
[ZMQEndpointInterface] Protocol version: 4
[ZMQEndpointInterface] Protocol v4: Received 64D token (latent action), tokens[0]=0.0493, frame_index: 1328
[ZMQEndpointInterface] Protocol v4: Left hand joints set: [0.0000, 0.0000, 0.0014, -0.0020, 0.0000, 0.0000, 0.0000]
[ZMQEndpointInterface] Protocol v4: Right hand joints set: [0.0000, -0.0055, 0.0000, 0.0000, 0.0000, 0.0000, 0.0000]
[ZMQEndpointInterface] Received ZMQ message - topic: 'pose', protocol_version: 4, num_fields: 4, total_size: 4 buffers
[ZMQEndpointInterface] *** Starting ZMQ processing ***
[ZMQEndpointInterface] Protocol version: 4
[ZMQEndpointInterface] Protocol v4: Received 64D token (latent action), tokens[0]=0.0453, frame_index: 1329
[ZMQEndpointInterface] Protocol v4: Left hand joints set: [0.0000, 0.0082, 0.0000, -0.0039, 0.0000, 0.0000, 0.0000]
[ZMQEndpointInterface] Protocol v4: Right hand joints set: [0.0000, 0.0000, 0.0000, 0.0000, 0.0000, 0.0000, 0.0000]
[ZMQEndpointInterface] Received ZMQ message - topic: 'pose', protocol_version: 4, num_fields: 4, total_size: 4 buffers
[ZMQEndpointInterface] *** Starting ZMQ processing ***
[ZMQEndpointInterface] Protocol version: 4
[ZMQEndpointInterface] Protocol v4: Received 64D token (latent action), tokens[0]=0.0476, frame_index: 1330
[ZMQEndpointInterface] Protocol v4: Left hand joints set: [0.0000, 0.0041, 0.0027, -0.0039, 0.0000, -0.0039, 0.0000]
[ZMQEndpointInterface] Protocol v4: Right hand joints set: [0.0000, 0.0000, 0.0000, 0.0000, 0.0000, 0.0000, 0.0000]
[ZMQEndpointInterface] Received ZMQ message - topic: 'pose', protocol_version: 4, num_fields: 4, total_size: 4 buffers
[ZMQEndpointInterface] *** Starting ZMQ processing ***
[ZMQEndpointInterface] Protocol version: 4
[ZMQEndpointInterface] Protocol v4: Received 64D token (latent action), tokens[0]=0.0476, frame_index: 1331
[ZMQEndpointInterface] Protocol v4: Left hand joints set: [0.0000, 0.0055, 0.0027, -0.0020, 0.0000, 0.0000, -0.0059]
[ZMQEndpointInterface] Protocol v4: Right hand joints set: [0.0000, 0.0000, 0.0000, 0.0000, 0.0000, 0.0000, 0.0000]
[ZMQEndpointInterface] Received ZMQ message - topic: 'pose', protocol_version: 4, num_fields: 4, total_size: 4 buffers
[ZMQEndpointInterface] *** Starting ZMQ processing ***
[ZMQEndpointInterface] Protocol version: 4
[ZMQEndpointInterface] Protocol v4: Received 64D token (latent action), tokens[0]=0.0485, frame_index: 1332
[ZMQEndpointInterface] Protocol v4: Left hand joints set: [0.0000, 0.0096, 0.0000, -0.0078, 0.0000, 0.0000, 0.0000]
[ZMQEndpointInterface] Protocol v4: Right hand joints set: [0.0000, 0.0000, 0.0000, 0.0000, 0.0000, 0.0000, 0.0000]
[ZMQEndpointInterface] Received ZMQ message - topic: 'pose', protocol_version: 4, num_fields: 4, total_size: 4 buffers
[ZMQEndpointInterface] *** Starting ZMQ processing ***
[ZMQEndpointInterface] Protocol version: 4
[ZMQEndpointInterface] Protocol v4: Received 64D token (latent action), tokens[0]=0.0508, frame_index: 1333
[ZMQEndpointInterface] Protocol v4: Left hand joints set: [0.0000, 0.0027, 0.0027, -0.0078, 0.0000, -0.0020, -0.0059]
[ZMQEndpointInterface] Protocol v4: Right hand joints set: [0.0000, 0.0000, 0.0000, 0.0000, 0.0000, 0.0000, 0.0000]
[ZMQEndpointInterface] Received ZMQ message - topic: 'pose', protocol_version: 4, num_fields: 4, total_size: 4 buffers
[ZMQEndpointInterface] *** Starting ZMQ processing ***
[ZMQEndpointInterface] Protocol version: 4
[ZMQEndpointInterface] Protocol v4: Received 64D token (latent action), tokens[0]=0.0504, frame_index: 1334
[ZMQEndpointInterface] Protocol v4: Left hand joints set: [0.0000, 0.0096, 0.0055, -0.0078, 0.0000, 0.0000, 0.0000]
[ZMQEndpointInterface] Protocol v4: Right hand joints set: [0.0000, -0.0055, -0.0027, 0.0000, 0.0000, 0.0000, 0.0000]
[ZMQEndpointInterface] Received ZMQ message - topic: 'pose', protocol_version: 4, num_fields: 4, total_size: 4 buffers
[ZMQEndpointInterface] *** Starting ZMQ processing ***
[ZMQEndpointInterface] Protocol version: 4
[ZMQEndpointInterface] Protocol v4: Received 64D token (latent action), tokens[0]=0.0468, frame_index: 1335
[ZMQEndpointInterface] Protocol v4: Left hand joints set: [0.0000, 0.0068, 0.0014, -0.0078, 0.0000, -0.0039, 0.0000]
[ZMQEndpointInterface] Protocol v4: Right hand joints set: [0.0000, 0.0000, 0.0000, 0.0000, 0.0000, 0.0000, 0.0000]
[ZMQEndpointInterface] Received ZMQ message - topic: 'pose', protocol_version: 4, num_fields: 4, total_size: 4 buffers
[ZMQEndpointInterface] *** Starting ZMQ processing ***
[ZMQEndpointInterface] Protocol version: 4
[ZMQEndpointInterface] Protocol v4: Received 64D token (latent action), tokens[0]=0.0480, frame_index: 1336
[ZMQEndpointInterface] Protocol v4: Left hand joints set: [0.0000, 0.0055, 0.0027, -0.0117, 0.0000, 0.0000, 0.0000]
[ZMQEndpointInterface] Protocol v4: Right hand joints set: [0.0000, -0.0014, 0.0000, 0.0000, 0.0000, 0.0000, 0.0000]
[ZMQEndpointInterface] Received ZMQ message - topic: 'pose', protocol_version: 4, num_fields: 4, total_size: 4 buffers
[ZMQEndpointInterface] *** Starting ZMQ processing ***
[ZMQEndpointInterface] Protocol version: 4
[ZMQEndpointInterface] Protocol v4: Received 64D token (latent action), tokens[0]=0.0457, frame_index: 1337
[ZMQEndpointInterface] Protocol v4: Left hand joints set: [0.0000, 0.0055, 0.0055, -0.0059, 0.0000, 0.0000, 0.0000]
[ZMQEndpointInterface] Protocol v4: Right hand joints set: [0.0000, 0.0000, -0.0014, 0.0020, 0.0000, 0.0000, 0.0000]
[ZMQEndpointInterface] Received ZMQ message - topic: 'pose', protocol_version: 4, num_fields: 4, total_size: 4 buffers
[ZMQEndpointInterface] *** Starting ZMQ processing ***
[ZMQEndpointInterface] Protocol version: 4
[ZMQEndpointInterface] Protocol v4: Received 64D token (latent action), tokens[0]=0.0459, frame_index: 1338
[ZMQEndpointInterface] Protocol v4: Left hand joints set: [0.0000, 0.0082, 0.0027, -0.0078, 0.0000, 0.0000, 0.0000]
[ZMQEndpointInterface] Protocol v4: Right hand joints set: [0.0000, -0.0027, 0.0000, 0.0000, 0.0000, 0.0000, 0.0000]
[ZMQEndpointInterface] Received ZMQ message - topic: 'pose', protocol_version: 4, num_fields: 4, total_size: 4 buffers
[ZMQEndpointInterface] *** Starting ZMQ processing ***
[ZMQEndpointInterface] Protocol version: 4
[ZMQEndpointInterface] Protocol v4: Received 64D token (latent action), tokens[0]=0.0104, frame_index: 1339
[ZMQEndpointInterface] Protocol v4: Left hand joints set: [0.0000, 0.0027, 0.0055, 0.0000, -0.0117, -0.0039, -0.0059]
[ZMQEndpointInterface] Protocol v4: Right hand joints set: [0.0000, 0.0000, 0.0000, 0.0000, 0.0000, 0.0000, 0.0000]
[ZMQEndpointInterface] Received ZMQ message - topic: 'pose', protocol_version: 4, num_fields: 4, total_size: 4 buffers
[ZMQEndpointInterface] *** Starting ZMQ processing ***
[ZMQEndpointInterface] Protocol version: 4
[ZMQEndpointInterface] Protocol v4: Received 64D token (latent action), tokens[0]=0.0083, frame_index: 1340
[ZMQEndpointInterface] Protocol v4: Left hand joints set: [0.0000, 0.0027, 0.0027, 0.0000, 0.0000, -0.0020, 0.0000]
[ZMQEndpointInterface] Protocol v4: Right hand joints set: [0.0000, 0.0000, 0.0000, 0.0000, 0.0000, 0.0000, 0.0000]
[ZMQEndpointInterface] Received ZMQ message - topic: 'pose', protocol_version: 4, num_fields: 4, total_size: 4 buffers
[ZMQEndpointInterface] *** Starting ZMQ processing ***
[ZMQEndpointInterface] Protocol version: 4
[ZMQEndpointInterface] Protocol v4: Received 64D token (latent action), tokens[0]=0.0092, frame_index: 1341
[ZMQEndpointInterface] Protocol v4: Left hand joints set: [0.0000, 0.0000, 0.0027, 0.0000, 0.0000, 0.0000, -0.0029]
[ZMQEndpointInterface] Protocol v4: Right hand joints set: [0.0000, 0.0000, 0.0000, 0.0000, 0.0000, 0.0000, 0.0000]
[ZMQEndpointInterface] Received ZMQ message - topic: 'pose', protocol_version: 4, num_fields: 4, total_size: 4 buffers
[ZMQEndpointInterface] *** Starting ZMQ processing ***
[ZMQEndpointInterface] Protocol version: 4
[ZMQEndpointInterface] Protocol v4: Received 64D token (latent action), tokens[0]=0.0083, frame_index: 1342
[ZMQEndpointInterface] Protocol v4: Left hand joints set: [0.0000, 0.0000, 0.0000, 0.0000, 0.0000, 0.0000, -0.0088]
[ZMQEndpointInterface] Protocol v4: Right hand joints set: [0.0000, 0.0000, 0.0000, 0.0000, 0.0000, 0.0020, 0.0000]
[ZMQEndpointInterface] Received ZMQ message - topic: 'pose', protocol_version: 4, num_fields: 4, total_size: 4 buffers
[ZMQEndpointInterface] *** Starting ZMQ processing ***
[ZMQEndpointInterface] Protocol version: 4
[ZMQEndpointInterface] Protocol v4: Received 64D token (latent action), tokens[0]=0.0096, frame_index: 1343
[ZMQEndpointInterface] Protocol v4: Left hand joints set: [0.0000, 0.0000, 0.0027, 0.0000, 0.0000, 0.0000, -0.0088]
[ZMQEndpointInterface] Protocol v4: Right hand joints set: [0.0000, 0.0000, 0.0000, 0.0000, 0.0000, 0.0000, 0.0000]
[ZMQEndpointInterface] Received ZMQ message - topic: 'pose', protocol_version: 4, num_fields: 4, total_size: 4 buffers
[ZMQEndpointInterface] *** Starting ZMQ processing ***
[ZMQEndpointInterface] Protocol version: 4
[ZMQEndpointInterface] Protocol v4: Received 64D token (latent action), tokens[0]=0.0134, frame_index: 1344
[ZMQEndpointInterface] Protocol v4: Left hand joints set: [0.0000, 0.0014, 0.0027, 0.0000, 0.0000, 0.0000, -0.0117]
[ZMQEndpointInterface] Protocol v4: Right hand joints set: [0.0000, -0.0027, -0.0027, 0.0000, 0.0000, 0.0000, 0.0000]
[ZMQEndpointInterface] Received ZMQ message - topic: 'pose', protocol_version: 4, num_fields: 4, total_size: 4 buffers
[ZMQEndpointInterface] *** Starting ZMQ processing ***
[ZMQEndpointInterface] Protocol version: 4
[ZMQEndpointInterface] Protocol v4: Received 64D token (latent action), tokens[0]=0.0151, frame_index: 1345
[ZMQEndpointInterface] Protocol v4: Left hand joints set: [0.0000, 0.0000, 0.0014, 0.0000, 0.0000, -0.0020, -0.0059]
[ZMQEndpointInterface] Protocol v4: Right hand joints set: [0.0000, -0.0014, 0.0000, 0.0000, 0.0000, 0.0000, 0.0000]
[Token Flow] Copied external tokens, tokens[0]=0.0151
[ZMQEndpointInterface] Received ZMQ message - topic: 'pose', protocol_version: 4, num_fields: 4, total_size: 4 buffers
[ZMQEndpointInterface] *** Starting ZMQ processing ***
[ZMQEndpointInterface] Protocol version: 4
[ZMQEndpointInterface] Protocol v4: Received 64D token (latent action), tokens[0]=0.0186, frame_index: 1346
[ZMQEndpointInterface] Protocol v4: Left hand joints set: [0.0000, 0.0000, 0.0027, 0.0000, 0.0000, 0.0000, -0.0059]
[ZMQEndpointInterface] Protocol v4: Right hand joints set: [0.0000, 0.0000, 0.0000, 0.0000, 0.0000, 0.0000, 0.0000]
[ZMQEndpointInterface] Received ZMQ message - topic: 'pose', protocol_version: 4, num_fields: 4, total_size: 4 buffers
[ZMQEndpointInterface] *** Starting ZMQ processing ***
[ZMQEndpointInterface] Protocol version: 4
[ZMQEndpointInterface] Protocol v4: Received 64D token (latent action), tokens[0]=0.0168, frame_index: 1347
[ZMQEndpointInterface] Protocol v4: Left hand joints set: [0.0000, 0.0000, 0.0000, 0.0000, 0.0000, 0.0000, -0.0029]
[ZMQEndpointInterface] Protocol v4: Right hand joints set: [0.0000, -0.0027, 0.0000, 0.0000, 0.0000, 0.0000, 0.0000]
[ZMQEndpointInterface] Received ZMQ message - topic: 'pose', protocol_version: 4, num_fields: 4, total_size: 4 buffers
[ZMQEndpointInterface] *** Starting ZMQ processing ***
[ZMQEndpointInterface] Protocol version: 4
[ZMQEndpointInterface] Protocol v4: Received 64D token (latent action), tokens[0]=0.0207, frame_index: 1348
[ZMQEndpointInterface] Protocol v4: Left hand joints set: [0.0000, 0.0000, 0.0000, 0.0000, 0.0000, -0.0020, -0.0059]
[ZMQEndpointInterface] Protocol v4: Right hand joints set: [0.0000, -0.0041, 0.0000, 0.0000, 0.0000, 0.0000, 0.0000]
[ZMQEndpointInterface] Received ZMQ message - topic: 'pose', protocol_version: 4, num_fields: 4, total_size: 4 buffers
[ZMQEndpointInterface] *** Starting ZMQ processing ***
[ZMQEndpointInterface] Protocol version: 4
[ZMQEndpointInterface] Protocol v4: Received 64D token (latent action), tokens[0]=0.0228, frame_index: 1349
[ZMQEndpointInterface] Protocol v4: Left hand joints set: [0.0000, 0.0000, 0.0041, 0.0000, -0.0029, -0.0059, -0.0117]
[ZMQEndpointInterface] Protocol v4: Right hand joints set: [0.0000, -0.0014, -0.0014, 0.0000, 0.0000, 0.0000, 0.0000]
[ZMQEndpointInterface] Received ZMQ message - topic: 'pose', protocol_version: 4, num_fields: 4, total_size: 4 buffers
[ZMQEndpointInterface] *** Starting ZMQ processing ***
[ZMQEndpointInterface] Protocol version: 4
[ZMQEndpointInterface] Protocol v4: Received 64D token (latent action), tokens[0]=0.0245, frame_index: 1350
[ZMQEndpointInterface] Protocol v4: Left hand joints set: [0.0000, 0.0000, 0.0082, 0.0000, 0.0000, -0.0020, -0.0088]
[ZMQEndpointInterface] Protocol v4: Right hand joints set: [0.0000, -0.0027, 0.0000, 0.0000, 0.0000, 0.0000, 0.0000]
[ZMQEndpointInterface] Received ZMQ message - topic: 'pose', protocol_version: 4, num_fields: 4, total_size: 4 buffers
[ZMQEndpointInterface] *** Starting ZMQ processing ***
[ZMQEndpointInterface] Protocol version: 4
[ZMQEndpointInterface] Protocol v4: Received 64D token (latent action), tokens[0]=0.0331, frame_index: 1351
[ZMQEndpointInterface] Protocol v4: Left hand joints set: [0.0000, 0.0000, 0.0041, 0.0000, 0.0000, -0.0020, -0.0088]
[ZMQEndpointInterface] Protocol v4: Right hand joints set: [0.0000, 0.0000, 0.0000, 0.0000, 0.0000, 0.0000, 0.0000]
[ZMQEndpointInterface] Received ZMQ message - topic: 'pose', protocol_version: 4, num_fields: 4, total_size: 4 buffers
[ZMQEndpointInterface] *** Starting ZMQ processing ***
[ZMQEndpointInterface] Protocol version: 4
[ZMQEndpointInterface] Protocol v4: Received 64D token (latent action), tokens[0]=0.0318, frame_index: 1352
[ZMQEndpointInterface] Protocol v4: Left hand joints set: [0.0000, 0.0000, 0.0014, 0.0000, -0.0029, -0.0020, -0.0059]
[ZMQEndpointInterface] Protocol v4: Right hand joints set: [0.0000, -0.0041, 0.0000, 0.0000, 0.0000, 0.0000, 0.0000]
[ZMQEndpointInterface] Received ZMQ message - topic: 'pose', protocol_version: 4, num_fields: 4, total_size: 4 buffers
[ZMQEndpointInterface] *** Starting ZMQ processing ***
[ZMQEndpointInterface] Protocol version: 4
[ZMQEndpointInterface] Protocol v4: Received 64D token (latent action), tokens[0]=0.0378, frame_index: 1353
[ZMQEndpointInterface] Protocol v4: Left hand joints set: [0.0000, 0.0000, 0.0000, 0.0000, 0.0000, -0.0039, 0.0000]
[ZMQEndpointInterface] Protocol v4: Right hand joints set: [0.0000, -0.0055, 0.0000, 0.0000, 0.0000, 0.0000, 0.0000]
[ZMQEndpointInterface] Received ZMQ message - topic: 'pose', protocol_version: 4, num_fields: 4, total_size: 4 buffers
[ZMQEndpointInterface] *** Starting ZMQ processing ***
[ZMQEndpointInterface] Protocol version: 4
[ZMQEndpointInterface] Protocol v4: Received 64D token (latent action), tokens[0]=0.0444, frame_index: 1354
[ZMQEndpointInterface] Protocol v4: Left hand joints set: [0.0000, 0.0000, 0.0014, 0.0000, 0.0000, -0.0039, -0.0059]
[ZMQEndpointInterface] Protocol v4: Right hand joints set: [0.0000, -0.0055, -0.0014, 0.0000, 0.0000, 0.0000, 0.0000]
[ZMQEndpointInterface] Received ZMQ message - topic: 'pose', protocol_version: 4, num_fields: 4, total_size: 4 buffers
[ZMQEndpointInterface] *** Starting ZMQ processing ***
[ZMQEndpointInterface] Protocol version: 4
[ZMQEndpointInterface] Protocol v4: Received 64D token (latent action), tokens[0]=0.0450, frame_index: 1355
[ZMQEndpointInterface] Protocol v4: Left hand joints set: [0.0000, 0.0000, 0.0014, 0.0000, 0.0000, -0.0059, -0.0059]
[ZMQEndpointInterface] Protocol v4: Right hand joints set: [0.0000, -0.0027, -0.0014, 0.0000, 0.0000, 0.0000, 0.0000]
[ZMQEndpointInterface] Received ZMQ message - topic: 'pose', protocol_version: 4, num_fields: 4, total_size: 4 buffers
[ZMQEndpointInterface] *** Starting ZMQ processing ***
[ZMQEndpointInterface] Protocol version: 4
[ZMQEndpointInterface] Protocol v4: Received 64D token (latent action), tokens[0]=0.0493, frame_index: 1356
[ZMQEndpointInterface] Protocol v4: Left hand joints set: [0.0000, 0.0000, 0.0027, 0.0000, 0.0000, -0.0117, -0.0059]
[ZMQEndpointInterface] Protocol v4: Right hand joints set: [0.0000, -0.0041, 0.0000, 0.0000, 0.0000, 0.0000, 0.0000]
[ZMQEndpointInterface] Received ZMQ message - topic: 'pose', protocol_version: 4, num_fields: 4, total_size: 4 buffers
[ZMQEndpointInterface] *** Starting ZMQ processing ***
[ZMQEndpointInterface] Protocol version: 4
[ZMQEndpointInterface] Protocol v4: Received 64D token (latent action), tokens[0]=0.0500, frame_index: 1357
[ZMQEndpointInterface] Protocol v4: Left hand joints set: [0.0000, 0.0014, 0.0027, 0.0000, 0.0000, -0.0059, -0.0088]
[ZMQEndpointInterface] Protocol v4: Right hand joints set: [0.0000, -0.0027, 0.0000, 0.0000, 0.0000, 0.0000, 0.0000]
[ZMQEndpointInterface] Received ZMQ message - topic: 'pose', protocol_version: 4, num_fields: 4, total_size: 4 buffers
[ZMQEndpointInterface] *** Starting ZMQ processing ***
[ZMQEndpointInterface] Protocol version: 4
[ZMQEndpointInterface] Protocol v4: Received 64D token (latent action), tokens[0]=0.0540, frame_index: 1358
[ZMQEndpointInterface] Protocol v4: Left hand joints set: [0.0000, 0.0000, 0.0000, 0.0000, 0.0000, -0.0039, 0.0000]
[ZMQEndpointInterface] Protocol v4: Right hand joints set: [0.0000, -0.0014, 0.0000, 0.0000, 0.0000, 0.0000, 0.0000]
[ZMQEndpointInterface] Received ZMQ message - topic: 'pose', protocol_version: 4, num_fields: 4, total_size: 4 buffers
[ZMQEndpointInterface] *** Starting ZMQ processing ***
[ZMQEndpointInterface] Protocol version: 4
[ZMQEndpointInterface] Protocol v4: Received 64D token (latent action), tokens[0]=0.0506, frame_index: 1359
[ZMQEndpointInterface] Protocol v4: Left hand joints set: [0.0000, 0.0000, 0.0041, -0.0020, 0.0000, -0.0059, -0.0117]
[ZMQEndpointInterface] Protocol v4: Right hand joints set: [0.0000, 0.0000, 0.0000, 0.0000, 0.0000, 0.0000, 0.0000]
Temporary motion completed.
Reset to frame 0.
[ZMQEndpointInterface] Received ZMQ message - topic: 'pose', protocol_version: 4, num_fields: 4, total_size: 4 buffers
[ZMQEndpointInterface] *** Starting ZMQ processing ***
[ZMQEndpointInterface] Protocol version: 4
[ZMQEndpointInterface] Protocol v4: Received 64D token (latent action), tokens[0]=0.0547, frame_index: 1360
[ZMQEndpointInterface] Protocol v4: Left hand joints set: [0.0000, 0.0000, 0.0000, -0.0078, 0.0000, -0.0059, 0.0000]
[ZMQEndpointInterface] Protocol v4: Right hand joints set: [0.0000, -0.0027, -0.0041, 0.0000, 0.0000, 0.0000, 0.0000]
Reset heading state to 0.9983, 0.0002, -0.0467, -0.0354
Reset delta heading to 0
Reset init reference data root rotation to current frame: 0.9997, -0.0016, -0.0223, -0.0045
**********************************************************
Reference motion name: temporary_motion
**********************************************************
Loop timing - LowState age: 1.6860ms, Streaming data mean delay: 9.6370ms, Streaming data std delay: 5.8343ms, IMU age: 1.6700ms, Obs: 86us, Policy: 604us, Obs 2 Motor Command: 691us, Post processing: 34us | HandCloseRatio: 1.0000
[ZMQEndpointInterface] Received ZMQ message - topic: 'pose', protocol_version: 4, num_fields: 4, total_size: 4 buffers
[ZMQEndpointInterface] *** Starting ZMQ processing ***
[ZMQEndpointInterface] Protocol version: 4
[ZMQEndpointInterface] Protocol v4: Received 64D token (latent action), tokens[0]=0.0576, frame_index: 1361
[ZMQEndpointInterface] Protocol v4: Left hand joints set: [0.0000, 0.0000, 0.0027, 0.0000, 0.0000, 0.0000, -0.0117]
[ZMQEndpointInterface] Protocol v4: Right hand joints set: [0.0000, -0.0027, -0.0027, 0.0000, 0.0000, 0.0000, 0.0000]
[ZMQEndpointInterface] Received ZMQ message - topic: 'pose', protocol_version: 4, num_fields: 4, total_size: 4 buffers
[ZMQEndpointInterface] *** Starting ZMQ processing ***
[ZMQEndpointInterface] Protocol version: 4
[ZMQEndpointInterface] Protocol v4: Received 64D token (latent action), tokens[0]=0.0570, frame_index: 1362
[ZMQEndpointInterface] Protocol v4: Left hand joints set: [0.0000, 0.0000, 0.0014, 0.0000, 0.0000, 0.0000, -0.0029]
[ZMQEndpointInterface] Protocol v4: Right hand joints set: [0.0000, -0.0055, 0.0000, 0.0000, 0.0000, 0.0000, 0.0000]
[ZMQEndpointInterface] Received ZMQ message - topic: 'pose', protocol_version: 4, num_fields: 4, total_size: 4 buffers
[ZMQEndpointInterface] *** Starting ZMQ processing ***
[ZMQEndpointInterface] Protocol version: 4
[ZMQEndpointInterface] Protocol v4: Received 64D token (latent action), tokens[0]=0.0600, frame_index: 1363
[ZMQEndpointInterface] Protocol v4: Left hand joints set: [0.0000, 0.0027, 0.0000, -0.0039, 0.0000, -0.0039, 0.0000]
[ZMQEndpointInterface] Protocol v4: Right hand joints set: [0.0000, 0.0000, 0.0000, 0.0000, 0.0000, 0.0000, 0.0000]
[ZMQEndpointInterface] Received ZMQ message - topic: 'pose', protocol_version: 4, num_fields: 4, total_size: 4 buffers
[ZMQEndpointInterface] *** Starting ZMQ processing ***
[ZMQEndpointInterface] Protocol version: 4
[ZMQEndpointInterface] Protocol v4: Received 64D token (latent action), tokens[0]=0.0613, frame_index: 1364
[ZMQEndpointInterface] Protocol v4: Left hand joints set: [0.0000, 0.0000, 0.0014, 0.0000, 0.0000, -0.0059, 0.0000]
[ZMQEndpointInterface] Protocol v4: Right hand joints set: [0.0000, 0.0000, 0.0000, 0.0000, 0.0000, 0.0000, 0.0000]
[ZMQEndpointInterface] Received ZMQ message - topic: 'pose', protocol_version: 4, num_fields: 4, total_size: 4 buffers
[ZMQEndpointInterface] *** Starting ZMQ processing ***
[ZMQEndpointInterface] Protocol version: 4
[ZMQEndpointInterface] Protocol v4: Received 64D token (latent action), tokens[0]=0.0604, frame_index: 1365
[ZMQEndpointInterface] Protocol v4: Left hand joints set: [0.0000, 0.0014, 0.0000, -0.0020, 0.0000, 0.0000, -0.0029]
[ZMQEndpointInterface] Protocol v4: Right hand joints set: [0.0000, 0.0000, 0.0000, 0.0000, 0.0000, 0.0020, 0.0000]
[ZMQEndpointInterface] Received ZMQ message - topic: 'pose', protocol_version: 4, num_fields: 4, total_size: 4 buffers
[ZMQEndpointInterface] *** Starting ZMQ processing ***
[ZMQEndpointInterface] Protocol version: 4
[ZMQEndpointInterface] Protocol v4: Received 64D token (latent action), tokens[0]=0.0621, frame_index: 1366
[ZMQEndpointInterface] Protocol v4: Left hand joints set: [0.0000, 0.0027, 0.0000, 0.0000, 0.0000, 0.0000, 0.0000]
[ZMQEndpointInterface] Protocol v4: Right hand joints set: [0.0000, 0.0000, 0.0000, 0.0000, 0.0000, 0.0000, 0.0000]
[ZMQEndpointInterface] Received ZMQ message - topic: 'pose', protocol_version: 4, num_fields: 4, total_size: 4 buffers
[ZMQEndpointInterface] *** Starting ZMQ processing ***
[ZMQEndpointInterface] Protocol version: 4
[ZMQEndpointInterface] Protocol v4: Received 64D token (latent action), tokens[0]=0.0429, frame_index: 1367
[ZMQEndpointInterface] Protocol v4: Left hand joints set: [0.0000, 0.0027, 0.0014, 0.0000, -0.0029, -0.0039, 0.0000]
[ZMQEndpointInterface] Protocol v4: Right hand joints set: [0.0000, -0.0055, 0.0000, 0.0039, 0.0000, 0.0039, 0.0029]
[ZMQEndpointInterface] Received ZMQ message - topic: 'pose', protocol_version: 4, num_fields: 4, total_size: 4 buffers
[ZMQEndpointInterface] *** Starting ZMQ processing ***
[ZMQEndpointInterface] Protocol version: 4
[ZMQEndpointInterface] Protocol v4: Received 64D token (latent action), tokens[0]=0.0408, frame_index: 1368
[ZMQEndpointInterface] Protocol v4: Left hand joints set: [0.0000, 0.0068, 0.0082, -0.0078, -0.0117, -0.0020, 0.0000]
[ZMQEndpointInterface] Protocol v4: Right hand joints set: [0.0000, -0.0055, -0.0014, 0.0000, 0.0059, 0.0039, 0.0029]
[ZMQEndpointInterface] Received ZMQ message - topic: 'pose', protocol_version: 4, num_fields: 4, total_size: 4 buffers
[ZMQEndpointInterface] *** Starting ZMQ processing ***
[ZMQEndpointInterface] Protocol version: 4
[ZMQEndpointInterface] Protocol v4: Received 64D token (latent action), tokens[0]=0.0397, frame_index: 1369
[ZMQEndpointInterface] Protocol v4: Left hand joints set: [0.0000, 0.0041, 0.0027, -0.0078, -0.0088, -0.0078, -0.0029]
[ZMQEndpointInterface] Protocol v4: Right hand joints set: [0.0000, -0.0041, -0.0027, 0.0039, 0.0000, 0.0000, 0.0000]
[ZMQEndpointInterface] Received ZMQ message - topic: 'pose', protocol_version: 4, num_fields: 4, total_size: 4 buffers
[ZMQEndpointInterface] *** Starting ZMQ processing ***
[ZMQEndpointInterface] Protocol version: 4
[ZMQEndpointInterface] Protocol v4: Received 64D token (latent action), tokens[0]=0.0406, frame_index: 1370
[ZMQEndpointInterface] Protocol v4: Left hand joints set: [0.0000, 0.0000, 0.0027, 0.0000, -0.0059, 0.0000, 0.0000]
[ZMQEndpointInterface] Protocol v4: Right hand joints set: [0.0000, -0.0055, -0.0027, 0.0039, 0.0000, 0.0020, 0.0000]
[ZMQEndpointInterface] Received ZMQ message - topic: 'pose', protocol_version: 4, num_fields: 4, total_size: 4 buffers
[ZMQEndpointInterface] *** Starting ZMQ processing ***
[ZMQEndpointInterface] Protocol version: 4
[ZMQEndpointInterface] Protocol v4: Received 64D token (latent action), tokens[0]=0.0408, frame_index: 1371
[ZMQEndpointInterface] Protocol v4: Left hand joints set: [0.0000, 0.0000, 0.0055, -0.0020, 0.0000, -0.0020, 0.0000]
[ZMQEndpointInterface] Protocol v4: Right hand joints set: [0.0000, -0.0027, 0.0000, 0.0078, 0.0000, 0.0000, 0.0000]
[ZMQEndpointInterface] Received ZMQ message - topic: 'pose', protocol_version: 4, num_fields: 4, total_size: 4 buffers
[ZMQEndpointInterface] *** Starting ZMQ processing ***
[ZMQEndpointInterface] Protocol version: 4
[ZMQEndpointInterface] Protocol v4: Received 64D token (latent action), tokens[0]=0.0406, frame_index: 1372
[ZMQEndpointInterface] Protocol v4: Left hand joints set: [0.0000, 0.0000, 0.0014, 0.0000, 0.0000, -0.0020, 0.0000]
[ZMQEndpointInterface] Protocol v4: Right hand joints set: [0.0000, -0.0027, 0.0000, 0.0000, 0.0000, 0.0000, 0.0000]
[ZMQEndpointInterface] Received ZMQ message - topic: 'pose', protocol_version: 4, num_fields: 4, total_size: 4 buffers
[ZMQEndpointInterface] *** Starting ZMQ processing ***
[ZMQEndpointInterface] Protocol version: 4
[ZMQEndpointInterface] Protocol v4: Received 64D token (latent action), tokens[0]=0.0378, frame_index: 1373
[ZMQEndpointInterface] Protocol v4: Left hand joints set: [0.0000, 0.0000, 0.0014, 0.0000, 0.0000, -0.0039, 0.0000]
[ZMQEndpointInterface] Protocol v4: Right hand joints set: [0.0000, -0.0027, -0.0027, 0.0059, 0.0000, 0.0059, 0.0000]
[ZMQEndpointInterface] Received ZMQ message - topic: 'pose', protocol_version: 4, num_fields: 4, total_size: 4 buffers
[ZMQEndpointInterface] *** Starting ZMQ processing ***
[ZMQEndpointInterface] Protocol version: 4
[ZMQEndpointInterface] Protocol v4: Received 64D token (latent action), tokens[0]=0.0399, frame_index: 1374
[ZMQEndpointInterface] Protocol v4: Left hand joints set: [0.0000, 0.0000, 0.0027, 0.0000, 0.0000, -0.0059, -0.0029]
[ZMQEndpointInterface] Protocol v4: Right hand joints set: [0.0000, -0.0068, -0.0027, 0.0020, 0.0000, 0.0000, 0.0000]
[ZMQEndpointInterface] Received ZMQ message - topic: 'pose', protocol_version: 4, num_fields: 4, total_size: 4 buffers
[ZMQEndpointInterface] *** Starting ZMQ processing ***
[ZMQEndpointInterface] Protocol version: 4
[ZMQEndpointInterface] Protocol v4: Received 64D token (latent action), tokens[0]=0.0382, frame_index: 1375
[ZMQEndpointInterface] Protocol v4: Left hand joints set: [0.0000, 0.0000, 0.0000, 0.0000, -0.0029, -0.0020, -0.0059]
[ZMQEndpointInterface] Protocol v4: Right hand joints set: [0.0000, -0.0041, -0.0055, 0.0059, 0.0000, 0.0020, 0.0000]
[ZMQEndpointInterface] Received ZMQ message - topic: 'pose', protocol_version: 4, num_fields: 4, total_size: 4 buffers
[ZMQEndpointInterface] *** Starting ZMQ processing ***
[ZMQEndpointInterface] Protocol version: 4
[ZMQEndpointInterface] Protocol v4: Received 64D token (latent action), tokens[0]=0.0382, frame_index: 1376
[ZMQEndpointInterface] Protocol v4: Left hand joints set: [0.0000, 0.0000, 0.0000, -0.0039, 0.0000, -0.0020, 0.0000]
[ZMQEndpointInterface] Protocol v4: Right hand joints set: [0.0000, -0.0082, -0.0014, 0.0000, 0.0000, 0.0039, 0.0000]
[ZMQEndpointInterface] Received ZMQ message - topic: 'pose', protocol_version: 4, num_fields: 4, total_size: 4 buffers
[ZMQEndpointInterface] *** Starting ZMQ processing ***
[ZMQEndpointInterface] Protocol version: 4
[ZMQEndpointInterface] Protocol v4: Received 64D token (latent action), tokens[0]=0.0361, frame_index: 1377
[ZMQEndpointInterface] Protocol v4: Left hand joints set: [0.0000, 0.0000, 0.0000, 0.0000, 0.0000, -0.0020, 0.0000]
[ZMQEndpointInterface] Protocol v4: Right hand joints set: [0.0000, 0.0000, 0.0000, 0.0039, 0.0000, 0.0000, 0.0000]
[ZMQEndpointInterface] Received ZMQ message - topic: 'pose', protocol_version: 4, num_fields: 4, total_size: 4 buffers
[ZMQEndpointInterface] *** Starting ZMQ processing ***
[ZMQEndpointInterface] Protocol version: 4
[ZMQEndpointInterface] Protocol v4: Received 64D token (latent action), tokens[0]=0.0356, frame_index: 1378
[ZMQEndpointInterface] Protocol v4: Left hand joints set: [0.0000, 0.0000, 0.0000, 0.0000, -0.0029, 0.0000, 0.0000]
[ZMQEndpointInterface] Protocol v4: Right hand joints set: [0.0000, -0.0027, 0.0000, 0.0078, 0.0000, 0.0039, 0.0000]
[ZMQEndpointInterface] Received ZMQ message - topic: 'pose', protocol_version: 4, num_fields: 4, total_size: 4 buffers
[ZMQEndpointInterface] *** Starting ZMQ processing ***
[ZMQEndpointInterface] Protocol version: 4
[ZMQEndpointInterface] Protocol v4: Received 64D token (latent action), tokens[0]=0.0288, frame_index: 1379
[ZMQEndpointInterface] Protocol v4: Left hand joints set: [0.0000, 0.0000, 0.0000, 0.0000, 0.0000, 0.0000, 0.0000]
[ZMQEndpointInterface] Protocol v4: Right hand joints set: [0.0000, -0.0055, 0.0000, 0.0137, 0.0000, 0.0000, 0.0000]
[ZMQEndpointInterface] Received ZMQ message - topic: 'pose', protocol_version: 4, num_fields: 4, total_size: 4 buffers
[ZMQEndpointInterface] *** Starting ZMQ processing ***
[ZMQEndpointInterface] Protocol version: 4
[ZMQEndpointInterface] Protocol v4: Received 64D token (latent action), tokens[0]=0.0262, frame_index: 1380
[ZMQEndpointInterface] Protocol v4: Left hand joints set: [0.0000, 0.0027, 0.0000, 0.0000, -0.0029, 0.0000, 0.0000]
[ZMQEndpointInterface] Protocol v4: Right hand joints set: [0.0000, -0.0041, -0.0041, 0.0078, 0.0000, 0.0039, 0.0000]
[ZMQEndpointInterface] Received ZMQ message - topic: 'pose', protocol_version: 4, num_fields: 4, total_size: 4 buffers
[ZMQEndpointInterface] *** Starting ZMQ processing ***
[ZMQEndpointInterface] Protocol version: 4
[ZMQEndpointInterface] Protocol v4: Received 64D token (latent action), tokens[0]=0.0220, frame_index: 1381
[ZMQEndpointInterface] Protocol v4: Left hand joints set: [0.0000, 0.0000, 0.0000, 0.0000, 0.0000, 0.0000, 0.0000]
[ZMQEndpointInterface] Protocol v4: Right hand joints set: [0.0000, -0.0027, 0.0000, 0.0059, 0.0000, 0.0020, 0.0000]
[ZMQEndpointInterface] Received ZMQ message - topic: 'pose', protocol_version: 4, num_fields: 4, total_size: 4 buffers
[ZMQEndpointInterface] *** Starting ZMQ processing ***
[ZMQEndpointInterface] Protocol version: 4
[ZMQEndpointInterface] Protocol v4: Received 64D token (latent action), tokens[0]=0.0194, frame_index: 1382
[ZMQEndpointInterface] Protocol v4: Left hand joints set: [0.0000, 0.0041, 0.0000, 0.0000, 0.0000, 0.0000, 0.0000]
[ZMQEndpointInterface] Protocol v4: Right hand joints set: [0.0000, -0.0027, 0.0000, 0.0039, 0.0000, 0.0000, 0.0000]
[ZMQEndpointInterface] Received ZMQ message - topic: 'pose', protocol_version: 4, num_fields: 4, total_size: 4 buffers
[ZMQEndpointInterface] *** Starting ZMQ processing ***
[ZMQEndpointInterface] Protocol version: 4
[ZMQEndpointInterface] Protocol v4: Received 64D token (latent action), tokens[0]=0.0181, frame_index: 1383
[ZMQEndpointInterface] Protocol v4: Left hand joints set: [0.0000, 0.0000, 0.0014, 0.0000, 0.0000, 0.0000, 0.0000]
[ZMQEndpointInterface] Protocol v4: Right hand joints set: [0.0000, -0.0041, 0.0000, 0.0020, 0.0000, 0.0000, 0.0000]
[ZMQEndpointInterface] Received ZMQ message - topic: 'pose', protocol_version: 4, num_fields: 4, total_size: 4 buffers
[ZMQEndpointInterface] *** Starting ZMQ processing ***
[ZMQEndpointInterface] Protocol version: 4
[ZMQEndpointInterface] Protocol v4: Received 64D token (latent action), tokens[0]=0.0117, frame_index: 1384
[ZMQEndpointInterface] Protocol v4: Left hand joints set: [0.0000, 0.0000, 0.0055, 0.0000, -0.0029, 0.0000, 0.0000]
[ZMQEndpointInterface] Protocol v4: Right hand joints set: [0.0000, -0.0027, -0.0055, 0.0000, 0.0117, 0.0020, 0.0000]
[ZMQEndpointInterface] Received ZMQ message - topic: 'pose', protocol_version: 4, num_fields: 4, total_size: 4 buffers
[ZMQEndpointInterface] *** Starting ZMQ processing ***
[ZMQEndpointInterface] Protocol version: 4
[ZMQEndpointInterface] Protocol v4: Received 64D token (latent action), tokens[0]=0.0100, frame_index: 1385
[ZMQEndpointInterface] Protocol v4: Left hand joints set: [0.0000, 0.0000, 0.0000, 0.0000, 0.0000, 0.0000, 0.0000]
[ZMQEndpointInterface] Protocol v4: Right hand joints set: [0.0000, -0.0027, -0.0014, 0.0000, 0.0000, 0.0020, 0.0000]
[ZMQEndpointInterface] Received ZMQ message - topic: 'pose', protocol_version: 4, num_fields: 4, total_size: 4 buffers
[ZMQEndpointInterface] *** Starting ZMQ processing ***
[ZMQEndpointInterface] Protocol version: 4
[ZMQEndpointInterface] Protocol v4: Received 64D token (latent action), tokens[0]=0.0074, frame_index: 1386
[ZMQEndpointInterface] Protocol v4: Left hand joints set: [0.0000, 0.0000, 0.0000, 0.0000, 0.0000, 0.0000, 0.0000]
[ZMQEndpointInterface] Protocol v4: Right hand joints set: [0.0000, 0.0000, -0.0041, 0.0000, 0.0029, 0.0039, 0.0000]
[ZMQEndpointInterface] Received ZMQ message - topic: 'pose', protocol_version: 4, num_fields: 4, total_size: 4 buffers
[ZMQEndpointInterface] *** Starting ZMQ processing ***
[ZMQEndpointInterface] Protocol version: 4
[ZMQEndpointInterface] Protocol v4: Received 64D token (latent action), tokens[0]=0.0074, frame_index: 1387
[ZMQEndpointInterface] Protocol v4: Left hand joints set: [0.0000, 0.0000, 0.0000, 0.0000, 0.0000, 0.0000, 0.0000]
[ZMQEndpointInterface] Protocol v4: Right hand joints set: [0.0000, -0.0027, 0.0000, 0.0000, 0.0000, 0.0000, 0.0000]
[ZMQEndpointInterface] Received ZMQ message - topic: 'pose', protocol_version: 4, num_fields: 4, total_size: 4 buffers
[ZMQEndpointInterface] *** Starting ZMQ processing ***
[ZMQEndpointInterface] Protocol version: 4
[ZMQEndpointInterface] Protocol v4: Received 64D token (latent action), tokens[0]=0.0053, frame_index: 1388
[ZMQEndpointInterface] Protocol v4: Left hand joints set: [0.0000, 0.0027, 0.0014, 0.0000, 0.0000, 0.0000, 0.0000]
[ZMQEndpointInterface] Protocol v4: Right hand joints set: [0.0000, -0.0014, -0.0014, 0.0039, 0.0000, 0.0000, 0.0000]
[ZMQEndpointInterface] Received ZMQ message - topic: 'pose', protocol_version: 4, num_fields: 4, total_size: 4 buffers
[ZMQEndpointInterface] *** Starting ZMQ processing ***
[ZMQEndpointInterface] Protocol version: 4
[ZMQEndpointInterface] Protocol v4: Received 64D token (latent action), tokens[0]=0.0010, frame_index: 1389
[ZMQEndpointInterface] Protocol v4: Left hand joints set: [0.0000, 0.0082, 0.0000, 0.0000, 0.0000, 0.0000, -0.0029]
[ZMQEndpointInterface] Protocol v4: Right hand joints set: [0.0000, -0.0041, -0.0055, 0.0020, 0.0117, 0.0000, 0.0000]
[ZMQEndpointInterface] Received ZMQ message - topic: 'pose', protocol_version: 4, num_fields: 4, total_size: 4 buffers
[ZMQEndpointInterface] *** Starting ZMQ processing ***
[ZMQEndpointInterface] Protocol version: 4
[ZMQEndpointInterface] Protocol v4: Received 64D token (latent action), tokens[0]=0.0015, frame_index: 1390
[ZMQEndpointInterface] Protocol v4: Left hand joints set: [0.0000, 0.0014, 0.0000, 0.0000, -0.0029, 0.0000, 0.0000]
[ZMQEndpointInterface] Protocol v4: Right hand joints set: [0.0000, 0.0000, 0.0000, 0.0000, 0.0000, 0.0098, 0.0000]
[ZMQEndpointInterface] Received ZMQ message - topic: 'pose', protocol_version: 4, num_fields: 4, total_size: 4 buffers
[ZMQEndpointInterface] *** Starting ZMQ processing ***
[ZMQEndpointInterface] Protocol version: 4
[ZMQEndpointInterface] Protocol v4: Received 64D token (latent action), tokens[0]=0.0032, frame_index: 1391
[ZMQEndpointInterface] Protocol v4: Left hand joints set: [0.0000, 0.0000, 0.0027, -0.0020, 0.0000, 0.0000, 0.0000]
[ZMQEndpointInterface] Protocol v4: Right hand joints set: [0.0000, -0.0055, 0.0000, 0.0020, 0.0000, 0.0039, 0.0000]
[ZMQEndpointInterface] Received ZMQ message - topic: 'pose', protocol_version: 4, num_fields: 4, total_size: 4 buffers
[ZMQEndpointInterface] *** Starting ZMQ processing ***
[ZMQEndpointInterface] Protocol version: 4
[ZMQEndpointInterface] Protocol v4: Received 64D token (latent action), tokens[0]=0.0057, frame_index: 1392
[ZMQEndpointInterface] Protocol v4: Left hand joints set: [0.0000, 0.0000, 0.0027, -0.0020, -0.0176, -0.0020, 0.0000]
[ZMQEndpointInterface] Protocol v4: Right hand joints set: [0.0000, -0.0027, -0.0055, 0.0000, 0.0059, 0.0000, 0.0000]
[ZMQEndpointInterface] Received ZMQ message - topic: 'pose', protocol_version: 4, num_fields: 4, total_size: 4 buffers
[ZMQEndpointInterface] *** Starting ZMQ processing ***
[ZMQEndpointInterface] Protocol version: 4
[ZMQEndpointInterface] Protocol v4: Received 64D token (latent action), tokens[0]=0.0036, frame_index: 1393
[ZMQEndpointInterface] Protocol v4: Left hand joints set: [0.0000, 0.0027, 0.0000, 0.0000, 0.0000, 0.0000, 0.0000]
[ZMQEndpointInterface] Protocol v4: Right hand joints set: [0.0000, -0.0055, -0.0027, 0.0039, 0.0059, 0.0059, 0.0000]
[ZMQEndpointInterface] Received ZMQ message - topic: 'pose', protocol_version: 4, num_fields: 4, total_size: 4 buffers
[ZMQEndpointInterface] *** Starting ZMQ processing ***
[ZMQEndpointInterface] Protocol version: 4
[ZMQEndpointInterface] Protocol v4: Received 64D token (latent action), tokens[0]=0.0074, frame_index: 1394
[ZMQEndpointInterface] Protocol v4: Left hand joints set: [0.0000, 0.0000, 0.0014, -0.0039, 0.0000, 0.0000, 0.0000]
[ZMQEndpointInterface] Protocol v4: Right hand joints set: [0.0000, 0.0000, -0.0055, 0.0000, 0.0000, 0.0098, 0.0000]
[ZMQEndpointInterface] Received ZMQ message - topic: 'pose', protocol_version: 4, num_fields: 4, total_size: 4 buffers
[ZMQEndpointInterface] *** Starting ZMQ processing ***
[ZMQEndpointInterface] Protocol version: 4
[ZMQEndpointInterface] Protocol v4: Received 64D token (latent action), tokens[0]=0.0057, frame_index: 1395
[ZMQEndpointInterface] Protocol v4: Left hand joints set: [0.0000, 0.0000, 0.0000, -0.0039, 0.0000, 0.0000, 0.0000]
[ZMQEndpointInterface] Protocol v4: Right hand joints set: [0.0000, -0.0027, 0.0000, 0.0000, 0.0117, 0.0039, 0.0000]
[Token Flow] Copied external tokens, tokens[0]=0.0057
[ZMQEndpointInterface] Received ZMQ message - topic: 'pose', protocol_version: 4, num_fields: 4, total_size: 4 buffers
[ZMQEndpointInterface] *** Starting ZMQ processing ***
[ZMQEndpointInterface] Protocol version: 4
[ZMQEndpointInterface] Protocol v4: Received 64D token (latent action), tokens[0]=0.0036, frame_index: 1396
[ZMQEndpointInterface] Protocol v4: Left hand joints set: [0.0000, 0.0041, 0.0000, 0.0000, 0.0000, 0.0000, 0.0000]
[ZMQEndpointInterface] Protocol v4: Right hand joints set: [0.0000, -0.0027, -0.0027, 0.0000, 0.0088, 0.0117, 0.0000]
[ZMQManager] Switched to: PLANNER mode (safety reset)
[ZMQManager] Planner enabled
Initializing planner...
Setting planner_motion encode mode to 0
Replanning with mode: IDLE, target_height: -1.0000, target_vel: -1.0000, movement: [0.0000, 0.0000, 0.0000], facing: [1.0000, 0.0000, 0.0000]
Planner Init timing - Model: 6234us, Extract: 5us
Planner initialized
Planner initialized successfully!
Reset heading state to 0.9982, -0.0019, -0.0313, -0.0514
Reset delta heading to 0
Reset init reference data root rotation to current frame: 1.0000, 0.0001, -0.0010, 0.0000
**********************************************************
Reference motion name: planner_motion
**********************************************************
[ZMQManager] Waiting for planner to be initialized
No encoder is used and not using external tokens
Turning on the encoder now
Replanning with mode: IDLE, target_height: -1.0000, target_vel: -1.0000, movement: [0.0000, 0.0000, 0.0000], facing: [1.0000, 0.0061, 0.0000]
Loop timing - LowState age: 1.6050ms, Streaming data mean delay: 9.7280ms, Streaming data std delay: 5.7694ms, IMU age: 1.5600ms, Obs: 555us, Policy: 518us, Obs 2 Motor Command: 1074us, Post processing: 36us, Planner - Gather Input: 41us, Model: 5781us, Convert50Hz: 4us, Total: 5827us | HandCloseRatio: 1.0000
