[DEBUG] Program starting...
[DEBUG] Arguments validated...
[INFO] Using encoder file: /home/jihun/work/GR00T-WholeBodyControl/gear_sonic_deploy/policy/sonic_v1_1/model_encoder.onnx
[INFO] Using planner file: /home/jihun/work/GR00T-WholeBodyControl/gear_sonic_deploy/planner/target_vel/V2/planner_sonic.onnx
[INFO] Using observation config: /home/jihun/work/GR00T-WholeBodyControl/gear_sonic_deploy/policy/sonic_v1_1/observation_config.yaml
[INFO] Using input type: zmq_manager
[INFO] Using output type: zmq
[INFO] CRC checking disabled for MuJoCo simulation
[INFO] Using logs directory: /tmp/g1-bottle-live-mission-ordered-20261002/controller
[DEBUG] Creating G1Deploy object...
1790926340.855289 [0] g1_deploy_: selected interface "lo" is not multicast-capable: disabling multicast
Reading motion data from CSV files in: /home/jihun/work/GR00T-WholeBodyControl/gear_sonic_deploy/reference/example
Found 13 motion folders
✓ Loaded neutral_kick_R_001__A543_M (165 timesteps)
✓ Loaded walking_quip_360_R_002__A428 (455 timesteps)
✓ Loaded squat_001__A359 (424 timesteps)
✓ Loaded tired_one_leg_jumping_R_001__A359_M (500 timesteps)
✓ Loaded dance_in_da_party_001__A464_M (497 timesteps)
✓ Loaded forward_lunge_R_001__A359_M (399 timesteps)
✓ Loaded dance_in_da_party_001__A464 (497 timesteps)
✓ Loaded macarena_001__A545 (1375 timesteps)
✓ Loaded tired_one_leg_jumping_R_001__A359 (500 timesteps)
✓ Loaded walking_quip_360_R_002__A428_M (455 timesteps)
✓ Loaded neutral_kick_R_001__A543 (165 timesteps)
✓ Loaded macarena_001__A545_M (1375 timesteps)
✓ Loaded tired_forward_lunge_R_001__A359_M (810 timesteps)
✓ Motion data loaded successfully!
Started with motion: neutral_kick_R_001__A543_M (paused at frame 0)
Loading policy model...
hash value in file 440e58fad5e2b2fb1863b5f5279dbc4fd0249124d35af832ae0a63898c76711f
hash of onnx/gpu type 440e58fad5e2b2fb1863b5f5279dbc4fd0249124d35af832ae0a63898c76711f
INFO [/home/jihun/work/VoLoAgent/.worktrees/g1-harness-native/gear_sonic_deploy/src/TRTInference/InferenceEngine.cpp(35)]: Loaded engine size: 143 MiB
INFO [/home/jihun/work/VoLoAgent/.worktrees/g1-harness-native/gear_sonic_deploy/src/TRTInference/InferenceEngine.cpp(35)]: [MemUsageChange] TensorRT-managed allocation in IExecutionContext creation: CPU +0, GPU +0, now: CPU 0, GPU 142 (MiB)
INFO [/home/jihun/work/VoLoAgent/.worktrees/g1-harness-native/gear_sonic_deploy/src/TRTInference/InferenceEngine.cpp(476)]: INPUT Tensor: obs_dict [1, 994]. 994 elements of type FLOAT
INFO [/home/jihun/work/VoLoAgent/.worktrees/g1-harness-native/gear_sonic_deploy/src/TRTInference/InferenceEngine.cpp(476)]: OUTPUT Tensor: action [1, 29]. 29 elements of type FLOAT
✓ Successfully converted ONNX to TRT: /home/jihun/work/GR00T-WholeBodyControl/gear_sonic_deploy/policy/sonic_v1_1/policy_model_decoder.trt
✓ Policy engine initialized successfully!
  Model: /home/jihun/work/GR00T-WholeBodyControl/gear_sonic_deploy/policy/sonic_v1_1/model_decoder.onnx
  Input dimension: 994
  Action dimension: 29
  Input tensor: obs_dict
  Output tensor: action
  Precision: FP32
Capturing control policy CUDA graph...
✓ Control policy CUDA graph captured successfully!
✓ Policy model loaded successfully!
Loading observation configuration...
Using observation config file: /home/jihun/work/GR00T-WholeBodyControl/gear_sonic_deploy/policy/sonic_v1_1/observation_config.yaml
Parsing observation config file: /home/jihun/work/GR00T-WholeBodyControl/gear_sonic_deploy/policy/sonic_v1_1/observation_config.yaml
Found observations section at line 9
  Parsed observation: token_state -> enabled
  Parsed observation: his_base_angular_velocity_10frame_step1 -> enabled
  Parsed observation: his_body_joint_positions_10frame_step1 -> enabled
  Parsed observation: his_body_joint_velocities_10frame_step1 -> enabled
  Parsed observation: his_last_actions_10frame_step1 -> enabled
  Parsed observation: his_gravity_dir_10frame_step1 -> enabled
Found encoder section at line 23
  Encoder dimension: 64
  Encoder use_fp16: false
  Found encoder_observations subsection
    Encoder obs: encoder_mode_4 -> enabled
    Encoder obs: motion_joint_positions_10frame_step5 -> enabled
    Encoder obs: motion_joint_velocities_10frame_step5 -> enabled
    Encoder obs: motion_anchor_orientation_heading_10frame_step5 -> enabled
    Encoder obs: motion_anchor_orientation_heading -> enabled
    Encoder obs: motion_joint_positions_lowerbody_10frame_step5 -> enabled
    Encoder obs: motion_joint_velocities_lowerbody_10frame_step5 -> enabled
    Encoder obs: vr_3point_local_target -> enabled
    Encoder obs: vr_3point_local_orn_target -> enabled
    Encoder obs: smpl_joints_10frame_step1 -> enabled
    Encoder obs: smpl_anchor_orientation_heading_10frame_step1 -> enabled
    Encoder obs: motion_joint_positions_wrists_10frame_step1 -> enabled
  Found encoder_modes subsection (after encoder_observations)
    Found mode: g1
      Mode ID: 0
      Found required_observations for mode g1
        - encoder_mode_4
        - motion_joint_positions_10frame_step5
        - motion_joint_velocities_10frame_step5
        - motion_anchor_orientation_heading_10frame_step5
    Saved mode 'g1' with 4 observations
    Found mode: teleop
      Mode ID: 1
      Found required_observations for mode teleop
        - encoder_mode_4
        - motion_joint_positions_lowerbody_10frame_step5
        - motion_joint_velocities_lowerbody_10frame_step5
        - vr_3point_local_target
        - vr_3point_local_orn_target
        - motion_anchor_orientation_heading
    Saved mode 'teleop' with 6 observations
    Found mode: smpl
      Mode ID: 2
      Found required_observations for mode smpl
        - encoder_mode_4
        - smpl_joints_10frame_step1
        - smpl_anchor_orientation_heading_10frame_step1
        - motion_joint_positions_wrists_10frame_step1
    Saved mode 'smpl' with 4 observations
✓ Token state observation validated with encoder configuration
Successfully parsed 6 observations
Encoder config found with 12 input observations
✓ Token state buffer initialized (size: 64)
Initializing encoder...
Loading encoder model...
hash value in file 90ed9925d6f62fc7894b8ee8f8a2145352570e5348ba867b839ac99e0d29932c
hash of onnx/gpu type 90ed9925d6f62fc7894b8ee8f8a2145352570e5348ba867b839ac99e0d29932c
INFO [/home/jihun/work/VoLoAgent/.worktrees/g1-harness-native/gear_sonic_deploy/src/TRTInference/InferenceEngine.cpp(35)]: Loaded engine size: 47 MiB
INFO [/home/jihun/work/VoLoAgent/.worktrees/g1-harness-native/gear_sonic_deploy/src/TRTInference/InferenceEngine.cpp(35)]: [MS] Running engine with multi stream info
INFO [/home/jihun/work/VoLoAgent/.worktrees/g1-harness-native/gear_sonic_deploy/src/TRTInference/InferenceEngine.cpp(35)]: [MS] Number of aux streams is 2
INFO [/home/jihun/work/VoLoAgent/.worktrees/g1-harness-native/gear_sonic_deploy/src/TRTInference/InferenceEngine.cpp(35)]: [MS] Number of total worker streams is 3
INFO [/home/jihun/work/VoLoAgent/.worktrees/g1-harness-native/gear_sonic_deploy/src/TRTInference/InferenceEngine.cpp(35)]: [MS] The main stream provided by execute/enqueue calls is the first worker stream
INFO [/home/jihun/work/VoLoAgent/.worktrees/g1-harness-native/gear_sonic_deploy/src/TRTInference/InferenceEngine.cpp(35)]: [MemUsageChange] TensorRT-managed allocation in IExecutionContext creation: CPU +0, GPU +0, now: CPU 0, GPU 189 (MiB)
INFO [/home/jihun/work/VoLoAgent/.worktrees/g1-harness-native/gear_sonic_deploy/src/TRTInference/InferenceEngine.cpp(476)]: INPUT Tensor: obs_dict [1, 1751]. 1751 elements of type FLOAT
INFO [/home/jihun/work/VoLoAgent/.worktrees/g1-harness-native/gear_sonic_deploy/src/TRTInference/InferenceEngine.cpp(476)]: OUTPUT Tensor: encoded_tokens [1, 64]. 64 elements of type FLOAT
✓ Encoder initialized successfully!
  Model: /home/jihun/work/GR00T-WholeBodyControl/gear_sonic_deploy/policy/sonic_v1_1/model_encoder.onnx
  Input dimension: 1751
  Token dimension: 64
  Input tensor: obs_dict
  Output tensor: encoded_tokens
Capturing encoder CUDA graph...
✓ Encoder CUDA graph captured successfully!
✓ Encoder model loaded successfully!
Setting encode_mode for 13 loaded reference motions...
  Motion 'neutral_kick_R_001__A543_M' encode_mode set to: 0
  Motion 'walking_quip_360_R_002__A428' encode_mode set to: 0
  Motion 'squat_001__A359' encode_mode set to: 0
  Motion 'tired_one_leg_jumping_R_001__A359_M' encode_mode set to: 0
  Motion 'dance_in_da_party_001__A464_M' encode_mode set to: 0
  Motion 'forward_lunge_R_001__A359_M' encode_mode set to: 0
  Motion 'dance_in_da_party_001__A464' encode_mode set to: 0
  Motion 'macarena_001__A545' encode_mode set to: 0
  Motion 'tired_one_leg_jumping_R_001__A359' encode_mode set to: 0
  Motion 'walking_quip_360_R_002__A428_M' encode_mode set to: 0
  Motion 'neutral_kick_R_001__A543' encode_mode set to: 0
  Motion 'macarena_001__A545_M' encode_mode set to: 0
  Motion 'tired_forward_lunge_R_001__A359_M' encode_mode set to: 0
Planner motion encode_mode set to: 0
LocalMotionPlannerBase constructor
config_.version: 2
config_.motion_look_ahead_steps: 2
config_.default_height: 0.78874
config_.initial_random_seed: 1234
Available modes number: 27
Initialize Engine...
hash value in file 93ec4df1dfa8c640f7f308e3bb5f047cc3264ceea616dae1004bd3207609eba0
hash of onnx/gpu type 93ec4df1dfa8c640f7f308e3bb5f047cc3264ceea616dae1004bd3207609eba0
INFO [/home/jihun/work/VoLoAgent/.worktrees/g1-harness-native/gear_sonic_deploy/src/TRTInference/InferenceEngine.cpp(35)]: Loaded engine size: 713 MiB
INFO [/home/jihun/work/VoLoAgent/.worktrees/g1-harness-native/gear_sonic_deploy/src/TRTInference/InferenceEngine.cpp(35)]: [MS] Running engine with multi stream info
INFO [/home/jihun/work/VoLoAgent/.worktrees/g1-harness-native/gear_sonic_deploy/src/TRTInference/InferenceEngine.cpp(35)]: [MS] Number of aux streams is 1
INFO [/home/jihun/work/VoLoAgent/.worktrees/g1-harness-native/gear_sonic_deploy/src/TRTInference/InferenceEngine.cpp(35)]: [MS] Number of total worker streams is 2
INFO [/home/jihun/work/VoLoAgent/.worktrees/g1-harness-native/gear_sonic_deploy/src/TRTInference/InferenceEngine.cpp(35)]: [MS] The main stream provided by execute/enqueue calls is the first worker stream
INFO [/home/jihun/work/VoLoAgent/.worktrees/g1-harness-native/gear_sonic_deploy/src/TRTInference/InferenceEngine.cpp(35)]: [MemUsageChange] TensorRT-managed allocation in IExecutionContext creation: CPU +0, GPU +1, now: CPU 0, GPU 897 (MiB)
INFO [/home/jihun/work/VoLoAgent/.worktrees/g1-harness-native/gear_sonic_deploy/src/TRTInference/InferenceEngine.cpp(476)]: INPUT Tensor: context_mujoco_qpos [1, 4, 36]. 144 elements of type FLOAT
INFO [/home/jihun/work/VoLoAgent/.worktrees/g1-harness-native/gear_sonic_deploy/src/TRTInference/InferenceEngine.cpp(476)]: INPUT Tensor: target_vel [1]. 1 elements of type FLOAT
INFO [/home/jihun/work/VoLoAgent/.worktrees/g1-harness-native/gear_sonic_deploy/src/TRTInference/InferenceEngine.cpp(476)]: INPUT Tensor: mode [1]. 1 elements of type INT64
INFO [/home/jihun/work/VoLoAgent/.worktrees/g1-harness-native/gear_sonic_deploy/src/TRTInference/InferenceEngine.cpp(476)]: INPUT Tensor: movement_direction [1, 3]. 3 elements of type FLOAT
INFO [/home/jihun/work/VoLoAgent/.worktrees/g1-harness-native/gear_sonic_deploy/src/TRTInference/InferenceEngine.cpp(476)]: INPUT Tensor: facing_direction [1, 3]. 3 elements of type FLOAT
INFO [/home/jihun/work/VoLoAgent/.worktrees/g1-harness-native/gear_sonic_deploy/src/TRTInference/InferenceEngine.cpp(476)]: INPUT Tensor: random_seed [1]. 1 elements of type INT64
INFO [/home/jihun/work/VoLoAgent/.worktrees/g1-harness-native/gear_sonic_deploy/src/TRTInference/InferenceEngine.cpp(476)]: INPUT Tensor: has_specific_target [1, 1]. 1 elements of type INT64
INFO [/home/jihun/work/VoLoAgent/.worktrees/g1-harness-native/gear_sonic_deploy/src/TRTInference/InferenceEngine.cpp(476)]: INPUT Tensor: specific_target_positions [1, 4, 3]. 12 elements of type FLOAT
INFO [/home/jihun/work/VoLoAgent/.worktrees/g1-harness-native/gear_sonic_deploy/src/TRTInference/InferenceEngine.cpp(476)]: INPUT Tensor: specific_target_headings [1, 4]. 4 elements of type FLOAT
INFO [/home/jihun/work/VoLoAgent/.worktrees/g1-harness-native/gear_sonic_deploy/src/TRTInference/InferenceEngine.cpp(476)]: INPUT Tensor: allowed_pred_num_tokens [1, 11]. 11 elements of type INT64
INFO [/home/jihun/work/VoLoAgent/.worktrees/g1-harness-native/gear_sonic_deploy/src/TRTInference/InferenceEngine.cpp(476)]: INPUT Tensor: height [1]. 1 elements of type FLOAT
INFO [/home/jihun/work/VoLoAgent/.worktrees/g1-harness-native/gear_sonic_deploy/src/TRTInference/InferenceEngine.cpp(476)]: OUTPUT Tensor: mujoco_qpos [1, 64, 36]. 2304 elements of type FLOAT
INFO [/home/jihun/work/VoLoAgent/.worktrees/g1-harness-native/gear_sonic_deploy/src/TRTInference/InferenceEngine.cpp(476)]: OUTPUT Tensor: num_pred_frames [1]. 1 elements of type INT32
✓ Successfully converted ONNX to TRT: /home/jihun/work/GR00T-WholeBodyControl/gear_sonic_deploy/planner/target_vel/V2/planner_planner_sonic.trt
Input tensors:
  allowed_pred_num_tokens 1 11 int64
  context_mujoco_qpos 1 4 36 float
  facing_direction 1 3 float
  has_specific_target 1 1 int64
  height 1 float
  mode 1 int64
  movement_direction 1 3 float
  random_seed 1 int64
  specific_target_headings 1 4 float
  specific_target_positions 1 4 3 float
  target_vel 1 float
Output tensors:
  mujoco_qpos 1 64 36 float
  num_pred_frames 1 int32
✓ TensorRT planner model loaded successfully!
Initializing encoder observations...
✓ Initialized 12 encoder observations (total dim: 1751)

=== Observation Configuration ===
Active policy observations (runtime order):
  1. token_state (64D) [offset: 0]
  2. his_base_angular_velocity_10frame_step1 (30D) [offset: 64]
  3. his_body_joint_positions_10frame_step1 (290D) [offset: 94]
  4. his_body_joint_velocities_10frame_step1 (290D) [offset: 384]
  5. his_last_actions_10frame_step1 (290D) [offset: 674]
  6. his_gravity_dir_10frame_step1 (30D) [offset: 964]

Policy Summary:
  Total dimension: 994
  Model dimension: 994
  ✓ Dimension match: Configuration is valid!

--- Encoder Observations ---
  1. encoder_mode_4 (4D) [offset: 0]
  2. motion_joint_positions_10frame_step5 (290D) [offset: 4]
  3. motion_joint_velocities_10frame_step5 (290D) [offset: 294]
  4. motion_anchor_orientation_heading_10frame_step5 (60D) [offset: 584]
  5. motion_anchor_orientation_heading (6D) [offset: 644]
  6. motion_joint_positions_lowerbody_10frame_step5 (120D) [offset: 650]
  7. motion_joint_velocities_lowerbody_10frame_step5 (120D) [offset: 770]
  8. vr_3point_local_target (9D) [offset: 890]
  9. vr_3point_local_orn_target (12D) [offset: 899]
  10. smpl_joints_10frame_step1 (720D) [offset: 911]
  11. smpl_anchor_orientation_heading_10frame_step1 (60D) [offset: 1631]
  12. motion_joint_positions_wrists_10frame_step1 (60D) [offset: 1691]

Encoder Summary:
  Total dimension: 1751
  Model dimension: 1751
  ✓ Dimension match: Encoder configuration is valid!
================================

[ZMQEndpointInterface] Connected to 127.0.0.1:11556 topic='pose'
[ZMQEndpointInterface] Press ENTER to toggle between loaded motions and ZMQ stream
[ZMQManager] Initialized (default: PLANNER mode)
  - Host: 127.0.0.1:11556
  - Command topic: 'command' (start/stop/mode)
    Format: { start: bool, stop: bool, planner: bool }
  - Planner topic: 'planner' (movement)
  - Pose topic: 'pose' (streamed motion)
  - VR_3PT safety filter: max position step 0.03 m, max orientation step 5 deg, stop after 10 rejects
Initialized ZMQ manager
  Host: 127.0.0.1:11556
  Pose topic: pose
  Command topic: command
  Planner topic: planner
  Conflate: disabled
  Initial encoder mode: 0
[INFO] Initial VR 3-point compliance: [0.5, 0.5, 0]
[INFO] Initial hand max close ratio: 1 (1.0 = full closure allowed, 0.2 = limited)
[INFO] Keyboard controls: g/h = left hand +/- 0.1, b/v = right hand +/- 0.1 (range: 0.01-0.5)
[INFO] Keyboard controls: x/c = hand max close ratio +/- 0.1 (range: 0.2-1.0)

┌─────────────────────────────────────────────────────────────────────────────┐
│  Compliance control: DISABLED                                               │
│  Policy does not observe 'vr_3point_compliance'.                            │
│  Keyboard controls (g/h/b/v) will be ignored for this policy.               │
│  To enable, use a compliance-aware policy that observes it natively.        │
└─────────────────────────────────────────────────────────────────────────────┘

Initializing realtime debug socket
Binding to port: 11557 and topic: g1_debug
[INFO] Realtime debug socket bound to port: 11557
[ZMQ Output DEBUG] ZMQOutputHandler initialized with topics: 'g1_debug' (combined state+viz), 'robot_config' (config)
Initialized ZMQ output interface
[ZMQ Output] Robot config cached (10 fields, 645 bytes)
Total output interfaces initialized: 1
[DEBUG] G1Deploy object created successfully!
Init Done
[ZMQManager] Planner enabled
[Control] DEBUG: operator_state.start=true, transitioning to CONTROL state
Initializing planner...
Reset heading state to Setting planner_motion encode mode to 0
0.999917, Replanning with mode: 0.0057803, IDLE, target_height: 0.0115314, -4.96348e-05
Reset delta heading to 0
Reset init reference data root rotation to current frame: 0.710374, -0.013102, 0.01908, -10.703444
**********************************************************
Reference motion name: neutral_kick_R_001__A543_M
, target_vel: **********************************************************-1
, movement: [0, 0, 0], facing: [1, [Mode Filter] Switched to mode '0g1' (ID=, 0) with 0]
4 required observations
Planner Init timing - Model: 5462us, Extract: 5us
Planner initialized
Planner initialized successfully!
Reset heading state to 0.999826, 0.00659178, 0.0170486, 0.00358556
Reset delta heading to 0
Reset init reference data root rotation to current frame: 0.999999, -0.000105106, -0.00153738, -1.61572e-07
**********************************************************
Reference motion name: planner_motion
**********************************************************
[ZMQManager] Waiting for planner to be initialized
[ZMQManager] motion name is planner_motion
Loop timing - LowState age: 3.815ms, Streaming data mean delay: 0ms, Streaming data std delay: 0ms, IMU age: 3.801ms, Obs: 354us, Policy: 494us, Obs 2 Motor Command: 848us, Post processing: 30us, Planner - Gather Input: 0us, Model: 0us, Convert50Hz: 0us, Total: 0us | HandCloseRatio: 1
Loop timing - LowState age: 3.117ms, Streaming data mean delay: 0ms, Streaming data std delay: 0ms, IMU age: 3.1ms, Obs: 906us, Policy: 507us, Obs 2 Motor Command: 1413us, Post processing: 25us, Planner - Gather Input: 0us, Model: 0us, Convert50Hz: 0us, Total: 0us | HandCloseRatio: 1
Loop timing - LowState age: 3.752ms, Streaming data mean delay: 0ms, Streaming data std delay: 0ms, IMU age: 3.716ms, Obs: 404us, Policy: 500us, Obs 2 Motor Command: 904us, Post processing: 27us, Planner - Gather Input: 0us, Model: 0us, Convert50Hz: 0us, Total: 0us | HandCloseRatio: 1
Loop timing - LowState age: 1.837ms, Streaming data mean delay: 0ms, Streaming data std delay: 0ms, IMU age: 1.832ms, Obs: 382us, Policy: 497us, Obs 2 Motor Command: 880us, Post processing: 27us, Planner - Gather Input: 0us, Model: 0us, Convert50Hz: 0us, Total: 0us | HandCloseRatio: 1
Loop timing - LowState age: 1.757ms, Streaming data mean delay: 0ms, Streaming data std delay: 0ms, IMU age: 1.711ms, Obs: 359us, Policy: 491us, Obs 2 Motor Command: 851us, Post processing: 20us, Planner - Gather Input: 0us, Model: 0us, Convert50Hz: 0us, Total: 0us | HandCloseRatio: 1
Loop timing - LowState age: 2.686ms, Streaming data mean delay: 0ms, Streaming data std delay: 0ms, IMU age: 2.666ms, Obs: 1133us, Policy: 501us, Obs 2 Motor Command: 1635us, Post processing: 24us, Planner - Gather Input: 0us, Model: 0us, Convert50Hz: 0us, Total: 0us | HandCloseRatio: 1
Replanning with mode: IDLE, target_height: -1, target_vel: -1, movement: [0, 0, 0], facing: [0.999932, 0.0116647, 0]
Loop timing - LowState age: 1.154ms, Streaming data mean delay: 0ms, Streaming data std delay: 0ms, IMU age: 1.15ms, Obs: 355us, Policy: 636us, Obs 2 Motor Command: 991us, Post processing: 20us, Planner - Gather Input: 25us, Model: 5134us, Convert50Hz: 5us, Total: 5165us | HandCloseRatio: 1
Loop timing - LowState age: 5.311ms, Streaming data mean delay: 0ms, Streaming data std delay: 0ms, IMU age: 5.297ms, Obs: 357us, Policy: 492us, Obs 2 Motor Command: 850us, Post processing: 20us, Planner - Gather Input: 25us, Model: 5134us, Convert50Hz: 5us, Total: 5165us | HandCloseRatio: 1
Loop timing - LowState age: 4.783ms, Streaming data mean delay: 0ms, Streaming data std delay: 0ms, IMU age: 4.766ms, Obs: 352us, Policy: 488us, Obs 2 Motor Command: 841us, Post processing: 21us, Planner - Gather Input: 25us, Model: 5134us, Convert50Hz: 5us, Total: 5165us | HandCloseRatio: 1
Loop timing - LowState age: 5.017ms, Streaming data mean delay: 0ms, Streaming data std delay: 0ms, IMU age: 4.993ms, Obs: 348us, Policy: 491us, Obs 2 Motor Command: 839us, Post processing: 23us, Planner - Gather Input: 25us, Model: 5134us, Convert50Hz: 5us, Total: 5165us | HandCloseRatio: 1
Loop timing - LowState age: 3.426ms, Streaming data mean delay: 0ms, Streaming data std delay: 0ms, IMU age: 3.418ms, Obs: 406us, Policy: 1347us, Obs 2 Motor Command: 1753us, Post processing: 26us, Planner - Gather Input: 25us, Model: 5134us, Convert50Hz: 5us, Total: 5165us | HandCloseRatio: 1
Loop timing - LowState age: 1.513ms, Streaming data mean delay: 0ms, Streaming data std delay: 0ms, IMU age: 1.531ms, Obs: 410us, Policy: 635us, Obs 2 Motor Command: 1045us, Post processing: 37us, Planner - Gather Input: 25us, Model: 5134us, Convert50Hz: 5us, Total: 5165us | HandCloseRatio: 1
[ZMQManager] Switched to: STREAMED MOTION mode (safety reset)
[ZMQManager] Cleared planner buffer
[ZMQEndpointInterface] Safety reset triggered: will disable ZMQ streaming and return to reference motion
[ZMQManager] ZMQ streaming enabled
Safety reset: Planner disabled
Reset heading state to 0.998766, -0.00956067, -0.0303777, 0.0380962
Reset delta heading to 0
Reset init reference data root rotation to current frame: 0.999769, -0.00161333, -0.0212368, -0.00284166
**********************************************************
Reference motion name: temporary_motion
**********************************************************
Safety reset: ZMQ streaming disabled, returned to reference motion at frame 0
=====================================
ZMQ STREAMING MODE: ENABLED
=====================================
Using pose data from 127.0.0.1:11556
Press ENTER again to return to loaded motions
Reset heading state to 0.998298, -0.00985154, -0.0410782, 0.0402005
Reset delta heading to 0
Reset init reference data root rotation to current frame: 0.999769, -0.00161333, -0.0212368, -0.00284166
**********************************************************
Reference motion name: temporary_motion
**********************************************************
[ZMQEndpointInterface] Received ZMQ message - topic: 'pose', protocol_version: 4, num_fields: 4, total_size: 4 buffers
[ZMQEndpointInterface] *** Starting ZMQ processing ***
[ZMQEndpointInterface] Protocol version: 4
[ZMQEndpointInterface] Protocol version 4 established
[ZMQEndpointInterface] Protocol v4: Received 64D token (latent action), tokens[0]=0.00830078, frame_index: 0
[ZMQEndpointInterface] Protocol v4: Left hand joints set: [0.0000, 0.0137, 0.0164, -0.0352, -0.0352, -0.0137, -0.0352]
[ZMQEndpointInterface] Protocol v4: Right hand joints set: [0.0000, -0.0027, -0.0041, 0.0078, 0.0000, 0.0039, 0.0029]
Temporary motion completed.
Reset to frame 0.
[ZMQEndpointInterface] Received ZMQ message - topic: 'pose', protocol_version: 4, num_fields: 4, total_size: 4 buffers
[ZMQEndpointInterface] *** Starting ZMQ processing ***
[ZMQEndpointInterface] Protocol version: 4
[ZMQEndpointInterface] Protocol v4: Received 64D token (latent action), tokens[0]=0.0096, frame_index: 1
[ZMQEndpointInterface] Protocol v4: Left hand joints set: [0.0000, 0.0137, 0.0164, -0.0234, -0.0264, -0.0156, -0.0352]
[ZMQEndpointInterface] Protocol v4: Right hand joints set: [0.0000, -0.0014, 0.0000, 0.0059, 0.0059, 0.0039, 0.0059]
[Token Safety] ✓ First token received! Control can now be started.
[Token Flow] Copied external tokens, tokens[0]=0.0096
Reset heading state to 0.9983, -0.0066, -0.0324, 0.0474
Reset delta heading to 0
Reset init reference data root rotation to current frame: 0.9997, -0.0016, -0.0224, -0.0042
**********************************************************
Reference motion name: temporary_motion
**********************************************************
[ZMQEndpointInterface] Received ZMQ message - topic: 'pose', protocol_version: 4, num_fields: 4, total_size: 4 buffers
[ZMQEndpointInterface] *** Starting ZMQ processing ***
[ZMQEndpointInterface] Protocol version: 4
[ZMQEndpointInterface] Protocol v4: Received 64D token (latent action), tokens[0]=0.0117, frame_index: 2
[ZMQEndpointInterface] Protocol v4: Left hand joints set: [0.0000, 0.0164, 0.0137, -0.0234, -0.0352, -0.0176, -0.0381]
[ZMQEndpointInterface] Protocol v4: Right hand joints set: [0.0000, -0.0014, -0.0041, 0.0078, 0.0146, 0.0078, 0.0000]
[ZMQEndpointInterface] Received ZMQ message - topic: 'pose', protocol_version: 4, num_fields: 4, total_size: 4 buffers
[ZMQEndpointInterface] *** Starting ZMQ processing ***
[ZMQEndpointInterface] Protocol version: 4
[ZMQEndpointInterface] Protocol v4: Received 64D token (latent action), tokens[0]=0.0074, frame_index: 3
[ZMQEndpointInterface] Protocol v4: Left hand joints set: [0.0000, 0.0123, 0.0137, -0.0195, -0.0293, -0.0195, -0.0322]
[ZMQEndpointInterface] Protocol v4: Right hand joints set: [0.0000, 0.0000, 0.0000, 0.0020, 0.0000, 0.0000, 0.0000]
[ZMQEndpointInterface] Received ZMQ message - topic: 'pose', protocol_version: 4, num_fields: 4, total_size: 4 buffers
[ZMQEndpointInterface] *** Starting ZMQ processing ***
[ZMQEndpointInterface] Protocol version: 4
[ZMQEndpointInterface] Protocol v4: Received 64D token (latent action), tokens[0]=0.0079, frame_index: 4
[ZMQEndpointInterface] Protocol v4: Left hand joints set: [0.0000, 0.0137, 0.0191, -0.0293, -0.0293, -0.0156, -0.0264]
[ZMQEndpointInterface] Protocol v4: Right hand joints set: [0.0000, -0.0055, -0.0041, 0.0059, 0.0029, 0.0078, 0.0059]
[ZMQEndpointInterface] Received ZMQ message - topic: 'pose', protocol_version: 4, num_fields: 4, total_size: 4 buffers
[ZMQEndpointInterface] *** Starting ZMQ processing ***
[ZMQEndpointInterface] Protocol version: 4
[ZMQEndpointInterface] Protocol v4: Received 64D token (latent action), tokens[0]=0.0100, frame_index: 5
[ZMQEndpointInterface] Protocol v4: Left hand joints set: [0.0000, 0.0123, 0.0191, -0.0254, -0.0352, -0.0137, -0.0352]
[ZMQEndpointInterface] Protocol v4: Right hand joints set: [0.0000, -0.0055, 0.0000, 0.0020, 0.0059, 0.0020, 0.0117]
[ZMQEndpointInterface] Received ZMQ message - topic: 'pose', protocol_version: 4, num_fields: 4, total_size: 4 buffers
[ZMQEndpointInterface] *** Starting ZMQ processing ***
[ZMQEndpointInterface] Protocol version: 4
[ZMQEndpointInterface] Protocol v4: Received 64D token (latent action), tokens[0]=0.0092, frame_index: 6
[ZMQEndpointInterface] Protocol v4: Left hand joints set: [0.0000, 0.0123, 0.0137, -0.0312, -0.0293, -0.0156, -0.0293]
[ZMQEndpointInterface] Protocol v4: Right hand joints set: [0.0000, -0.0014, 0.0000, 0.0000, 0.0029, 0.0000, 0.0000]
[ZMQEndpointInterface] Received ZMQ message - topic: 'pose', protocol_version: 4, num_fields: 4, total_size: 4 buffers
[ZMQEndpointInterface] *** Starting ZMQ processing ***
[ZMQEndpointInterface] Protocol version: 4
[ZMQEndpointInterface] Protocol v4: Received 64D token (latent action), tokens[0]=0.0057, frame_index: 7
[ZMQEndpointInterface] Protocol v4: Left hand joints set: [0.0000, 0.0055, 0.0137, -0.0078, -0.0234, -0.0117, -0.0264]
[ZMQEndpointInterface] Protocol v4: Right hand joints set: [0.0000, -0.0014, 0.0000, 0.0039, 0.0000, 0.0000, 0.0000]
[ZMQEndpointInterface] Received ZMQ message - topic: 'pose', protocol_version: 4, num_fields: 4, total_size: 4 buffers
[ZMQEndpointInterface] *** Starting ZMQ processing ***
[ZMQEndpointInterface] Protocol version: 4
[ZMQEndpointInterface] Protocol v4: Received 64D token (latent action), tokens[0]=0.0032, frame_index: 8
[ZMQEndpointInterface] Protocol v4: Left hand joints set: [0.0000, 0.0137, 0.0137, -0.0195, -0.0176, -0.0098, -0.0205]
[ZMQEndpointInterface] Protocol v4: Right hand joints set: [0.0000, 0.0000, 0.0000, 0.0020, 0.0000, 0.0000, 0.0000]
[ZMQEndpointInterface] Received ZMQ message - topic: 'pose', protocol_version: 4, num_fields: 4, total_size: 4 buffers
[ZMQEndpointInterface] *** Starting ZMQ processing ***
[ZMQEndpointInterface] Protocol version: 4
[ZMQEndpointInterface] Protocol v4: Received 64D token (latent action), tokens[0]=0.0015, frame_index: 9
[ZMQEndpointInterface] Protocol v4: Left hand joints set: [0.0000, 0.0041, 0.0164, -0.0176, -0.0293, -0.0117, -0.0322]
[ZMQEndpointInterface] Protocol v4: Right hand joints set: [0.0000, 0.0000, 0.0000, 0.0000, 0.0000, 0.0000, 0.0000]
[ZMQEndpointInterface] Received ZMQ message - topic: 'pose', protocol_version: 4, num_fields: 4, total_size: 4 buffers
[ZMQEndpointInterface] *** Starting ZMQ processing ***
[ZMQEndpointInterface] Protocol version: 4
[ZMQEndpointInterface] Protocol v4: Received 64D token (latent action), tokens[0]=0.0019, frame_index: 10
[ZMQEndpointInterface] Protocol v4: Left hand joints set: [0.0000, 0.0109, 0.0150, -0.0117, -0.0205, -0.0117, -0.0293]
[ZMQEndpointInterface] Protocol v4: Right hand joints set: [0.0000, -0.0014, 0.0000, 0.0000, 0.0088, 0.0000, 0.0000]
[ZMQEndpointInterface] Received ZMQ message - topic: 'pose', protocol_version: 4, num_fields: 4, total_size: 4 buffers
[ZMQEndpointInterface] *** Starting ZMQ processing ***
[ZMQEndpointInterface] Protocol version: 4
[ZMQEndpointInterface] Protocol v4: Received 64D token (latent action), tokens[0]=0.0040, frame_index: 11
[ZMQEndpointInterface] Protocol v4: Left hand joints set: [0.0000, 0.0027, 0.0164, -0.0098, -0.0234, 0.0000, -0.0176]
[ZMQEndpointInterface] Protocol v4: Right hand joints set: [0.0000, 0.0000, 0.0000, 0.0000, 0.0000, 0.0000, 0.0000]
[ZMQEndpointInterface] Received ZMQ message - topic: 'pose', protocol_version: 4, num_fields: 4, total_size: 4 buffers
[ZMQEndpointInterface] *** Starting ZMQ processing ***
[ZMQEndpointInterface] Protocol version: 4
[ZMQEndpointInterface] Protocol v4: Received 64D token (latent action), tokens[0]=0.0023, frame_index: 12
[ZMQEndpointInterface] Protocol v4: Left hand joints set: [0.0000, 0.0041, 0.0123, -0.0117, -0.0352, -0.0117, -0.0234]
[ZMQEndpointInterface] Protocol v4: Right hand joints set: [0.0000, 0.0000, 0.0000, 0.0000, 0.0029, 0.0000, 0.0000]
[ZMQEndpointInterface] Received ZMQ message - topic: 'pose', protocol_version: 4, num_fields: 4, total_size: 4 buffers
[ZMQEndpointInterface] *** Starting ZMQ processing ***
[ZMQEndpointInterface] Protocol version: 4
[ZMQEndpointInterface] Protocol v4: Received 64D token (latent action), tokens[0]=0.0040, frame_index: 13
[ZMQEndpointInterface] Protocol v4: Left hand joints set: [0.0000, 0.0055, 0.0109, -0.0098, -0.0176, -0.0117, -0.0146]
[ZMQEndpointInterface] Protocol v4: Right hand joints set: [0.0000, 0.0000, 0.0000, 0.0000, 0.0000, 0.0000, 0.0000]
[ZMQEndpointInterface] Received ZMQ message - topic: 'pose', protocol_version: 4, num_fields: 4, total_size: 4 buffers
[ZMQEndpointInterface] *** Starting ZMQ processing ***
[ZMQEndpointInterface] Protocol version: 4
[ZMQEndpointInterface] Protocol v4: Received 64D token (latent action), tokens[0]=0.0045, frame_index: 14
[ZMQEndpointInterface] Protocol v4: Left hand joints set: [0.0000, 0.0123, 0.0068, -0.0098, -0.0059, -0.0039, -0.0293]
[ZMQEndpointInterface] Protocol v4: Right hand joints set: [0.0000, -0.0014, 0.0000, 0.0000, 0.0000, 0.0000, 0.0000]
[ZMQEndpointInterface] Received ZMQ message - topic: 'pose', protocol_version: 4, num_fields: 4, total_size: 4 buffers
[ZMQEndpointInterface] *** Starting ZMQ processing ***
[ZMQEndpointInterface] Protocol version: 4
[ZMQEndpointInterface] Protocol v4: Received 64D token (latent action), tokens[0]=0.0023, frame_index: 15
[ZMQEndpointInterface] Protocol v4: Left hand joints set: [0.0000, 0.0109, 0.0096, -0.0176, -0.0205, -0.0020, -0.0264]
[ZMQEndpointInterface] Protocol v4: Right hand joints set: [0.0000, 0.0000, 0.0000, 0.0078, 0.0000, 0.0039, 0.0000]
[ZMQEndpointInterface] Received ZMQ message - topic: 'pose', protocol_version: 4, num_fields: 4, total_size: 4 buffers
[ZMQEndpointInterface] *** Starting ZMQ processing ***
[ZMQEndpointInterface] Protocol version: 4
[ZMQEndpointInterface] Protocol v4: Received 64D token (latent action), tokens[0]=0.0015, frame_index: 16
[ZMQEndpointInterface] Protocol v4: Left hand joints set: [0.0000, 0.0027, 0.0096, -0.0098, -0.0264, -0.0039, -0.0322]
[ZMQEndpointInterface] Protocol v4: Right hand joints set: [0.0000, -0.0014, 0.0000, 0.0020, 0.0000, 0.0000, 0.0000]
[ZMQEndpointInterface] Received ZMQ message - topic: 'pose', protocol_version: 4, num_fields: 4, total_size: 4 buffers
[ZMQEndpointInterface] *** Starting ZMQ processing ***
[ZMQEndpointInterface] Protocol version: 4
[ZMQEndpointInterface] Protocol v4: Received 64D token (latent action), tokens[0]=0.0015, frame_index: 17
[ZMQEndpointInterface] Protocol v4: Left hand joints set: [0.0000, 0.0041, 0.0137, -0.0117, -0.0176, -0.0098, -0.0293]
[ZMQEndpointInterface] Protocol v4: Right hand joints set: [0.0000, -0.0027, 0.0000, 0.0000, 0.0000, 0.0000, 0.0000]
[ZMQEndpointInterface] Received ZMQ message - topic: 'pose', protocol_version: 4, num_fields: 4, total_size: 4 buffers
[ZMQEndpointInterface] *** Starting ZMQ processing ***
[ZMQEndpointInterface] Protocol version: 4
[ZMQEndpointInterface] Protocol v4: Received 64D token (latent action), tokens[0]=0.0040, frame_index: 18
[ZMQEndpointInterface] Protocol v4: Left hand joints set: [0.0000, 0.0027, 0.0137, -0.0117, -0.0146, -0.0039, -0.0234]
[ZMQEndpointInterface] Protocol v4: Right hand joints set: [0.0000, 0.0000, 0.0000, 0.0000, 0.0029, 0.0000, 0.0000]
[ZMQEndpointInterface] Received ZMQ message - topic: 'pose', protocol_version: 4, num_fields: 4, total_size: 4 buffers
[ZMQEndpointInterface] *** Starting ZMQ processing ***
[ZMQEndpointInterface] Protocol version: 4
[ZMQEndpointInterface] Protocol v4: Received 64D token (latent action), tokens[0]=0.0032, frame_index: 19
[ZMQEndpointInterface] Protocol v4: Left hand joints set: [0.0000, 0.0055, 0.0096, -0.0137, -0.0234, -0.0156, -0.0146]
[ZMQEndpointInterface] Protocol v4: Right hand joints set: [0.0000, 0.0000, 0.0000, 0.0020, 0.0000, 0.0000, 0.0000]
[ZMQEndpointInterface] Received ZMQ message - topic: 'pose', protocol_version: 4, num_fields: 4, total_size: 4 buffers
[ZMQEndpointInterface] *** Starting ZMQ processing ***
[ZMQEndpointInterface] Protocol version: 4
[ZMQEndpointInterface] Protocol v4: Received 64D token (latent action), tokens[0]=0.0104, frame_index: 20
[ZMQEndpointInterface] Protocol v4: Left hand joints set: [0.0000, 0.0096, 0.0096, -0.0117, -0.0059, -0.0059, -0.0146]
[ZMQEndpointInterface] Protocol v4: Right hand joints set: [0.0000, 0.0000, 0.0000, 0.0000, 0.0000, 0.0000, 0.0000]
[ZMQEndpointInterface] Received ZMQ message - topic: 'pose', protocol_version: 4, num_fields: 4, total_size: 4 buffers
[ZMQEndpointInterface] *** Starting ZMQ processing ***
[ZMQEndpointInterface] Protocol version: 4
[ZMQEndpointInterface] Protocol v4: Received 64D token (latent action), tokens[0]=0.0126, frame_index: 21
[ZMQEndpointInterface] Protocol v4: Left hand joints set: [0.0000, 0.0082, 0.0137, -0.0156, -0.0146, -0.0117, -0.0234]
[ZMQEndpointInterface] Protocol v4: Right hand joints set: [0.0000, -0.0014, 0.0000, 0.0039, 0.0000, 0.0039, 0.0000]
[ZMQEndpointInterface] Received ZMQ message - topic: 'pose', protocol_version: 4, num_fields: 4, total_size: 4 buffers
[ZMQEndpointInterface] *** Starting ZMQ processing ***
[ZMQEndpointInterface] Protocol version: 4
[ZMQEndpointInterface] Protocol v4: Received 64D token (latent action), tokens[0]=0.0083, frame_index: 22
[ZMQEndpointInterface] Protocol v4: Left hand joints set: [0.0000, 0.0027, 0.0082, -0.0156, -0.0088, -0.0020, -0.0117]
[ZMQEndpointInterface] Protocol v4: Right hand joints set: [0.0000, -0.0027, 0.0000, 0.0117, 0.0029, 0.0039, 0.0000]
[ZMQEndpointInterface] Received ZMQ message - topic: 'pose', protocol_version: 4, num_fields: 4, total_size: 4 buffers
[ZMQEndpointInterface] *** Starting ZMQ processing ***
[ZMQEndpointInterface] Protocol version: 4
[ZMQEndpointInterface] Protocol v4: Received 64D token (latent action), tokens[0]=0.0474, frame_index: 23
[ZMQEndpointInterface] Protocol v4: Left hand joints set: [0.0000, 0.0000, 0.0055, -0.0078, -0.0264, 0.0000, -0.0029]
[ZMQEndpointInterface] Protocol v4: Right hand joints set: [0.0000, -0.0178, -0.0027, 0.0000, 0.0117, 0.0039, 0.0000]
[ZMQEndpointInterface] Received ZMQ message - topic: 'pose', protocol_version: 4, num_fields: 4, total_size: 4 buffers
[ZMQEndpointInterface] *** Starting ZMQ processing ***
[ZMQEndpointInterface] Protocol version: 4
[ZMQEndpointInterface] Protocol v4: Received 64D token (latent action), tokens[0]=0.0542, frame_index: 24
[ZMQEndpointInterface] Protocol v4: Left hand joints set: [0.0000, 0.0055, 0.0082, -0.0078, -0.0322, 0.0000, -0.0029]
[ZMQEndpointInterface] Protocol v4: Right hand joints set: [0.0000, -0.0137, -0.0027, 0.0039, 0.0000, 0.0000, 0.0000]
[ZMQEndpointInterface] Received ZMQ message - topic: 'pose', protocol_version: 4, num_fields: 4, total_size: 4 buffers
[ZMQEndpointInterface] *** Starting ZMQ processing ***
[ZMQEndpointInterface] Protocol version: 4
[ZMQEndpointInterface] Protocol v4: Received 64D token (latent action), tokens[0]=0.0532, frame_index: 25
[ZMQEndpointInterface] Protocol v4: Left hand joints set: [0.0000, 0.0014, 0.0096, -0.0156, -0.0176, 0.0000, -0.0088]
[ZMQEndpointInterface] Protocol v4: Right hand joints set: [0.0000, -0.0068, 0.0000, 0.0039, 0.0088, 0.0000, 0.0000]
[ZMQEndpointInterface] Received ZMQ message - topic: 'pose', protocol_version: 4, num_fields: 4, total_size: 4 buffers
[ZMQEndpointInterface] *** Starting ZMQ processing ***
[ZMQEndpointInterface] Protocol version: 4
[ZMQEndpointInterface] Protocol v4: Received 64D token (latent action), tokens[0]=0.0549, frame_index: 26
[ZMQEndpointInterface] Protocol v4: Left hand joints set: [0.0000, 0.0027, 0.0096, -0.0078, -0.0117, -0.0078, -0.0176]
[ZMQEndpointInterface] Protocol v4: Right hand joints set: [0.0000, -0.0082, -0.0055, 0.0000, 0.0059, 0.0039, 0.0000]
[ZMQEndpointInterface] Received ZMQ message - topic: 'pose', protocol_version: 4, num_fields: 4, total_size: 4 buffers
[ZMQEndpointInterface] *** Starting ZMQ processing ***
[ZMQEndpointInterface] Protocol version: 4
[ZMQEndpointInterface] Protocol v4: Received 64D token (latent action), tokens[0]=0.0553, frame_index: 27
[ZMQEndpointInterface] Protocol v4: Left hand joints set: [0.0000, 0.0027, 0.0082, -0.0078, -0.0234, -0.0098, 0.0000]
[ZMQEndpointInterface] Protocol v4: Right hand joints set: [0.0000, -0.0123, -0.0041, 0.0039, 0.0088, 0.0000, 0.0000]
Loop timing - LowState age: 3.6820ms, Streaming data mean delay: 1.9286ms, Streaming data std delay: 0.7986ms, IMU age: 3.6670ms, Obs: 88us, Policy: 616us, Obs 2 Motor Command: 705us, Post processing: 29us | HandCloseRatio: 1.0000
[ZMQEndpointInterface] Received ZMQ message - topic: 'pose', protocol_version: 4, num_fields: 4, total_size: 4 buffers
[ZMQEndpointInterface] *** Starting ZMQ processing ***
[ZMQEndpointInterface] Protocol version: 4
[ZMQEndpointInterface] Protocol v4: Received 64D token (latent action), tokens[0]=0.0559, frame_index: 28
[ZMQEndpointInterface] Protocol v4: Left hand joints set: [0.0000, 0.0000, 0.0055, -0.0117, -0.0117, -0.0078, -0.0205]
[ZMQEndpointInterface] Protocol v4: Right hand joints set: [0.0000, -0.0041, -0.0068, 0.0000, 0.0029, 0.0000, 0.0000]
[ZMQEndpointInterface] Received ZMQ message - topic: 'pose', protocol_version: 4, num_fields: 4, total_size: 4 buffers
[ZMQEndpointInterface] *** Starting ZMQ processing ***
[ZMQEndpointInterface] Protocol version: 4
[ZMQEndpointInterface] Protocol v4: Received 64D token (latent action), tokens[0]=0.0555, frame_index: 29
[ZMQEndpointInterface] Protocol v4: Left hand joints set: [0.0000, 0.0068, 0.0082, 0.0000, -0.0234, -0.0098, -0.0059]
[ZMQEndpointInterface] Protocol v4: Right hand joints set: [0.0000, -0.0082, 0.0000, 0.0000, 0.0059, 0.0078, 0.0059]
[ZMQEndpointInterface] Received ZMQ message - topic: 'pose', protocol_version: 4, num_fields: 4, total_size: 4 buffers
[ZMQEndpointInterface] *** Starting ZMQ processing ***
[ZMQEndpointInterface] Protocol version: 4
[ZMQEndpointInterface] Protocol v4: Received 64D token (latent action), tokens[0]=0.0562, frame_index: 30
[ZMQEndpointInterface] Protocol v4: Left hand joints set: [0.0000, 0.0068, 0.0027, -0.0117, -0.0088, -0.0020, -0.0293]
[ZMQEndpointInterface] Protocol v4: Right hand joints set: [0.0000, -0.0096, 0.0000, 0.0117, 0.0088, 0.0117, 0.0000]
[ZMQEndpointInterface] Received ZMQ message - topic: 'pose', protocol_version: 4, num_fields: 4, total_size: 4 buffers
[ZMQEndpointInterface] *** Starting ZMQ processing ***
[ZMQEndpointInterface] Protocol version: 4
[ZMQEndpointInterface] Protocol v4: Received 64D token (latent action), tokens[0]=0.0617, frame_index: 31
[ZMQEndpointInterface] Protocol v4: Left hand joints set: [0.0000, 0.0082, 0.0082, -0.0117, -0.0059, -0.0137, -0.0117]
[ZMQEndpointInterface] Protocol v4: Right hand joints set: [0.0000, -0.0096, 0.0000, 0.0039, 0.0234, 0.0117, 0.0000]
[ZMQEndpointInterface] Received ZMQ message - topic: 'pose', protocol_version: 4, num_fields: 4, total_size: 4 buffers
[ZMQEndpointInterface] *** Starting ZMQ processing ***
[ZMQEndpointInterface] Protocol version: 4
[ZMQEndpointInterface] Protocol v4: Received 64D token (latent action), tokens[0]=0.0562, frame_index: 32
[ZMQEndpointInterface] Protocol v4: Left hand joints set: [0.0000, 0.0096, 0.0164, -0.0059, -0.0234, -0.0059, -0.0146]
[ZMQEndpointInterface] Protocol v4: Right hand joints set: [0.0000, -0.0109, -0.0027, 0.0000, 0.0234, 0.0078, 0.0059]
[ZMQEndpointInterface] Received ZMQ message - topic: 'pose', protocol_version: 4, num_fields: 4, total_size: 4 buffers
[ZMQEndpointInterface] *** Starting ZMQ processing ***
[ZMQEndpointInterface] Protocol version: 4
[ZMQEndpointInterface] Protocol v4: Received 64D token (latent action), tokens[0]=0.0583, frame_index: 33
[ZMQEndpointInterface] Protocol v4: Left hand joints set: [0.0000, 0.0055, 0.0109, -0.0098, -0.0176, -0.0117, -0.0205]
[ZMQEndpointInterface] Protocol v4: Right hand joints set: [0.0000, -0.0164, 0.0000, 0.0000, 0.0059, 0.0078, 0.0000]
[ZMQEndpointInterface] Received ZMQ message - topic: 'pose', protocol_version: 4, num_fields: 4, total_size: 4 buffers
[ZMQEndpointInterface] *** Starting ZMQ processing ***
[ZMQEndpointInterface] Protocol version: 4
[ZMQEndpointInterface] Protocol v4: Received 64D token (latent action), tokens[0]=0.0615, frame_index: 34
[ZMQEndpointInterface] Protocol v4: Left hand joints set: [0.0000, 0.0014, 0.0041, -0.0078, 0.0000, 0.0000, 0.0000]
[ZMQEndpointInterface] Protocol v4: Right hand joints set: [0.0000, -0.0123, -0.0096, 0.0098, 0.0264, 0.0156, 0.0059]
[ZMQEndpointInterface] Received ZMQ message - topic: 'pose', protocol_version: 4, num_fields: 4, total_size: 4 buffers
[ZMQEndpointInterface] *** Starting ZMQ processing ***
[ZMQEndpointInterface] Protocol version: 4
[ZMQEndpointInterface] Protocol v4: Received 64D token (latent action), tokens[0]=0.0617, frame_index: 35
[ZMQEndpointInterface] Protocol v4: Left hand joints set: [0.0000, 0.0014, 0.0055, 0.0000, 0.0000, 0.0000, -0.0029]
[ZMQEndpointInterface] Protocol v4: Right hand joints set: [0.0000, -0.0150, -0.0123, 0.0078, 0.0234, 0.0078, 0.0059]
[ZMQEndpointInterface] Received ZMQ message - topic: 'pose', protocol_version: 4, num_fields: 4, total_size: 4 buffers
[ZMQEndpointInterface] *** Starting ZMQ processing ***
[ZMQEndpointInterface] Protocol version: 4
[ZMQEndpointInterface] Protocol v4: Received 64D token (latent action), tokens[0]=0.0668, frame_index: 36
[ZMQEndpointInterface] Protocol v4: Left hand joints set: [0.0000, 0.0055, 0.0096, -0.0117, -0.0088, -0.0020, -0.0059]
[ZMQEndpointInterface] Protocol v4: Right hand joints set: [0.0000, -0.0137, -0.0068, 0.0078, 0.0176, 0.0039, 0.0000]
[ZMQEndpointInterface] Received ZMQ message - topic: 'pose', protocol_version: 4, num_fields: 4, total_size: 4 buffers
[ZMQEndpointInterface] *** Starting ZMQ processing ***
[ZMQEndpointInterface] Protocol version: 4
[ZMQEndpointInterface] Protocol v4: Received 64D token (latent action), tokens[0]=0.0728, frame_index: 37
[ZMQEndpointInterface] Protocol v4: Left hand joints set: [0.0000, 0.0027, 0.0055, 0.0000, 0.0000, 0.0000, -0.0117]
[ZMQEndpointInterface] Protocol v4: Right hand joints set: [0.0000, -0.0137, -0.0068, 0.0117, 0.0234, 0.0078, 0.0000]
[ZMQEndpointInterface] Received ZMQ message - topic: 'pose', protocol_version: 4, num_fields: 4, total_size: 4 buffers
[ZMQEndpointInterface] *** Starting ZMQ processing ***
[ZMQEndpointInterface] Protocol version: 4
[ZMQEndpointInterface] Protocol v4: Received 64D token (latent action), tokens[0]=0.0681, frame_index: 38
[ZMQEndpointInterface] Protocol v4: Left hand joints set: [0.0000, 0.0027, 0.0041, 0.0000, 0.0000, -0.0039, -0.0029]
[ZMQEndpointInterface] Protocol v4: Right hand joints set: [0.0000, -0.0191, -0.0109, 0.0156, 0.0264, 0.0117, 0.0000]
[ZMQEndpointInterface] Received ZMQ message - topic: 'pose', protocol_version: 4, num_fields: 4, total_size: 4 buffers
[ZMQEndpointInterface] *** Starting ZMQ processing ***
[ZMQEndpointInterface] Protocol version: 4
[ZMQEndpointInterface] Protocol v4: Received 64D token (latent action), tokens[0]=0.0703, frame_index: 39
[ZMQEndpointInterface] Protocol v4: Left hand joints set: [0.0000, 0.0027, 0.0068, -0.0078, -0.0059, -0.0078, -0.0059]
[ZMQEndpointInterface] Protocol v4: Right hand joints set: [0.0000, -0.0164, -0.0082, 0.0078, 0.0234, 0.0078, 0.0000]
[ZMQEndpointInterface] Received ZMQ message - topic: 'pose', protocol_version: 4, num_fields: 4, total_size: 4 buffers
[ZMQEndpointInterface] *** Starting ZMQ processing ***
[ZMQEndpointInterface] Protocol version: 4
[ZMQEndpointInterface] Protocol v4: Received 64D token (latent action), tokens[0]=0.0693, frame_index: 40
[ZMQEndpointInterface] Protocol v4: Left hand joints set: [0.0000, 0.0014, 0.0109, -0.0039, -0.0029, -0.0020, -0.0117]
[ZMQEndpointInterface] Protocol v4: Right hand joints set: [0.0000, -0.0164, -0.0082, 0.0039, 0.0322, 0.0078, 0.0000]
[ZMQEndpointInterface] Received ZMQ message - topic: 'pose', protocol_version: 4, num_fields: 4, total_size: 4 buffers
[ZMQEndpointInterface] *** Starting ZMQ processing ***
[ZMQEndpointInterface] Protocol version: 4
[ZMQEndpointInterface] Protocol v4: Received 64D token (latent action), tokens[0]=0.0732, frame_index: 41
[ZMQEndpointInterface] Protocol v4: Left hand joints set: [0.0000, 0.0027, 0.0109, -0.0059, -0.0029, -0.0039, -0.0146]
[ZMQEndpointInterface] Protocol v4: Right hand joints set: [0.0000, -0.0150, -0.0123, 0.0156, 0.0176, 0.0117, 0.0000]
[ZMQEndpointInterface] Received ZMQ message - topic: 'pose', protocol_version: 4, num_fields: 4, total_size: 4 buffers
[ZMQEndpointInterface] *** Starting ZMQ processing ***
[ZMQEndpointInterface] Protocol version: 4
[ZMQEndpointInterface] Protocol v4: Received 64D token (latent action), tokens[0]=0.0713, frame_index: 42
[ZMQEndpointInterface] Protocol v4: Left hand joints set: [0.0000, 0.0027, 0.0109, -0.0039, 0.0000, -0.0020, -0.0029]
[ZMQEndpointInterface] Protocol v4: Right hand joints set: [0.0000, -0.0164, -0.0082, 0.0117, 0.0234, 0.0195, 0.0000]
[ZMQEndpointInterface] Received ZMQ message - topic: 'pose', protocol_version: 4, num_fields: 4, total_size: 4 buffers
[ZMQEndpointInterface] *** Starting ZMQ processing ***
[ZMQEndpointInterface] Protocol version: 4
[ZMQEndpointInterface] Protocol v4: Received 64D token (latent action), tokens[0]=0.0756, frame_index: 43
[ZMQEndpointInterface] Protocol v4: Left hand joints set: [0.0000, 0.0027, 0.0137, -0.0059, -0.0059, -0.0039, -0.0146]
[ZMQEndpointInterface] Protocol v4: Right hand joints set: [0.0000, -0.0205, -0.0109, 0.0137, 0.0205, 0.0078, 0.0000]
[ZMQEndpointInterface] Received ZMQ message - topic: 'pose', protocol_version: 4, num_fields: 4, total_size: 4 buffers
[ZMQEndpointInterface] *** Starting ZMQ processing ***
[ZMQEndpointInterface] Protocol version: 4
[ZMQEndpointInterface] Protocol v4: Received 64D token (latent action), tokens[0]=0.0720, frame_index: 44
[ZMQEndpointInterface] Protocol v4: Left hand joints set: [0.0000, 0.0000, 0.0123, -0.0098, -0.0029, 0.0000, -0.0029]
[ZMQEndpointInterface] Protocol v4: Right hand joints set: [0.0000, -0.0219, -0.0123, 0.0098, 0.0234, 0.0098, 0.0000]
[ZMQEndpointInterface] Received ZMQ message - topic: 'pose', protocol_version: 4, num_fields: 4, total_size: 4 buffers
[ZMQEndpointInterface] *** Starting ZMQ processing ***
[ZMQEndpointInterface] Protocol version: 4
[ZMQEndpointInterface] Protocol v4: Received 64D token (latent action), tokens[0]=0.0750, frame_index: 45
[ZMQEndpointInterface] Protocol v4: Left hand joints set: [0.0000, 0.0000, 0.0096, 0.0000, -0.0029, 0.0000, -0.0176]
[ZMQEndpointInterface] Protocol v4: Right hand joints set: [0.0000, -0.0123, -0.0123, 0.0137, 0.0234, 0.0078, 0.0029]
[ZMQEndpointInterface] Received ZMQ message - topic: 'pose', protocol_version: 4, num_fields: 4, total_size: 4 buffers
[ZMQEndpointInterface] *** Starting ZMQ processing ***
[ZMQEndpointInterface] Protocol version: 4
[ZMQEndpointInterface] Protocol v4: Received 64D token (latent action), tokens[0]=0.0756, frame_index: 46
[ZMQEndpointInterface] Protocol v4: Left hand joints set: [0.0000, 0.0000, 0.0123, -0.0020, -0.0146, 0.0000, -0.0117]
[ZMQEndpointInterface] Protocol v4: Right hand joints set: [0.0000, -0.0123, -0.0109, 0.0117, 0.0176, 0.0137, 0.0146]
[ZMQEndpointInterface] Received ZMQ message - topic: 'pose', protocol_version: 4, num_fields: 4, total_size: 4 buffers
[ZMQEndpointInterface] *** Starting ZMQ processing ***
[ZMQEndpointInterface] Protocol version: 4
[ZMQEndpointInterface] Protocol v4: Received 64D token (latent action), tokens[0]=0.0726, frame_index: 47
[ZMQEndpointInterface] Protocol v4: Left hand joints set: [0.0000, 0.0027, 0.0109, -0.0039, -0.0059, 0.0000, 0.0000]
[ZMQEndpointInterface] Protocol v4: Right hand joints set: [0.0000, -0.0178, -0.0123, 0.0117, 0.0088, 0.0078, 0.0000]
[ZMQEndpointInterface] Received ZMQ message - topic: 'pose', protocol_version: 4, num_fields: 4, total_size: 4 buffers
[ZMQEndpointInterface] *** Starting ZMQ processing ***
[ZMQEndpointInterface] Protocol version: 4
[ZMQEndpointInterface] Protocol v4: Received 64D token (latent action), tokens[0]=0.0760, frame_index: 48
[ZMQEndpointInterface] Protocol v4: Left hand joints set: [0.0000, 0.0027, 0.0041, 0.0000, -0.0059, -0.0039, -0.0088]
[ZMQEndpointInterface] Protocol v4: Right hand joints set: [0.0000, -0.0137, -0.0082, 0.0137, 0.0234, 0.0137, 0.0059]
[ZMQEndpointInterface] Received ZMQ message - topic: 'pose', protocol_version: 4, num_fields: 4, total_size: 4 buffers
[ZMQEndpointInterface] *** Starting ZMQ processing ***
[ZMQEndpointInterface] Protocol version: 4
[ZMQEndpointInterface] Protocol v4: Received 64D token (latent action), tokens[0]=0.0739, frame_index: 49
[ZMQEndpointInterface] Protocol v4: Left hand joints set: [0.0000, 0.0055, 0.0082, 0.0000, 0.0000, 0.0000, 0.0000]
[ZMQEndpointInterface] Protocol v4: Right hand joints set: [0.0000, -0.0150, -0.0109, 0.0156, 0.0146, 0.0078, 0.0059]
[ZMQEndpointInterface] Received ZMQ message - topic: 'pose', protocol_version: 4, num_fields: 4, total_size: 4 buffers
[ZMQEndpointInterface] *** Starting ZMQ processing ***
[ZMQEndpointInterface] Protocol version: 4
[ZMQEndpointInterface] Protocol v4: Received 64D token (latent action), tokens[0]=0.0762, frame_index: 50
[ZMQEndpointInterface] Protocol v4: Left hand joints set: [0.0000, 0.0027, 0.0109, -0.0039, -0.0029, -0.0059, -0.0059]
[ZMQEndpointInterface] Protocol v4: Right hand joints set: [0.0000, -0.0191, -0.0109, 0.0117, 0.0176, 0.0098, 0.0000]
[Token Flow] Copied external tokens, tokens[0]=0.0762
[ZMQEndpointInterface] Received ZMQ message - topic: 'pose', protocol_version: 4, num_fields: 4, total_size: 4 buffers
[ZMQEndpointInterface] *** Starting ZMQ processing ***
[ZMQEndpointInterface] Protocol version: 4
[ZMQEndpointInterface] Protocol v4: Received 64D token (latent action), tokens[0]=0.0753, frame_index: 51
[ZMQEndpointInterface] Protocol v4: Left hand joints set: [0.0000, 0.0027, 0.0109, -0.0039, -0.0029, -0.0020, 0.0000]
[ZMQEndpointInterface] Protocol v4: Right hand joints set: [0.0000, -0.0164, -0.0096, 0.0117, 0.0176, 0.0078, 0.0059]
[ZMQEndpointInterface] Received ZMQ message - topic: 'pose', protocol_version: 4, num_fields: 4, total_size: 4 buffers
[ZMQEndpointInterface] *** Starting ZMQ processing ***
[ZMQEndpointInterface] Protocol version: 4
[ZMQEndpointInterface] Protocol v4: Received 64D token (latent action), tokens[0]=0.0767, frame_index: 52
[ZMQEndpointInterface] Protocol v4: Left hand joints set: [0.0000, 0.0014, 0.0082, -0.0059, -0.0205, -0.0059, -0.0059]
[ZMQEndpointInterface] Protocol v4: Right hand joints set: [0.0000, -0.0191, -0.0109, 0.0117, 0.0234, 0.0078, 0.0088]
[ZMQEndpointInterface] Received ZMQ message - topic: 'pose', protocol_version: 4, num_fields: 4, total_size: 4 buffers
[ZMQEndpointInterface] *** Starting ZMQ processing ***
[ZMQEndpointInterface] Protocol version: 4
[ZMQEndpointInterface] Protocol v4: Received 64D token (latent action), tokens[0]=0.0789, frame_index: 53
[ZMQEndpointInterface] Protocol v4: Left hand joints set: [0.0000, 0.0000, 0.0096, 0.0000, -0.0029, -0.0098, -0.0059]
[ZMQEndpointInterface] Protocol v4: Right hand joints set: [0.0000, -0.0150, -0.0137, 0.0078, 0.0234, 0.0059, 0.0029]
[ZMQEndpointInterface] Received ZMQ message - topic: 'pose', protocol_version: 4, num_fields: 4, total_size: 4 buffers
[ZMQEndpointInterface] *** Starting ZMQ processing ***
[ZMQEndpointInterface] Protocol version: 4
[ZMQEndpointInterface] Protocol v4: Received 64D token (latent action), tokens[0]=0.0813, frame_index: 54
[ZMQEndpointInterface] Protocol v4: Left hand joints set: [0.0000, 0.0014, 0.0055, -0.0039, -0.0029, -0.0020, -0.0059]
[ZMQEndpointInterface] Protocol v4: Right hand joints set: [0.0000, -0.0164, -0.0096, 0.0137, 0.0293, 0.0117, 0.0117]
[ZMQEndpointInterface] Received ZMQ message - topic: 'pose', protocol_version: 4, num_fields: 4, total_size: 4 buffers
[ZMQEndpointInterface] *** Starting ZMQ processing ***
[ZMQEndpointInterface] Protocol version: 4
[ZMQEndpointInterface] Protocol v4: Received 64D token (latent action), tokens[0]=0.0792, frame_index: 55
[ZMQEndpointInterface] Protocol v4: Left hand joints set: [0.0000, 0.0027, 0.0082, -0.0020, -0.0088, -0.0078, -0.0029]
[ZMQEndpointInterface] Protocol v4: Right hand joints set: [0.0000, -0.0123, -0.0096, 0.0078, 0.0146, 0.0117, 0.0000]
[ZMQEndpointInterface] Received ZMQ message - topic: 'pose', protocol_version: 4, num_fields: 4, total_size: 4 buffers
[ZMQEndpointInterface] *** Starting ZMQ processing ***
[ZMQEndpointInterface] Protocol version: 4
[ZMQEndpointInterface] Protocol v4: Received 64D token (latent action), tokens[0]=0.0805, frame_index: 56
[ZMQEndpointInterface] Protocol v4: Left hand joints set: [0.0000, 0.0000, 0.0041, -0.0020, -0.0117, -0.0039, -0.0117]
[ZMQEndpointInterface] Protocol v4: Right hand joints set: [0.0000, -0.0164, -0.0123, 0.0117, 0.0205, 0.0117, 0.0117]
[ZMQEndpointInterface] Received ZMQ message - topic: 'pose', protocol_version: 4, num_fields: 4, total_size: 4 buffers
[ZMQEndpointInterface] *** Starting ZMQ processing ***
[ZMQEndpointInterface] Protocol version: 4
[ZMQEndpointInterface] Protocol v4: Received 64D token (latent action), tokens[0]=0.0809, frame_index: 57
[ZMQEndpointInterface] Protocol v4: Left hand joints set: [0.0000, 0.0000, 0.0096, 0.0000, -0.0088, -0.0020, -0.0146]
[ZMQEndpointInterface] Protocol v4: Right hand joints set: [0.0000, -0.0123, -0.0096, 0.0078, 0.0264, 0.0000, 0.0059]
[ZMQEndpointInterface] Received ZMQ message - topic: 'pose', protocol_version: 4, num_fields: 4, total_size: 4 buffers
[ZMQEndpointInterface] *** Starting ZMQ processing ***
[ZMQEndpointInterface] Protocol version: 4
[ZMQEndpointInterface] Protocol v4: Received 64D token (latent action), tokens[0]=0.0824, frame_index: 58
[ZMQEndpointInterface] Protocol v4: Left hand joints set: [0.0000, 0.0000, 0.0082, -0.0020, -0.0117, -0.0020, -0.0088]
[ZMQEndpointInterface] Protocol v4: Right hand joints set: [0.0000, -0.0178, -0.0096, 0.0117, 0.0234, 0.0098, 0.0059]
[ZMQEndpointInterface] Received ZMQ message - topic: 'pose', protocol_version: 4, num_fields: 4, total_size: 4 buffers
[ZMQEndpointInterface] *** Starting ZMQ processing ***
[ZMQEndpointInterface] Protocol version: 4
[ZMQEndpointInterface] Protocol v4: Received 64D token (latent action), tokens[0]=0.0832, frame_index: 59
[ZMQEndpointInterface] Protocol v4: Left hand joints set: [0.0000, 0.0000, 0.0096, -0.0059, -0.0117, 0.0000, -0.0088]
[ZMQEndpointInterface] Protocol v4: Right hand joints set: [0.0000, -0.0150, -0.0096, 0.0039, 0.0264, 0.0098, 0.0117]
[ZMQEndpointInterface] Received ZMQ message - topic: 'pose', protocol_version: 4, num_fields: 4, total_size: 4 buffers
[ZMQEndpointInterface] *** Starting ZMQ processing ***
[ZMQEndpointInterface] Protocol version: 4
[ZMQEndpointInterface] Protocol v4: Received 64D token (latent action), tokens[0]=0.0836, frame_index: 60
[ZMQEndpointInterface] Protocol v4: Left hand joints set: [0.0000, 0.0000, 0.0055, -0.0059, -0.0029, 0.0000, -0.0059]
[ZMQEndpointInterface] Protocol v4: Right hand joints set: [0.0000, -0.0137, -0.0082, 0.0098, 0.0293, 0.0078, 0.0088]
[ZMQEndpointInterface] Received ZMQ message - topic: 'pose', protocol_version: 4, num_fields: 4, total_size: 4 buffers
[ZMQEndpointInterface] *** Starting ZMQ processing ***
[ZMQEndpointInterface] Protocol version: 4
[ZMQEndpointInterface] Protocol v4: Received 64D token (latent action), tokens[0]=0.0544, frame_index: 61
[ZMQEndpointInterface] Protocol v4: Left hand joints set: [0.0000, 0.0000, 0.0027, 0.0000, -0.0088, -0.0020, 0.0000]
[ZMQEndpointInterface] Protocol v4: Right hand joints set: [0.0000, -0.0109, -0.0041, 0.0195, 0.0000, 0.0000, 0.0059]
[ZMQEndpointInterface] Received ZMQ message - topic: 'pose', protocol_version: 4, num_fields: 4, total_size: 4 buffers
[ZMQEndpointInterface] *** Starting ZMQ processing ***
[ZMQEndpointInterface] Protocol version: 4
[ZMQEndpointInterface] Protocol v4: Received 64D token (latent action), tokens[0]=0.0502, frame_index: 62
[ZMQEndpointInterface] Protocol v4: Left hand joints set: [0.0000, 0.0027, 0.0000, -0.0020, -0.0205, -0.0059, 0.0000]
[ZMQEndpointInterface] Protocol v4: Right hand joints set: [0.0000, -0.0096, 0.0000, 0.0117, 0.0059, 0.0000, 0.0000]
[ZMQEndpointInterface] Received ZMQ message - topic: 'pose', protocol_version: 4, num_fields: 4, total_size: 4 buffers
[ZMQEndpointInterface] *** Starting ZMQ processing ***
[ZMQEndpointInterface] Protocol version: 4
[ZMQEndpointInterface] Protocol v4: Received 64D token (latent action), tokens[0]=0.0549, frame_index: 63
[ZMQEndpointInterface] Protocol v4: Left hand joints set: [0.0000, 0.0000, 0.0000, 0.0000, -0.0146, -0.0020, 0.0000]
[ZMQEndpointInterface] Protocol v4: Right hand joints set: [0.0000, -0.0096, -0.0027, 0.0098, 0.0000, 0.0000, 0.0000]
[ZMQEndpointInterface] Received ZMQ message - topic: 'pose', protocol_version: 4, num_fields: 4, total_size: 4 buffers
[ZMQEndpointInterface] *** Starting ZMQ processing ***
[ZMQEndpointInterface] Protocol version: 4
[ZMQEndpointInterface] Protocol v4: Received 64D token (latent action), tokens[0]=0.0536, frame_index: 64
[ZMQEndpointInterface] Protocol v4: Left hand joints set: [0.0000, 0.0000, 0.0027, 0.0000, -0.0146, 0.0000, 0.0000]
[ZMQEndpointInterface] Protocol v4: Right hand joints set: [0.0000, -0.0096, 0.0000, 0.0156, 0.0059, 0.0039, 0.0029]
[ZMQEndpointInterface] Received ZMQ message - topic: 'pose', protocol_version: 4, num_fields: 4, total_size: 4 buffers
[ZMQEndpointInterface] *** Starting ZMQ processing ***
[ZMQEndpointInterface] Protocol version: 4
[ZMQEndpointInterface] Protocol v4: Received 64D token (latent action), tokens[0]=0.0523, frame_index: 65
[ZMQEndpointInterface] Protocol v4: Left hand joints set: [0.0000, 0.0041, 0.0000, 0.0000, -0.0117, 0.0000, 0.0000]
[ZMQEndpointInterface] Protocol v4: Right hand joints set: [0.0000, -0.0027, 0.0000, 0.0117, 0.0117, 0.0039, 0.0000]
[ZMQEndpointInterface] Received ZMQ message - topic: 'pose', protocol_version: 4, num_fields: 4, total_size: 4 buffers
[ZMQEndpointInterface] *** Starting ZMQ processing ***
[ZMQEndpointInterface] Protocol version: 4
[ZMQEndpointInterface] Protocol v4: Received 64D token (latent action), tokens[0]=0.0527, frame_index: 66
[ZMQEndpointInterface] Protocol v4: Left hand joints set: [0.0000, 0.0000, 0.0027, 0.0000, -0.0088, 0.0000, 0.0000]
[ZMQEndpointInterface] Protocol v4: Right hand joints set: [0.0000, -0.0055, 0.0000, 0.0156, 0.0059, 0.0059, 0.0029]
[ZMQEndpointInterface] Received ZMQ message - topic: 'pose', protocol_version: 4, num_fields: 4, total_size: 4 buffers
[ZMQEndpointInterface] *** Starting ZMQ processing ***
[ZMQEndpointInterface] Protocol version: 4
[ZMQEndpointInterface] Protocol v4: Received 64D token (latent action), tokens[0]=0.0544, frame_index: 67
[ZMQEndpointInterface] Protocol v4: Left hand joints set: [0.0000, 0.0027, 0.0014, 0.0000, -0.0059, 0.0000, 0.0000]
[ZMQEndpointInterface] Protocol v4: Right hand joints set: [0.0000, -0.0068, 0.0000, 0.0195, 0.0117, 0.0117, 0.0000]
[ZMQEndpointInterface] Received ZMQ message - topic: 'pose', protocol_version: 4, num_fields: 4, total_size: 4 buffers
[ZMQEndpointInterface] *** Starting ZMQ processing ***
[ZMQEndpointInterface] Protocol version: 4
[ZMQEndpointInterface] Protocol v4: Received 64D token (latent action), tokens[0]=0.0525, frame_index: 68
[ZMQEndpointInterface] Protocol v4: Left hand joints set: [0.0000, 0.0055, 0.0014, 0.0000, -0.0088, -0.0020, 0.0000]
[ZMQEndpointInterface] Protocol v4: Right hand joints set: [0.0000, -0.0068, -0.0027, 0.0078, 0.0000, 0.0059, 0.0059]
[ZMQEndpointInterface] Received ZMQ message - topic: 'pose', protocol_version: 4, num_fields: 4, total_size: 4 buffers
[ZMQEndpointInterface] *** Starting ZMQ processing ***
[ZMQEndpointInterface] Protocol version: 4
[ZMQEndpointInterface] Protocol v4: Received 64D token (latent action), tokens[0]=0.0562, frame_index: 69
[ZMQEndpointInterface] Protocol v4: Left hand joints set: [0.0000, 0.0000, 0.0000, -0.0039, -0.0059, 0.0000, 0.0000]
[ZMQEndpointInterface] Protocol v4: Right hand joints set: [0.0000, -0.0068, 0.0000, 0.0039, 0.0029, 0.0000, 0.0000]
[ZMQEndpointInterface] Received ZMQ message - topic: 'pose', protocol_version: 4, num_fields: 4, total_size: 4 buffers
[ZMQEndpointInterface] *** Starting ZMQ processing ***
[ZMQEndpointInterface] Protocol version: 4
[ZMQEndpointInterface] Protocol v4: Received 64D token (latent action), tokens[0]=0.0527, frame_index: 70
[ZMQEndpointInterface] Protocol v4: Left hand joints set: [0.0000, 0.0014, 0.0000, 0.0000, -0.0029, 0.0000, 0.0000]
[ZMQEndpointInterface] Protocol v4: Right hand joints set: [0.0000, -0.0068, 0.0000, 0.0117, 0.0000, 0.0039, 0.0000]
[ZMQEndpointInterface] Received ZMQ message - topic: 'pose', protocol_version: 4, num_fields: 4, total_size: 4 buffers
[ZMQEndpointInterface] *** Starting ZMQ processing ***
[ZMQEndpointInterface] Protocol version: 4
[ZMQEndpointInterface] Protocol v4: Received 64D token (latent action), tokens[0]=0.0579, frame_index: 71
[ZMQEndpointInterface] Protocol v4: Left hand joints set: [0.0000, 0.0000, 0.0000, -0.0039, -0.0059, 0.0000, 0.0000]
[ZMQEndpointInterface] Protocol v4: Right hand joints set: [0.0000, -0.0055, 0.0000, 0.0098, 0.0000, 0.0078, 0.0000]
[ZMQEndpointInterface] Received ZMQ message - topic: 'pose', protocol_version: 4, num_fields: 4, total_size: 4 buffers
[ZMQEndpointInterface] *** Starting ZMQ processing ***
[ZMQEndpointInterface] Protocol version: 4
[ZMQEndpointInterface] Protocol v4: Received 64D token (latent action), tokens[0]=0.0536, frame_index: 72
[ZMQEndpointInterface] Protocol v4: Left hand joints set: [0.0000, 0.0014, 0.0000, 0.0000, 0.0000, 0.0000, 0.0000]
[ZMQEndpointInterface] Protocol v4: Right hand joints set: [0.0000, -0.0068, -0.0027, 0.0059, 0.0059, 0.0000, 0.0000]
[ZMQEndpointInterface] Received ZMQ message - topic: 'pose', protocol_version: 4, num_fields: 4, total_size: 4 buffers
[ZMQEndpointInterface] *** Starting ZMQ processing ***
[ZMQEndpointInterface] Protocol version: 4
[ZMQEndpointInterface] Protocol v4: Received 64D token (latent action), tokens[0]=0.0557, frame_index: 73
[ZMQEndpointInterface] Protocol v4: Left hand joints set: [0.0000, 0.0027, 0.0000, -0.0039, -0.0029, 0.0000, 0.0000]
[ZMQEndpointInterface] Protocol v4: Right hand joints set: [0.0000, -0.0041, 0.0000, 0.0078, 0.0059, 0.0078, 0.0000]
[ZMQEndpointInterface] Received ZMQ message - topic: 'pose', protocol_version: 4, num_fields: 4, total_size: 4 buffers
[ZMQEndpointInterface] *** Starting ZMQ processing ***
[ZMQEndpointInterface] Protocol version: 4
[ZMQEndpointInterface] Protocol v4: Received 64D token (latent action), tokens[0]=0.0544, frame_index: 74
[ZMQEndpointInterface] Protocol v4: Left hand joints set: [0.0000, 0.0041, 0.0055, 0.0000, -0.0059, 0.0000, 0.0000]
[ZMQEndpointInterface] Protocol v4: Right hand joints set: [0.0000, -0.0027, -0.0027, 0.0098, 0.0000, 0.0039, 0.0000]
Temporary motion completed.
Reset to frame 0.
[ZMQEndpointInterface] Received ZMQ message - topic: 'pose', protocol_version: 4, num_fields: 4, total_size: 4 buffers
[ZMQEndpointInterface] *** Starting ZMQ processing ***
[ZMQEndpointInterface] Protocol version: 4
[ZMQEndpointInterface] Protocol v4: Received 64D token (latent action), tokens[0]=0.0562, frame_index: 75
[ZMQEndpointInterface] Protocol v4: Left hand joints set: [0.0000, 0.0000, 0.0000, 0.0000, -0.0029, 0.0000, 0.0000]
[ZMQEndpointInterface] Protocol v4: Right hand joints set: [0.0000, -0.0082, -0.0014, 0.0059, 0.0059, 0.0020, 0.0000]
Reset heading state to 0.9937, -0.0061, -0.0363, 0.1061
Reset delta heading to 0
Reset init reference data root rotation to current frame: 0.9997, -0.0016, -0.0224, -0.0042
**********************************************************
Reference motion name: temporary_motion
**********************************************************
[ZMQEndpointInterface] Received ZMQ message - topic: 'pose', protocol_version: 4, num_fields: 4, total_size: 4 buffers
[ZMQEndpointInterface] *** Starting ZMQ processing ***
[ZMQEndpointInterface] Protocol version: 4
[ZMQEndpointInterface] Protocol v4: Received 64D token (latent action), tokens[0]=0.0574, frame_index: 76
[ZMQEndpointInterface] Protocol v4: Left hand joints set: [0.0000, 0.0027, 0.0082, -0.0020, -0.0059, 0.0000, 0.0000]
[ZMQEndpointInterface] Protocol v4: Right hand joints set: [0.0000, -0.0109, 0.0000, 0.0039, 0.0146, 0.0000, 0.0000]
Loop timing - LowState age: 1.3310ms, Streaming data mean delay: 7.1538ms, Streaming data std delay: 8.2959ms, IMU age: 1.3160ms, Obs: 86us, Policy: 725us, Obs 2 Motor Command: 811us, Post processing: 23us | HandCloseRatio: 1.0000
[ZMQEndpointInterface] Received ZMQ message - topic: 'pose', protocol_version: 4, num_fields: 4, total_size: 4 buffers
[ZMQEndpointInterface] *** Starting ZMQ processing ***
[ZMQEndpointInterface] Protocol version: 4
[ZMQEndpointInterface] Protocol v4: Received 64D token (latent action), tokens[0]=0.0579, frame_index: 77
[ZMQEndpointInterface] Protocol v4: Left hand joints set: [0.0000, 0.0041, 0.0000, 0.0000, -0.0059, 0.0000, 0.0000]
[ZMQEndpointInterface] Protocol v4: Right hand joints set: [0.0000, -0.0082, -0.0014, 0.0078, 0.0059, 0.0000, 0.0088]
[ZMQEndpointInterface] Received ZMQ message - topic: 'pose', protocol_version: 4, num_fields: 4, total_size: 4 buffers
[ZMQEndpointInterface] *** Starting ZMQ processing ***
[ZMQEndpointInterface] Protocol version: 4
[ZMQEndpointInterface] Protocol v4: Received 64D token (latent action), tokens[0]=0.0600, frame_index: 78
[ZMQEndpointInterface] Protocol v4: Left hand joints set: [0.0000, 0.0041, 0.0014, 0.0000, -0.0117, -0.0020, 0.0000]
[ZMQEndpointInterface] Protocol v4: Right hand joints set: [0.0000, -0.0068, 0.0000, 0.0078, 0.0029, 0.0078, 0.0000]
[ZMQEndpointInterface] Received ZMQ message - topic: 'pose', protocol_version: 4, num_fields: 4, total_size: 4 buffers
[ZMQEndpointInterface] *** Starting ZMQ processing ***
[ZMQEndpointInterface] Protocol version: 4
[ZMQEndpointInterface] Protocol v4: Received 64D token (latent action), tokens[0]=0.0598, frame_index: 79
[ZMQEndpointInterface] Protocol v4: Left hand joints set: [0.0000, 0.0000, 0.0055, -0.0039, -0.0117, 0.0000, 0.0000]
[ZMQEndpointInterface] Protocol v4: Right hand joints set: [0.0000, -0.0109, -0.0055, 0.0117, 0.0000, 0.0078, 0.0059]
[ZMQEndpointInterface] Received ZMQ message - topic: 'pose', protocol_version: 4, num_fields: 4, total_size: 4 buffers
[ZMQEndpointInterface] *** Starting ZMQ processing ***
[ZMQEndpointInterface] Protocol version: 4
[ZMQEndpointInterface] Protocol v4: Received 64D token (latent action), tokens[0]=0.0594, frame_index: 80
[ZMQEndpointInterface] Protocol v4: Left hand joints set: [0.0000, 0.0027, 0.0027, 0.0000, -0.0059, 0.0000, 0.0000]
[ZMQEndpointInterface] Protocol v4: Right hand joints set: [0.0000, -0.0055, -0.0014, 0.0156, 0.0000, 0.0020, 0.0000]
[ZMQEndpointInterface] Received ZMQ message - topic: 'pose', protocol_version: 4, num_fields: 4, total_size: 4 buffers
[ZMQEndpointInterface] *** Starting ZMQ processing ***
[ZMQEndpointInterface] Protocol version: 4
[ZMQEndpointInterface] Protocol v4: Received 64D token (latent action), tokens[0]=0.0596, frame_index: 81
[ZMQEndpointInterface] Protocol v4: Left hand joints set: [0.0000, 0.0027, 0.0014, 0.0000, -0.0059, -0.0020, 0.0000]
[ZMQEndpointInterface] Protocol v4: Right hand joints set: [0.0000, -0.0068, 0.0000, 0.0117, 0.0117, 0.0020, 0.0000]
[ZMQEndpointInterface] Received ZMQ message - topic: 'pose', protocol_version: 4, num_fields: 4, total_size: 4 buffers
[ZMQEndpointInterface] *** Starting ZMQ processing ***
[ZMQEndpointInterface] Protocol version: 4
[ZMQEndpointInterface] Protocol v4: Received 64D token (latent action), tokens[0]=0.0604, frame_index: 82
[ZMQEndpointInterface] Protocol v4: Left hand joints set: [0.0000, 0.0014, 0.0014, -0.0020, -0.0029, 0.0000, 0.0000]
[ZMQEndpointInterface] Protocol v4: Right hand joints set: [0.0000, -0.0068, -0.0041, 0.0039, 0.0059, 0.0078, 0.0000]
[ZMQEndpointInterface] Received ZMQ message - topic: 'pose', protocol_version: 4, num_fields: 4, total_size: 4 buffers
[ZMQEndpointInterface] *** Starting ZMQ processing ***
[ZMQEndpointInterface] Protocol version: 4
[ZMQEndpointInterface] Protocol v4: Received 64D token (latent action), tokens[0]=0.0643, frame_index: 83
[ZMQEndpointInterface] Protocol v4: Left hand joints set: [0.0000, 0.0027, 0.0068, -0.0020, -0.0146, -0.0059, 0.0000]
[ZMQEndpointInterface] Protocol v4: Right hand joints set: [0.0000, -0.0096, -0.0041, 0.0156, 0.0117, 0.0078, 0.0059]
[ZMQEndpointInterface] Received ZMQ message - topic: 'pose', protocol_version: 4, num_fields: 4, total_size: 4 buffers
[ZMQEndpointInterface] *** Starting ZMQ processing ***
[ZMQEndpointInterface] Protocol version: 4
[ZMQEndpointInterface] Protocol v4: Received 64D token (latent action), tokens[0]=0.0626, frame_index: 84
[ZMQEndpointInterface] Protocol v4: Left hand joints set: [0.0000, 0.0027, 0.0027, -0.0039, 0.0000, -0.0039, -0.0059]
[ZMQEndpointInterface] Protocol v4: Right hand joints set: [0.0000, -0.0109, -0.0068, 0.0117, 0.0146, 0.0000, 0.0000]
[ZMQEndpointInterface] Received ZMQ message - topic: 'pose', protocol_version: 4, num_fields: 4, total_size: 4 buffers
[ZMQEndpointInterface] *** Starting ZMQ processing ***
[ZMQEndpointInterface] Protocol version: 4
[ZMQEndpointInterface] Protocol v4: Received 64D token (latent action), tokens[0]=0.0609, frame_index: 85
[ZMQEndpointInterface] Protocol v4: Left hand joints set: [0.0000, 0.0027, 0.0000, 0.0000, 0.0000, 0.0000, 0.0000]
[ZMQEndpointInterface] Protocol v4: Right hand joints set: [0.0000, -0.0109, 0.0000, 0.0117, 0.0088, 0.0117, 0.0029]
[ZMQEndpointInterface] Received ZMQ message - topic: 'pose', protocol_version: 4, num_fields: 4, total_size: 4 buffers
[ZMQEndpointInterface] *** Starting ZMQ processing ***
[ZMQEndpointInterface] Protocol version: 4
[ZMQEndpointInterface] Protocol v4: Received 64D token (latent action), tokens[0]=0.0615, frame_index: 86
[ZMQEndpointInterface] Protocol v4: Left hand joints set: [0.0000, 0.0027, 0.0041, 0.0000, -0.0059, -0.0039, 0.0000]
[ZMQEndpointInterface] Protocol v4: Right hand joints set: [0.0000, -0.0109, -0.0041, 0.0117, 0.0176, 0.0078, 0.0029]
[ZMQEndpointInterface] Received ZMQ message - topic: 'pose', protocol_version: 4, num_fields: 4, total_size: 4 buffers
[ZMQEndpointInterface] *** Starting ZMQ processing ***
[ZMQEndpointInterface] Protocol version: 4
[ZMQEndpointInterface] Protocol v4: Received 64D token (latent action), tokens[0]=0.0579, frame_index: 87
[ZMQEndpointInterface] Protocol v4: Left hand joints set: [0.0000, 0.0027, 0.0041, -0.0039, -0.0088, -0.0117, 0.0000]
[ZMQEndpointInterface] Protocol v4: Right hand joints set: [0.0000, -0.0055, -0.0014, 0.0078, 0.0000, 0.0039, 0.0000]
[ZMQEndpointInterface] Received ZMQ message - topic: 'pose', protocol_version: 4, num_fields: 4, total_size: 4 buffers
[ZMQEndpointInterface] *** Starting ZMQ processing ***
[ZMQEndpointInterface] Protocol version: 4
[ZMQEndpointInterface] Protocol v4: Received 64D token (latent action), tokens[0]=0.0619, frame_index: 88
[ZMQEndpointInterface] Protocol v4: Left hand joints set: [0.0000, 0.0041, 0.0000, -0.0059, -0.0088, 0.0000, 0.0000]
[ZMQEndpointInterface] Protocol v4: Right hand joints set: [0.0000, -0.0082, -0.0014, 0.0078, 0.0117, 0.0020, 0.0000]
[ZMQEndpointInterface] Received ZMQ message - topic: 'pose', protocol_version: 4, num_fields: 4, total_size: 4 buffers
[ZMQEndpointInterface] *** Starting ZMQ processing ***
[ZMQEndpointInterface] Protocol version: 4
[ZMQEndpointInterface] Protocol v4: Received 64D token (latent action), tokens[0]=0.0609, frame_index: 89
[ZMQEndpointInterface] Protocol v4: Left hand joints set: [0.0000, 0.0082, 0.0055, 0.0000, -0.0059, 0.0000, 0.0000]
[ZMQEndpointInterface] Protocol v4: Right hand joints set: [0.0000, -0.0068, -0.0014, 0.0098, 0.0205, 0.0000, 0.0059]
[ZMQEndpointInterface] Received ZMQ message - topic: 'pose', protocol_version: 4, num_fields: 4, total_size: 4 buffers
[ZMQEndpointInterface] *** Starting ZMQ processing ***
[ZMQEndpointInterface] Protocol version: 4
[ZMQEndpointInterface] Protocol v4: Received 64D token (latent action), tokens[0]=0.0348, frame_index: 90
[ZMQEndpointInterface] Protocol v4: Left hand joints set: [0.0000, 0.0000, 0.0096, 0.0000, 0.0000, 0.0000, 0.0000]
[ZMQEndpointInterface] Protocol v4: Right hand joints set: [0.0000, -0.0082, 0.0000, 0.0059, 0.0000, 0.0000, 0.0000]
[ZMQEndpointInterface] Received ZMQ message - topic: 'pose', protocol_version: 4, num_fields: 4, total_size: 4 buffers
[ZMQEndpointInterface] *** Starting ZMQ processing ***
[ZMQEndpointInterface] Protocol version: 4
[ZMQEndpointInterface] Protocol v4: Received 64D token (latent action), tokens[0]=0.0352, frame_index: 91
[ZMQEndpointInterface] Protocol v4: Left hand joints set: [0.0000, 0.0000, 0.0014, -0.0020, -0.0117, 0.0000, -0.0088]
[ZMQEndpointInterface] Protocol v4: Right hand joints set: [0.0000, -0.0027, 0.0000, 0.0000, 0.0000, 0.0000, 0.0000]
[ZMQEndpointInterface] Received ZMQ message - topic: 'pose', protocol_version: 4, num_fields: 4, total_size: 4 buffers
[ZMQEndpointInterface] *** Starting ZMQ processing ***
[ZMQEndpointInterface] Protocol version: 4
[ZMQEndpointInterface] Protocol v4: Received 64D token (latent action), tokens[0]=0.0365, frame_index: 92
[ZMQEndpointInterface] Protocol v4: Left hand joints set: [0.0000, 0.0000, 0.0082, 0.0000, -0.0059, -0.0020, 0.0000]
[ZMQEndpointInterface] Protocol v4: Right hand joints set: [0.0000, -0.0041, 0.0000, 0.0000, 0.0000, 0.0000, 0.0000]
[ZMQEndpointInterface] Received ZMQ message - topic: 'pose', protocol_version: 4, num_fields: 4, total_size: 4 buffers
[ZMQEndpointInterface] *** Starting ZMQ processing ***
[ZMQEndpointInterface] Protocol version: 4
[ZMQEndpointInterface] Protocol v4: Received 64D token (latent action), tokens[0]=0.0365, frame_index: 93
[ZMQEndpointInterface] Protocol v4: Left hand joints set: [0.0000, 0.0000, 0.0055, -0.0020, 0.0000, 0.0000, 0.0000]
[ZMQEndpointInterface] Protocol v4: Right hand joints set: [0.0000, 0.0000, 0.0000, 0.0000, 0.0000, 0.0000, 0.0000]
[ZMQEndpointInterface] Received ZMQ message - topic: 'pose', protocol_version: 4, num_fields: 4, total_size: 4 buffers
[ZMQEndpointInterface] *** Starting ZMQ processing ***
[ZMQEndpointInterface] Protocol version: 4
[ZMQEndpointInterface] Protocol v4: Received 64D token (latent action), tokens[0]=0.0382, frame_index: 94
[ZMQEndpointInterface] Protocol v4: Left hand joints set: [0.0000, 0.0014, 0.0068, 0.0000, 0.0000, 0.0000, 0.0000]
[ZMQEndpointInterface] Protocol v4: Right hand joints set: [0.0000, -0.0041, 0.0000, 0.0000, 0.0000, 0.0000, 0.0000]
[ZMQEndpointInterface] Received ZMQ message - topic: 'pose', protocol_version: 4, num_fields: 4, total_size: 4 buffers
[ZMQEndpointInterface] *** Starting ZMQ processing ***
[ZMQEndpointInterface] Protocol version: 4
[ZMQEndpointInterface] Protocol v4: Received 64D token (latent action), tokens[0]=0.0401, frame_index: 95
[ZMQEndpointInterface] Protocol v4: Left hand joints set: [0.0000, 0.0000, 0.0000, 0.0000, 0.0000, 0.0000, 0.0000]
[ZMQEndpointInterface] Protocol v4: Right hand joints set: [0.0000, 0.0000, 0.0000, 0.0000, 0.0000, 0.0000, 0.0000]
[ZMQEndpointInterface] Received ZMQ message - topic: 'pose', protocol_version: 4, num_fields: 4, total_size: 4 buffers
[ZMQEndpointInterface] *** Starting ZMQ processing ***
[ZMQEndpointInterface] Protocol version: 4
[ZMQEndpointInterface] Protocol v4: Received 64D token (latent action), tokens[0]=0.0386, frame_index: 96
[ZMQEndpointInterface] Protocol v4: Left hand joints set: [0.0000, 0.0000, 0.0068, 0.0000, 0.0000, 0.0000, -0.0117]
[ZMQEndpointInterface] Protocol v4: Right hand joints set: [0.0000, -0.0041, -0.0014, 0.0000, 0.0000, 0.0000, 0.0000]
[ZMQEndpointInterface] Received ZMQ message - topic: 'pose', protocol_version: 4, num_fields: 4, total_size: 4 buffers
[ZMQEndpointInterface] *** Starting ZMQ processing ***
[ZMQEndpointInterface] Protocol version: 4
[ZMQEndpointInterface] Protocol v4: Received 64D token (latent action), tokens[0]=0.0423, frame_index: 97
[ZMQEndpointInterface] Protocol v4: Left hand joints set: [0.0000, 0.0000, 0.0000, 0.0000, 0.0000, 0.0000, 0.0000]
[ZMQEndpointInterface] Protocol v4: Right hand joints set: [0.0000, 0.0000, -0.0014, 0.0000, 0.0000, 0.0000, 0.0000]
[ZMQEndpointInterface] Received ZMQ message - topic: 'pose', protocol_version: 4, num_fields: 4, total_size: 4 buffers
[ZMQEndpointInterface] *** Starting ZMQ processing ***
[ZMQEndpointInterface] Protocol version: 4
[ZMQEndpointInterface] Protocol v4: Received 64D token (latent action), tokens[0]=0.0446, frame_index: 98
[ZMQEndpointInterface] Protocol v4: Left hand joints set: [0.0000, 0.0000, 0.0027, 0.0000, 0.0000, 0.0000, -0.0088]
[ZMQEndpointInterface] Protocol v4: Right hand joints set: [0.0000, -0.0041, 0.0000, 0.0000, 0.0000, 0.0000, 0.0000]
[ZMQEndpointInterface] Received ZMQ message - topic: 'pose', protocol_version: 4, num_fields: 4, total_size: 4 buffers
[ZMQEndpointInterface] *** Starting ZMQ processing ***
[ZMQEndpointInterface] Protocol version: 4
[ZMQEndpointInterface] Protocol v4: Received 64D token (latent action), tokens[0]=0.0442, frame_index: 99
[ZMQEndpointInterface] Protocol v4: Left hand joints set: [0.0000, 0.0000, 0.0082, 0.0000, -0.0117, 0.0000, -0.0088]
[ZMQEndpointInterface] Protocol v4: Right hand joints set: [0.0000, 0.0000, 0.0000, 0.0000, 0.0000, 0.0000, 0.0000]
[ZMQEndpointInterface] Received ZMQ message - topic: 'pose', protocol_version: 4, num_fields: 4, total_size: 4 buffers
[ZMQEndpointInterface] *** Starting ZMQ processing ***
[ZMQEndpointInterface] Protocol version: 4
[ZMQEndpointInterface] Protocol v4: Received 64D token (latent action), tokens[0]=0.0472, frame_index: 100
[ZMQEndpointInterface] Protocol v4: Left hand joints set: [0.0000, 0.0000, 0.0068, 0.0000, 0.0000, 0.0000, 0.0000]
[ZMQEndpointInterface] Protocol v4: Right hand joints set: [0.0000, -0.0014, 0.0000, 0.0000, 0.0000, 0.0000, 0.0000]
[Token Flow] Copied external tokens, tokens[0]=0.0472
[ZMQEndpointInterface] Received ZMQ message - topic: 'pose', protocol_version: 4, num_fields: 4, total_size: 4 buffers
[ZMQEndpointInterface] *** Starting ZMQ processing ***
[ZMQEndpointInterface] Protocol version: 4
[ZMQEndpointInterface] Protocol v4: Received 64D token (latent action), tokens[0]=0.0480, frame_index: 101
[ZMQEndpointInterface] Protocol v4: Left hand joints set: [0.0000, 0.0000, 0.0068, 0.0000, 0.0000, 0.0000, -0.0029]
[ZMQEndpointInterface] Protocol v4: Right hand joints set: [0.0000, 0.0000, 0.0000, 0.0000, 0.0000, 0.0000, 0.0000]
[ZMQEndpointInterface] Received ZMQ message - topic: 'pose', protocol_version: 4, num_fields: 4, total_size: 4 buffers
[ZMQEndpointInterface] *** Starting ZMQ processing ***
[ZMQEndpointInterface] Protocol version: 4
[ZMQEndpointInterface] Protocol v4: Received 64D token (latent action), tokens[0]=0.0489, frame_index: 102
[ZMQEndpointInterface] Protocol v4: Left hand joints set: [0.0000, 0.0000, 0.0041, 0.0000, 0.0000, 0.0000, 0.0000]
[ZMQEndpointInterface] Protocol v4: Right hand joints set: [0.0000, -0.0027, 0.0000, 0.0000, 0.0000, 0.0000, 0.0000]
[ZMQEndpointInterface] Received ZMQ message - topic: 'pose', protocol_version: 4, num_fields: 4, total_size: 4 buffers
[ZMQEndpointInterface] *** Starting ZMQ processing ***
[ZMQEndpointInterface] Protocol version: 4
[ZMQEndpointInterface] Protocol v4: Received 64D token (latent action), tokens[0]=0.0502, frame_index: 103
[ZMQEndpointInterface] Protocol v4: Left hand joints set: [0.0000, 0.0000, 0.0027, 0.0000, 0.0000, 0.0000, 0.0000]
[ZMQEndpointInterface] Protocol v4: Right hand joints set: [0.0000, 0.0000, 0.0000, 0.0000, 0.0000, 0.0000, 0.0000]
[ZMQEndpointInterface] Received ZMQ message - topic: 'pose', protocol_version: 4, num_fields: 4, total_size: 4 buffers
[ZMQEndpointInterface] *** Starting ZMQ processing ***
[ZMQEndpointInterface] Protocol version: 4
[ZMQEndpointInterface] Protocol v4: Received 64D token (latent action), tokens[0]=0.0508, frame_index: 104
[ZMQEndpointInterface] Protocol v4: Left hand joints set: [0.0000, 0.0000, 0.0055, 0.0000, 0.0000, 0.0000, -0.0029]
[ZMQEndpointInterface] Protocol v4: Right hand joints set: [0.0000, -0.0027, 0.0000, 0.0000, 0.0000, 0.0000, 0.0000]
[ZMQEndpointInterface] Received ZMQ message - topic: 'pose', protocol_version: 4, num_fields: 4, total_size: 4 buffers
[ZMQEndpointInterface] *** Starting ZMQ processing ***
[ZMQEndpointInterface] Protocol version: 4
[ZMQEndpointInterface] Protocol v4: Received 64D token (latent action), tokens[0]=0.0540, frame_index: 105
[ZMQEndpointInterface] Protocol v4: Left hand joints set: [0.0000, 0.0000, 0.0027, 0.0000, 0.0000, 0.0000, -0.0088]
[ZMQEndpointInterface] Protocol v4: Right hand joints set: [0.0000, -0.0014, 0.0000, 0.0000, 0.0000, 0.0020, 0.0000]
[ZMQEndpointInterface] Received ZMQ message - topic: 'pose', protocol_version: 4, num_fields: 4, total_size: 4 buffers
[ZMQEndpointInterface] *** Starting ZMQ processing ***
[ZMQEndpointInterface] Protocol version: 4
[ZMQEndpointInterface] Protocol v4: Received 64D token (latent action), tokens[0]=0.0512, frame_index: 106
[ZMQEndpointInterface] Protocol v4: Left hand joints set: [0.0000, 0.0014, 0.0082, 0.0000, 0.0000, 0.0000, -0.0059]
[ZMQEndpointInterface] Protocol v4: Right hand joints set: [0.0000, -0.0014, 0.0000, 0.0000, 0.0000, 0.0000, 0.0000]
[ZMQEndpointInterface] Received ZMQ message - topic: 'pose', protocol_version: 4, num_fields: 4, total_size: 4 buffers
[ZMQEndpointInterface] *** Starting ZMQ processing ***
[ZMQEndpointInterface] Protocol version: 4
[ZMQEndpointInterface] Protocol v4: Received 64D token (latent action), tokens[0]=0.0557, frame_index: 107
[ZMQEndpointInterface] Protocol v4: Left hand joints set: [0.0000, 0.0000, 0.0109, 0.0000, 0.0000, 0.0000, 0.0000]
[ZMQEndpointInterface] Protocol v4: Right hand joints set: [0.0000, -0.0027, 0.0000, 0.0000, 0.0000, 0.0078, 0.0000]
[ZMQEndpointInterface] Received ZMQ message - topic: 'pose', protocol_version: 4, num_fields: 4, total_size: 4 buffers
[ZMQEndpointInterface] *** Starting ZMQ processing ***
[ZMQEndpointInterface] Protocol version: 4
[ZMQEndpointInterface] Protocol v4: Received 64D token (latent action), tokens[0]=0.0519, frame_index: 108
[ZMQEndpointInterface] Protocol v4: Left hand joints set: [0.0000, 0.0000, 0.0055, -0.0039, 0.0000, 0.0000, -0.0117]
[ZMQEndpointInterface] Protocol v4: Right hand joints set: [0.0000, -0.0027, 0.0000, 0.0000, 0.0000, 0.0000, 0.0000]
[ZMQEndpointInterface] Received ZMQ message - topic: 'pose', protocol_version: 4, num_fields: 4, total_size: 4 buffers
[ZMQEndpointInterface] *** Starting ZMQ processing ***
[ZMQEndpointInterface] Protocol version: 4
[ZMQEndpointInterface] Protocol v4: Received 64D token (latent action), tokens[0]=0.0519, frame_index: 109
[ZMQEndpointInterface] Protocol v4: Left hand joints set: [0.0000, 0.0000, 0.0068, 0.0000, 0.0000, 0.0000, 0.0000]
[ZMQEndpointInterface] Protocol v4: Right hand joints set: [0.0000, -0.0055, 0.0000, 0.0000, 0.0000, 0.0000, 0.0000]
[ZMQEndpointInterface] Received ZMQ message - topic: 'pose', protocol_version: 4, num_fields: 4, total_size: 4 buffers
[ZMQEndpointInterface] *** Starting ZMQ processing ***
[ZMQEndpointInterface] Protocol version: 4
[ZMQEndpointInterface] Protocol v4: Received 64D token (latent action), tokens[0]=0.0549, frame_index: 110
[ZMQEndpointInterface] Protocol v4: Left hand joints set: [0.0000, 0.0000, 0.0055, -0.0020, 0.0000, 0.0000, 0.0000]
[ZMQEndpointInterface] Protocol v4: Right hand joints set: [0.0000, 0.0000, -0.0014, 0.0000, 0.0000, 0.0000, 0.0000]
[ZMQEndpointInterface] Received ZMQ message - topic: 'pose', protocol_version: 4, num_fields: 4, total_size: 4 buffers
[ZMQEndpointInterface] *** Starting ZMQ processing ***
[ZMQEndpointInterface] Protocol version: 4
[ZMQEndpointInterface] Protocol v4: Received 64D token (latent action), tokens[0]=0.0570, frame_index: 111
[ZMQEndpointInterface] Protocol v4: Left hand joints set: [0.0000, 0.0000, 0.0068, -0.0020, 0.0000, 0.0000, 0.0000]
[ZMQEndpointInterface] Protocol v4: Right hand joints set: [0.0000, -0.0082, -0.0027, 0.0000, 0.0088, 0.0078, 0.0000]
[ZMQEndpointInterface] Received ZMQ message - topic: 'pose', protocol_version: 4, num_fields: 4, total_size: 4 buffers
[ZMQEndpointInterface] *** Starting ZMQ processing ***
[ZMQEndpointInterface] Protocol version: 4
[ZMQEndpointInterface] Protocol v4: Received 64D token (latent action), tokens[0]=0.0562, frame_index: 112
[ZMQEndpointInterface] Protocol v4: Left hand joints set: [0.0000, 0.0000, 0.0014, 0.0000, 0.0000, 0.0000, -0.0059]
[ZMQEndpointInterface] Protocol v4: Right hand joints set: [0.0000, -0.0068, 0.0000, 0.0000, 0.0000, 0.0000, 0.0000]
[ZMQEndpointInterface] Received ZMQ message - topic: 'pose', protocol_version: 4, num_fields: 4, total_size: 4 buffers
[ZMQEndpointInterface] *** Starting ZMQ processing ***
[ZMQEndpointInterface] Protocol version: 4
[ZMQEndpointInterface] Protocol v4: Received 64D token (latent action), tokens[0]=0.0559, frame_index: 113
[ZMQEndpointInterface] Protocol v4: Left hand joints set: [0.0000, 0.0000, 0.0041, 0.0000, -0.0059, 0.0000, -0.0117]
[ZMQEndpointInterface] Protocol v4: Right hand joints set: [0.0000, 0.0000, 0.0000, 0.0000, 0.0029, 0.0000, 0.0000]
[ZMQEndpointInterface] Received ZMQ message - topic: 'pose', protocol_version: 4, num_fields: 4, total_size: 4 buffers
[ZMQEndpointInterface] *** Starting ZMQ processing ***
[ZMQEndpointInterface] Protocol version: 4
[ZMQEndpointInterface] Protocol v4: Received 64D token (latent action), tokens[0]=0.0540, frame_index: 114
[ZMQEndpointInterface] Protocol v4: Left hand joints set: [0.0000, 0.0000, 0.0055, 0.0000, -0.0029, 0.0000, -0.0059]
[ZMQEndpointInterface] Protocol v4: Right hand joints set: [0.0000, -0.0055, -0.0027, 0.0020, 0.0000, 0.0000, 0.0000]
[ZMQEndpointInterface] Received ZMQ message - topic: 'pose', protocol_version: 4, num_fields: 4, total_size: 4 buffers
[ZMQEndpointInterface] *** Starting ZMQ processing ***
[ZMQEndpointInterface] Protocol version: 4
[ZMQEndpointInterface] Protocol v4: Received 64D token (latent action), tokens[0]=0.0553, frame_index: 115
[ZMQEndpointInterface] Protocol v4: Left hand joints set: [0.0000, 0.0000, 0.0055, -0.0020, -0.0117, 0.0000, 0.0000]
[ZMQEndpointInterface] Protocol v4: Right hand joints set: [0.0000, -0.0027, -0.0041, 0.0000, 0.0088, 0.0020, 0.0059]
[ZMQEndpointInterface] Received ZMQ message - topic: 'pose', protocol_version: 4, num_fields: 4, total_size: 4 buffers
[ZMQEndpointInterface] *** Starting ZMQ processing ***
[ZMQEndpointInterface] Protocol version: 4
[ZMQEndpointInterface] Protocol v4: Received 64D token (latent action), tokens[0]=0.0566, frame_index: 116
[ZMQEndpointInterface] Protocol v4: Left hand joints set: [0.0000, 0.0000, 0.0055, 0.0000, -0.0029, 0.0000, -0.0117]
[ZMQEndpointInterface] Protocol v4: Right hand joints set: [0.0000, -0.0055, -0.0014, 0.0000, 0.0176, 0.0000, 0.0234]
[ZMQEndpointInterface] Received ZMQ message - topic: 'pose', protocol_version: 4, num_fields: 4, total_size: 4 buffers
[ZMQEndpointInterface] *** Starting ZMQ processing ***
[ZMQEndpointInterface] Protocol version: 4
[ZMQEndpointInterface] Protocol v4: Received 64D token (latent action), tokens[0]=0.0331, frame_index: 117
[ZMQEndpointInterface] Protocol v4: Left hand joints set: [0.0000, 0.0000, 0.0000, -0.0039, 0.0000, 0.0000, 0.0000]
[ZMQEndpointInterface] Protocol v4: Right hand joints set: [0.0000, -0.0137, -0.0068, 0.0039, 0.0059, 0.0078, 0.0059]
[ZMQEndpointInterface] Received ZMQ message - topic: 'pose', protocol_version: 4, num_fields: 4, total_size: 4 buffers
[ZMQEndpointInterface] *** Starting ZMQ processing ***
[ZMQEndpointInterface] Protocol version: 4
[ZMQEndpointInterface] Protocol v4: Received 64D token (latent action), tokens[0]=0.0271, frame_index: 118
[ZMQEndpointInterface] Protocol v4: Left hand joints set: [0.0000, 0.0027, 0.0000, -0.0039, 0.0000, 0.0000, 0.0000]
[ZMQEndpointInterface] Protocol v4: Right hand joints set: [0.0000, -0.0123, 0.0000, 0.0000, 0.0059, 0.0117, 0.0117]
[ZMQEndpointInterface] Received ZMQ message - topic: 'pose', protocol_version: 4, num_fields: 4, total_size: 4 buffers
[ZMQEndpointInterface] *** Starting ZMQ processing ***
[ZMQEndpointInterface] Protocol version: 4
[ZMQEndpointInterface] Protocol v4: Received 64D token (latent action), tokens[0]=0.0267, frame_index: 119
[ZMQEndpointInterface] Protocol v4: Left hand joints set: [0.0000, 0.0000, 0.0027, 0.0000, 0.0000, 0.0000, 0.0000]
[ZMQEndpointInterface] Protocol v4: Right hand joints set: [0.0000, -0.0096, -0.0055, 0.0098, 0.0146, 0.0059, 0.0117]
[ZMQEndpointInterface] Received ZMQ message - topic: 'pose', protocol_version: 4, num_fields: 4, total_size: 4 buffers
[ZMQEndpointInterface] *** Starting ZMQ processing ***
[ZMQEndpointInterface] Protocol version: 4
[ZMQEndpointInterface] Protocol v4: Received 64D token (latent action), tokens[0]=0.0275, frame_index: 120
[ZMQEndpointInterface] Protocol v4: Left hand joints set: [0.0000, 0.0000, 0.0000, -0.0117, 0.0000, 0.0000, 0.0000]
[ZMQEndpointInterface] Protocol v4: Right hand joints set: [0.0000, -0.0096, -0.0068, 0.0078, 0.0059, 0.0000, 0.0117]
[ZMQEndpointInterface] Received ZMQ message - topic: 'pose', protocol_version: 4, num_fields: 4, total_size: 4 buffers
[ZMQEndpointInterface] *** Starting ZMQ processing ***
[ZMQEndpointInterface] Protocol version: 4
[ZMQEndpointInterface] Protocol v4: Received 64D token (latent action), tokens[0]=0.0267, frame_index: 121
[ZMQEndpointInterface] Protocol v4: Left hand joints set: [0.0000, 0.0000, 0.0014, -0.0059, 0.0000, 0.0000, 0.0000]
[ZMQEndpointInterface] Protocol v4: Right hand joints set: [0.0000, -0.0082, -0.0027, 0.0020, 0.0117, 0.0078, 0.0176]
[ZMQEndpointInterface] Received ZMQ message - topic: 'pose', protocol_version: 4, num_fields: 4, total_size: 4 buffers
[ZMQEndpointInterface] *** Starting ZMQ processing ***
[ZMQEndpointInterface] Protocol version: 4
[ZMQEndpointInterface] Protocol v4: Received 64D token (latent action), tokens[0]=0.0258, frame_index: 122
[ZMQEndpointInterface] Protocol v4: Left hand joints set: [0.0000, 0.0041, 0.0041, 0.0000, 0.0000, 0.0000, 0.0000]
[ZMQEndpointInterface] Protocol v4: Right hand joints set: [0.0000, -0.0055, -0.0055, 0.0098, 0.0117, 0.0117, 0.0059]
[ZMQEndpointInterface] Received ZMQ message - topic: 'pose', protocol_version: 4, num_fields: 4, total_size: 4 buffers
[ZMQEndpointInterface] *** Starting ZMQ processing ***
[ZMQEndpointInterface] Protocol version: 4
[ZMQEndpointInterface] Protocol v4: Received 64D token (latent action), tokens[0]=0.0258, frame_index: 123
[ZMQEndpointInterface] Protocol v4: Left hand joints set: [0.0000, 0.0000, 0.0000, 0.0000, 0.0000, 0.0000, 0.0000]
[ZMQEndpointInterface] Protocol v4: Right hand joints set: [0.0000, -0.0109, -0.0068, 0.0039, 0.0059, 0.0098, 0.0029]
[ZMQEndpointInterface] Received ZMQ message - topic: 'pose', protocol_version: 4, num_fields: 4, total_size: 4 buffers
[ZMQEndpointInterface] *** Starting ZMQ processing ***
[ZMQEndpointInterface] Protocol version: 4
[ZMQEndpointInterface] Protocol v4: Received 64D token (latent action), tokens[0]=0.0250, frame_index: 124
[ZMQEndpointInterface] Protocol v4: Left hand joints set: [0.0000, 0.0055, 0.0000, 0.0000, 0.0000, 0.0000, 0.0000]
[ZMQEndpointInterface] Protocol v4: Right hand joints set: [0.0000, -0.0109, -0.0027, 0.0059, 0.0117, 0.0059, 0.0088]
[ZMQEndpointInterface] Received ZMQ message - topic: 'pose', protocol_version: 4, num_fields: 4, total_size: 4 buffers
[ZMQEndpointInterface] *** Starting ZMQ processing ***
[ZMQEndpointInterface] Protocol version: 4
[ZMQEndpointInterface] Protocol v4: Received 64D token (latent action), tokens[0]=0.0250, frame_index: 125
[ZMQEndpointInterface] Protocol v4: Left hand joints set: [0.0000, 0.0014, 0.0014, 0.0000, 0.0000, 0.0000, 0.0000]
[ZMQEndpointInterface] Protocol v4: Right hand joints set: [0.0000, -0.0082, -0.0027, 0.0039, 0.0117, 0.0000, 0.0059]
[ZMQEndpointInterface] Received ZMQ message - topic: 'pose', protocol_version: 4, num_fields: 4, total_size: 4 buffers
[ZMQEndpointInterface] *** Starting ZMQ processing ***
[ZMQEndpointInterface] Protocol version: 4
[ZMQEndpointInterface] Protocol v4: Received 64D token (latent action), tokens[0]=0.0275, frame_index: 126
[ZMQEndpointInterface] Protocol v4: Left hand joints set: [0.0000, 0.0055, 0.0014, 0.0000, 0.0000, 0.0000, 0.0000]
[ZMQEndpointInterface] Protocol v4: Right hand joints set: [0.0000, -0.0109, -0.0027, 0.0059, 0.0088, 0.0059, 0.0088]
Loop timing - LowState age: 3.7680ms, Streaming data mean delay: 10.3203ms, Streaming data std delay: 7.6198ms, IMU age: 3.7850ms, Obs: 99us, Policy: 608us, Obs 2 Motor Command: 708us, Post processing: 24us | HandCloseRatio: 1.0000
[ZMQEndpointInterface] Received ZMQ message - topic: 'pose', protocol_version: 4, num_fields: 4, total_size: 4 buffers
[ZMQEndpointInterface] *** Starting ZMQ processing ***
[ZMQEndpointInterface] Protocol version: 4
[ZMQEndpointInterface] Protocol v4: Received 64D token (latent action), tokens[0]=0.0245, frame_index: 127
[ZMQEndpointInterface] Protocol v4: Left hand joints set: [0.0000, 0.0000, 0.0000, 0.0000, -0.0029, 0.0000, 0.0000]
[ZMQEndpointInterface] Protocol v4: Right hand joints set: [0.0000, -0.0055, -0.0027, 0.0000, 0.0059, 0.0039, 0.0000]
[ZMQEndpointInterface] Received ZMQ message - topic: 'pose', protocol_version: 4, num_fields: 4, total_size: 4 buffers
[ZMQEndpointInterface] *** Starting ZMQ processing ***
[ZMQEndpointInterface] Protocol version: 4
[ZMQEndpointInterface] Protocol v4: Received 64D token (latent action), tokens[0]=0.0262, frame_index: 128
[ZMQEndpointInterface] Protocol v4: Left hand joints set: [0.0000, 0.0027, 0.0027, 0.0000, -0.0059, 0.0000, 0.0000]
[ZMQEndpointInterface] Protocol v4: Right hand joints set: [0.0000, -0.0137, -0.0041, 0.0098, 0.0117, 0.0020, 0.0059]
[ZMQEndpointInterface] Received ZMQ message - topic: 'pose', protocol_version: 4, num_fields: 4, total_size: 4 buffers
[ZMQEndpointInterface] *** Starting ZMQ processing ***
[ZMQEndpointInterface] Protocol version: 4
[ZMQEndpointInterface] Protocol v4: Received 64D token (latent action), tokens[0]=0.0284, frame_index: 129
[ZMQEndpointInterface] Protocol v4: Left hand joints set: [0.0000, 0.0014, 0.0027, -0.0039, -0.0059, 0.0000, 0.0000]
[ZMQEndpointInterface] Protocol v4: Right hand joints set: [0.0000, -0.0109, -0.0027, 0.0078, 0.0117, 0.0000, 0.0117]
[ZMQEndpointInterface] Received ZMQ message - topic: 'pose', protocol_version: 4, num_fields: 4, total_size: 4 buffers
[ZMQEndpointInterface] *** Starting ZMQ processing ***
[ZMQEndpointInterface] Protocol version: 4
[ZMQEndpointInterface] Protocol v4: Received 64D token (latent action), tokens[0]=0.0322, frame_index: 130
[ZMQEndpointInterface] Protocol v4: Left hand joints set: [0.0000, 0.0014, 0.0000, 0.0000, -0.0059, 0.0000, 0.0000]
[ZMQEndpointInterface] Protocol v4: Right hand joints set: [0.0000, -0.0109, -0.0068, 0.0078, 0.0088, 0.0039, 0.0117]
[ZMQEndpointInterface] Received ZMQ message - topic: 'pose', protocol_version: 4, num_fields: 4, total_size: 4 buffers
[ZMQEndpointInterface] *** Starting ZMQ processing ***
[ZMQEndpointInterface] Protocol version: 4
[ZMQEndpointInterface] Protocol v4: Received 64D token (latent action), tokens[0]=0.0314, frame_index: 131
[ZMQEndpointInterface] Protocol v4: Left hand joints set: [0.0000, 0.0027, 0.0014, 0.0000, 0.0000, 0.0000, 0.0000]
[ZMQEndpointInterface] Protocol v4: Right hand joints set: [0.0000, -0.0109, -0.0041, 0.0039, 0.0117, 0.0059, 0.0146]
[ZMQEndpointInterface] Received ZMQ message - topic: 'pose', protocol_version: 4, num_fields: 4, total_size: 4 buffers
[ZMQEndpointInterface] *** Starting ZMQ processing ***
[ZMQEndpointInterface] Protocol version: 4
[ZMQEndpointInterface] Protocol v4: Received 64D token (latent action), tokens[0]=0.0322, frame_index: 132
[ZMQEndpointInterface] Protocol v4: Left hand joints set: [0.0000, 0.0000, 0.0027, -0.0039, 0.0000, 0.0000, 0.0000]
[ZMQEndpointInterface] Protocol v4: Right hand joints set: [0.0000, -0.0096, -0.0041, 0.0098, 0.0117, 0.0020, 0.0029]
[ZMQEndpointInterface] Received ZMQ message - topic: 'pose', protocol_version: 4, num_fields: 4, total_size: 4 buffers
[ZMQEndpointInterface] *** Starting ZMQ processing ***
[ZMQEndpointInterface] Protocol version: 4
[ZMQEndpointInterface] Protocol v4: Received 64D token (latent action), tokens[0]=0.0335, frame_index: 133
[ZMQEndpointInterface] Protocol v4: Left hand joints set: [0.0000, 0.0027, 0.0027, 0.0000, 0.0000, 0.0000, 0.0000]
[ZMQEndpointInterface] Protocol v4: Right hand joints set: [0.0000, -0.0096, -0.0082, 0.0078, 0.0146, 0.0098, 0.0029]
[ZMQEndpointInterface] Received ZMQ message - topic: 'pose', protocol_version: 4, num_fields: 4, total_size: 4 buffers
[ZMQEndpointInterface] *** Starting ZMQ processing ***
[ZMQEndpointInterface] Protocol version: 4
[ZMQEndpointInterface] Protocol v4: Received 64D token (latent action), tokens[0]=0.0356, frame_index: 134
[ZMQEndpointInterface] Protocol v4: Left hand joints set: [0.0000, 0.0068, 0.0041, 0.0000, 0.0000, 0.0000, 0.0000]
[ZMQEndpointInterface] Protocol v4: Right hand joints set: [0.0000, -0.0109, -0.0027, 0.0078, 0.0059, 0.0078, 0.0088]
[ZMQEndpointInterface] Received ZMQ message - topic: 'pose', protocol_version: 4, num_fields: 4, total_size: 4 buffers
[ZMQEndpointInterface] *** Starting ZMQ processing ***
[ZMQEndpointInterface] Protocol version: 4
[ZMQEndpointInterface] Protocol v4: Received 64D token (latent action), tokens[0]=0.0356, frame_index: 135
[ZMQEndpointInterface] Protocol v4: Left hand joints set: [0.0000, 0.0027, 0.0041, 0.0000, 0.0000, 0.0000, 0.0000]
[ZMQEndpointInterface] Protocol v4: Right hand joints set: [0.0000, -0.0055, -0.0041, 0.0117, 0.0059, 0.0078, 0.0059]
[ZMQEndpointInterface] Received ZMQ message - topic: 'pose', protocol_version: 4, num_fields: 4, total_size: 4 buffers
[ZMQEndpointInterface] *** Starting ZMQ processing ***
[ZMQEndpointInterface] Protocol version: 4
[ZMQEndpointInterface] Protocol v4: Received 64D token (latent action), tokens[0]=0.0356, frame_index: 136
[ZMQEndpointInterface] Protocol v4: Left hand joints set: [0.0000, 0.0000, 0.0000, 0.0000, 0.0000, 0.0000, 0.0000]
[ZMQEndpointInterface] Protocol v4: Right hand joints set: [0.0000, -0.0082, -0.0014, 0.0078, 0.0059, 0.0020, 0.0029]
[ZMQEndpointInterface] Received ZMQ message - topic: 'pose', protocol_version: 4, num_fields: 4, total_size: 4 buffers
[ZMQEndpointInterface] *** Starting ZMQ processing ***
[ZMQEndpointInterface] Protocol version: 4
[ZMQEndpointInterface] Protocol v4: Received 64D token (latent action), tokens[0]=0.0365, frame_index: 137
[ZMQEndpointInterface] Protocol v4: Left hand joints set: [0.0000, 0.0027, 0.0014, 0.0000, 0.0000, 0.0000, 0.0000]
[ZMQEndpointInterface] Protocol v4: Right hand joints set: [0.0000, -0.0082, -0.0055, 0.0156, 0.0117, 0.0059, 0.0117]
[ZMQEndpointInterface] Received ZMQ message - topic: 'pose', protocol_version: 4, num_fields: 4, total_size: 4 buffers
[ZMQEndpointInterface] *** Starting ZMQ processing ***
[ZMQEndpointInterface] Protocol version: 4
[ZMQEndpointInterface] Protocol v4: Received 64D token (latent action), tokens[0]=0.0386, frame_index: 138
[ZMQEndpointInterface] Protocol v4: Left hand joints set: [0.0000, 0.0041, 0.0000, 0.0000, 0.0000, 0.0000, 0.0000]
[ZMQEndpointInterface] Protocol v4: Right hand joints set: [0.0000, -0.0082, -0.0027, 0.0117, 0.0117, 0.0039, 0.0059]
[ZMQEndpointInterface] Received ZMQ message - topic: 'pose', protocol_version: 4, num_fields: 4, total_size: 4 buffers
[ZMQEndpointInterface] *** Starting ZMQ processing ***
[ZMQEndpointInterface] Protocol version: 4
[ZMQEndpointInterface] Protocol v4: Received 64D token (latent action), tokens[0]=0.0344, frame_index: 139
[ZMQEndpointInterface] Protocol v4: Left hand joints set: [0.0000, 0.0000, 0.0055, 0.0000, 0.0000, 0.0000, 0.0000]
[ZMQEndpointInterface] Protocol v4: Right hand joints set: [0.0000, -0.0109, -0.0027, 0.0117, 0.0117, 0.0020, 0.0029]
[ZMQEndpointInterface] Received ZMQ message - topic: 'pose', protocol_version: 4, num_fields: 4, total_size: 4 buffers
[ZMQEndpointInterface] *** Starting ZMQ processing ***
[ZMQEndpointInterface] Protocol version: 4
[ZMQEndpointInterface] Protocol v4: Received 64D token (latent action), tokens[0]=0.0327, frame_index: 140
[ZMQEndpointInterface] Protocol v4: Left hand joints set: [0.0000, 0.0014, 0.0000, 0.0000, 0.0000, 0.0000, 0.0000]
[ZMQEndpointInterface] Protocol v4: Right hand joints set: [0.0000, -0.0123, -0.0027, 0.0078, 0.0146, 0.0000, 0.0029]
[ZMQEndpointInterface] Received ZMQ message - topic: 'pose', protocol_version: 4, num_fields: 4, total_size: 4 buffers
[ZMQEndpointInterface] *** Starting ZMQ processing ***
[ZMQEndpointInterface] Protocol version: 4
[ZMQEndpointInterface] Protocol v4: Received 64D token (latent action), tokens[0]=0.0322, frame_index: 141
[ZMQEndpointInterface] Protocol v4: Left hand joints set: [0.0000, 0.0000, 0.0000, 0.0000, 0.0000, 0.0000, 0.0000]
[ZMQEndpointInterface] Protocol v4: Right hand joints set: [0.0000, -0.0123, -0.0014, 0.0137, 0.0117, 0.0020, 0.0059]
[ZMQEndpointInterface] Received ZMQ message - topic: 'pose', protocol_version: 4, num_fields: 4, total_size: 4 buffers
[ZMQEndpointInterface] *** Starting ZMQ processing ***
[ZMQEndpointInterface] Protocol version: 4
[ZMQEndpointInterface] Protocol v4: Received 64D token (latent action), tokens[0]=0.0322, frame_index: 142
[ZMQEndpointInterface] Protocol v4: Left hand joints set: [0.0000, 0.0027, 0.0068, 0.0000, 0.0000, 0.0000, 0.0000]
[ZMQEndpointInterface] Protocol v4: Right hand joints set: [0.0000, -0.0123, -0.0055, 0.0117, 0.0176, 0.0020, 0.0088]
[ZMQEndpointInterface] Received ZMQ message - topic: 'pose', protocol_version: 4, num_fields: 4, total_size: 4 buffers
[ZMQEndpointInterface] *** Starting ZMQ processing ***
[ZMQEndpointInterface] Protocol version: 4
[ZMQEndpointInterface] Protocol v4: Received 64D token (latent action), tokens[0]=0.0297, frame_index: 143
[ZMQEndpointInterface] Protocol v4: Left hand joints set: [0.0000, 0.0027, 0.0041, 0.0000, -0.0059, 0.0000, 0.0000]
[ZMQEndpointInterface] Protocol v4: Right hand joints set: [0.0000, -0.0164, -0.0027, 0.0156, 0.0059, 0.0000, 0.0117]
[ZMQEndpointInterface] Received ZMQ message - topic: 'pose', protocol_version: 4, num_fields: 4, total_size: 4 buffers
[ZMQEndpointInterface] *** Starting ZMQ processing ***
[ZMQEndpointInterface] Protocol version: 4
[ZMQEndpointInterface] Protocol v4: Received 64D token (latent action), tokens[0]=0.0356, frame_index: 144
[ZMQEndpointInterface] Protocol v4: Left hand joints set: [0.0000, 0.0014, 0.0000, 0.0000, -0.0059, -0.0020, 0.0000]
[ZMQEndpointInterface] Protocol v4: Right hand joints set: [0.0000, -0.0164, -0.0055, 0.0137, 0.0146, 0.0078, 0.0029]
[ZMQEndpointInterface] Received ZMQ message - topic: 'pose', protocol_version: 4, num_fields: 4, total_size: 4 buffers
[ZMQEndpointInterface] *** Starting ZMQ processing ***
[ZMQEndpointInterface] Protocol version: 4
[ZMQEndpointInterface] Protocol v4: Received 64D token (latent action), tokens[0]=0.0378, frame_index: 145
[ZMQEndpointInterface] Protocol v4: Left hand joints set: [0.0000, 0.0000, 0.0000, 0.0000, 0.0000, 0.0000, 0.0000]
[ZMQEndpointInterface] Protocol v4: Right hand joints set: [0.0000, -0.0137, -0.0082, 0.0195, 0.0176, 0.0078, 0.0146]
[ZMQEndpointInterface] Received ZMQ message - topic: 'pose', protocol_version: 4, num_fields: 4, total_size: 4 buffers
[ZMQEndpointInterface] *** Starting ZMQ processing ***
[ZMQEndpointInterface] Protocol version: 4
[ZMQEndpointInterface] Protocol v4: Received 64D token (latent action), tokens[0]=0.0382, frame_index: 146
[ZMQEndpointInterface] Protocol v4: Left hand joints set: [0.0000, 0.0000, 0.0000, 0.0000, 0.0000, 0.0000, -0.0059]
[ZMQEndpointInterface] Protocol v4: Right hand joints set: [0.0000, -0.0164, -0.0041, 0.0176, 0.0176, 0.0078, 0.0000]
[ZMQEndpointInterface] Received ZMQ message - topic: 'pose', protocol_version: 4, num_fields: 4, total_size: 4 buffers
[ZMQEndpointInterface] *** Starting ZMQ processing ***
[ZMQEndpointInterface] Protocol version: 4
[ZMQEndpointInterface] Protocol v4: Received 64D token (latent action), tokens[0]=0.0382, frame_index: 147
[ZMQEndpointInterface] Protocol v4: Left hand joints set: [0.0000, 0.0000, 0.0000, 0.0000, -0.0088, 0.0000, 0.0000]
[ZMQEndpointInterface] Protocol v4: Right hand joints set: [0.0000, -0.0109, -0.0068, 0.0215, 0.0176, 0.0117, 0.0000]
[ZMQEndpointInterface] Received ZMQ message - topic: 'pose', protocol_version: 4, num_fields: 4, total_size: 4 buffers
[ZMQEndpointInterface] *** Starting ZMQ processing ***
[ZMQEndpointInterface] Protocol version: 4
[ZMQEndpointInterface] Protocol v4: Received 64D token (latent action), tokens[0]=0.0414, frame_index: 148
[ZMQEndpointInterface] Protocol v4: Left hand joints set: [0.0000, 0.0000, 0.0000, 0.0000, 0.0000, 0.0000, -0.0059]
[ZMQEndpointInterface] Protocol v4: Right hand joints set: [0.0000, -0.0164, -0.0082, 0.0195, 0.0117, 0.0059, 0.0029]
[ZMQEndpointInterface] Received ZMQ message - topic: 'pose', protocol_version: 4, num_fields: 4, total_size: 4 buffers
[ZMQEndpointInterface] *** Starting ZMQ processing ***
[ZMQEndpointInterface] Protocol version: 4
[ZMQEndpointInterface] Protocol v4: Received 64D token (latent action), tokens[0]=0.0393, frame_index: 149
[ZMQEndpointInterface] Protocol v4: Left hand joints set: [0.0000, 0.0027, 0.0000, 0.0000, 0.0000, 0.0000, 0.0000]
[ZMQEndpointInterface] Protocol v4: Right hand joints set: [0.0000, -0.0178, -0.0041, 0.0273, 0.0117, 0.0137, 0.0000]
Temporary motion completed.
Reset to frame 0.
[ZMQEndpointInterface] Received ZMQ message - topic: 'pose', protocol_version: 4, num_fields: 4, total_size: 4 buffers
[ZMQEndpointInterface] *** Starting ZMQ processing ***
[ZMQEndpointInterface] Protocol version: 4
[ZMQEndpointInterface] Protocol v4: Received 64D token (latent action), tokens[0]=0.0378, frame_index: 150
[ZMQEndpointInterface] Protocol v4: Left hand joints set: [0.0000, 0.0014, 0.0000, 0.0000, 0.0000, 0.0000, 0.0000]
[ZMQEndpointInterface] Protocol v4: Right hand joints set: [0.0000, -0.0137, -0.0055, 0.0117, 0.0117, 0.0020, 0.0000]
[Token Flow] Copied external tokens, tokens[0]=0.0378
Reset heading state to 0.9914, -0.0007, -0.0453, 0.1224
Reset delta heading to 0
Reset init reference data root rotation to current frame: 0.9997, -0.0016, -0.0224, -0.0042
**********************************************************
Reference motion name: temporary_motion
**********************************************************
[ZMQEndpointInterface] Received ZMQ message - topic: 'pose', protocol_version: 4, num_fields: 4, total_size: 4 buffers
[ZMQEndpointInterface] *** Starting ZMQ processing ***
[ZMQEndpointInterface] Protocol version: 4
[ZMQEndpointInterface] Protocol v4: Received 64D token (latent action), tokens[0]=0.0382, frame_index: 151
[ZMQEndpointInterface] Protocol v4: Left hand joints set: [0.0000, 0.0000, 0.0000, 0.0000, -0.0029, 0.0000, 0.0000]
[ZMQEndpointInterface] Protocol v4: Right hand joints set: [0.0000, -0.0150, -0.0055, 0.0254, 0.0176, 0.0039, 0.0000]
[ZMQEndpointInterface] Received ZMQ message - topic: 'pose', protocol_version: 4, num_fields: 4, total_size: 4 buffers
[ZMQEndpointInterface] *** Starting ZMQ processing ***
[ZMQEndpointInterface] Protocol version: 4
[ZMQEndpointInterface] Protocol v4: Received 64D token (latent action), tokens[0]=0.0386, frame_index: 152
[ZMQEndpointInterface] Protocol v4: Left hand joints set: [0.0000, 0.0000, 0.0000, 0.0000, 0.0000, 0.0000, 0.0000]
[ZMQEndpointInterface] Protocol v4: Right hand joints set: [0.0000, -0.0178, -0.0027, 0.0156, 0.0117, 0.0000, 0.0000]
[ZMQEndpointInterface] Received ZMQ message - topic: 'pose', protocol_version: 4, num_fields: 4, total_size: 4 buffers
[ZMQEndpointInterface] *** Starting ZMQ processing ***
[ZMQEndpointInterface] Protocol version: 4
[ZMQEndpointInterface] Protocol v4: Received 64D token (latent action), tokens[0]=0.0391, frame_index: 153
[ZMQEndpointInterface] Protocol v4: Left hand joints set: [0.0000, 0.0000, 0.0000, 0.0000, 0.0000, 0.0000, 0.0000]
[ZMQEndpointInterface] Protocol v4: Right hand joints set: [0.0000, -0.0137, -0.0068, 0.0156, 0.0234, 0.0059, 0.0059]
[ZMQEndpointInterface] Received ZMQ message - topic: 'pose', protocol_version: 4, num_fields: 4, total_size: 4 buffers
[ZMQEndpointInterface] *** Starting ZMQ processing ***
[ZMQEndpointInterface] Protocol version: 4
[ZMQEndpointInterface] Protocol v4: Received 64D token (latent action), tokens[0]=0.0382, frame_index: 154
[ZMQEndpointInterface] Protocol v4: Left hand joints set: [0.0000, 0.0000, 0.0000, 0.0000, 0.0000, 0.0000, -0.0059]
[ZMQEndpointInterface] Protocol v4: Right hand joints set: [0.0000, -0.0137, -0.0027, 0.0176, 0.0117, 0.0059, 0.0000]
[ZMQEndpointInterface] Received ZMQ message - topic: 'pose', protocol_version: 4, num_fields: 4, total_size: 4 buffers
[ZMQEndpointInterface] *** Starting ZMQ processing ***
[ZMQEndpointInterface] Protocol version: 4
[ZMQEndpointInterface] Protocol v4: Received 64D token (latent action), tokens[0]=0.0406, frame_index: 155
[ZMQEndpointInterface] Protocol v4: Left hand joints set: [0.0000, 0.0000, 0.0000, 0.0000, 0.0000, 0.0000, 0.0000]
[ZMQEndpointInterface] Protocol v4: Right hand joints set: [0.0000, -0.0137, -0.0041, 0.0195, 0.0117, 0.0039, 0.0088]
[ZMQEndpointInterface] Received ZMQ message - topic: 'pose', protocol_version: 4, num_fields: 4, total_size: 4 buffers
[ZMQEndpointInterface] *** Starting ZMQ processing ***
[ZMQEndpointInterface] Protocol version: 4
[ZMQEndpointInterface] Protocol v4: Received 64D token (latent action), tokens[0]=0.0391, frame_index: 156
[ZMQEndpointInterface] Protocol v4: Left hand joints set: [0.0000, 0.0000, 0.0000, 0.0000, 0.0000, 0.0000, 0.0000]
[ZMQEndpointInterface] Protocol v4: Right hand joints set: [0.0000, -0.0164, -0.0082, 0.0117, 0.0146, 0.0039, 0.0000]
[ZMQEndpointInterface] Received ZMQ message - topic: 'pose', protocol_version: 4, num_fields: 4, total_size: 4 buffers
[ZMQEndpointInterface] *** Starting ZMQ processing ***
[ZMQEndpointInterface] Protocol version: 4
[ZMQEndpointInterface] Protocol v4: Received 64D token (latent action), tokens[0]=0.0374, frame_index: 157
[ZMQEndpointInterface] Protocol v4: Left hand joints set: [0.0000, 0.0041, 0.0000, 0.0000, 0.0000, 0.0000, 0.0000]
[ZMQEndpointInterface] Protocol v4: Right hand joints set: [0.0000, -0.0164, -0.0055, 0.0176, 0.0234, 0.0039, 0.0000]
[ZMQEndpointInterface] Received ZMQ message - topic: 'pose', protocol_version: 4, num_fields: 4, total_size: 4 buffers
[ZMQEndpointInterface] *** Starting ZMQ processing ***
[ZMQEndpointInterface] Protocol version: 4
[ZMQEndpointInterface] Protocol v4: Received 64D token (latent action), tokens[0]=0.0382, frame_index: 158
[ZMQEndpointInterface] Protocol v4: Left hand joints set: [0.0000, 0.0027, 0.0027, -0.0020, 0.0000, 0.0000, -0.0029]
[ZMQEndpointInterface] Protocol v4: Right hand joints set: [0.0000, -0.0314, -0.0219, 0.0391, 0.0469, 0.0234, 0.0264]
[ZMQEndpointInterface] Received ZMQ message - topic: 'pose', protocol_version: 4, num_fields: 4, total_size: 4 buffers
[ZMQEndpointInterface] *** Starting ZMQ processing ***
[ZMQEndpointInterface] Protocol version: 4
[ZMQEndpointInterface] Protocol v4: Received 64D token (latent action), tokens[0]=0.0369, frame_index: 159
[ZMQEndpointInterface] Protocol v4: Left hand joints set: [0.0000, 0.0000, 0.0000, 0.0000, 0.0000, 0.0000, 0.0000]
[ZMQEndpointInterface] Protocol v4: Right hand joints set: [0.0000, -0.0150, -0.0027, 0.0215, 0.0205, 0.0020, 0.0000]
[ZMQEndpointInterface] Received ZMQ message - topic: 'pose', protocol_version: 4, num_fields: 4, total_size: 4 buffers
[ZMQEndpointInterface] *** Starting ZMQ processing ***
[ZMQEndpointInterface] Protocol version: 4
[ZMQEndpointInterface] Protocol v4: Received 64D token (latent action), tokens[0]=0.0378, frame_index: 160
[ZMQEndpointInterface] Protocol v4: Left hand joints set: [0.0000, 0.0014, 0.0000, 0.0000, 0.0000, 0.0000, -0.0059]
[ZMQEndpointInterface] Protocol v4: Right hand joints set: [0.0000, -0.0150, -0.0055, 0.0137, 0.0293, 0.0059, 0.0000]
[ZMQEndpointInterface] Received ZMQ message - topic: 'pose', protocol_version: 4, num_fields: 4, total_size: 4 buffers
[ZMQEndpointInterface] *** Starting ZMQ processing ***
[ZMQEndpointInterface] Protocol version: 4
[ZMQEndpointInterface] Protocol v4: Received 64D token (latent action), tokens[0]=0.0322, frame_index: 161
[ZMQEndpointInterface] Protocol v4: Left hand joints set: [0.0000, 0.0000, 0.0000, 0.0000, 0.0000, 0.0000, -0.0117]
[ZMQEndpointInterface] Protocol v4: Right hand joints set: [0.0000, -0.0150, -0.0027, 0.0195, 0.0234, 0.0117, 0.0000]
[ZMQEndpointInterface] Received ZMQ message - topic: 'pose', protocol_version: 4, num_fields: 4, total_size: 4 buffers
[ZMQEndpointInterface] *** Starting ZMQ processing ***
[ZMQEndpointInterface] Protocol version: 4
[ZMQEndpointInterface] Protocol v4: Received 64D token (latent action), tokens[0]=0.0322, frame_index: 162
[ZMQEndpointInterface] Protocol v4: Left hand joints set: [0.0000, 0.0000, 0.0000, 0.0000, 0.0000, 0.0000, 0.0000]
[ZMQEndpointInterface] Protocol v4: Right hand joints set: [0.0000, -0.0150, -0.0027, 0.0195, 0.0264, 0.0000, 0.0000]
[ZMQEndpointInterface] Received ZMQ message - topic: 'pose', protocol_version: 4, num_fields: 4, total_size: 4 buffers
[ZMQEndpointInterface] *** Starting ZMQ processing ***
[ZMQEndpointInterface] Protocol version: 4
[ZMQEndpointInterface] Protocol v4: Received 64D token (latent action), tokens[0]=0.0335, frame_index: 163
[ZMQEndpointInterface] Protocol v4: Left hand joints set: [0.0000, 0.0000, 0.0000, 0.0000, 0.0000, 0.0000, 0.0000]
[ZMQEndpointInterface] Protocol v4: Right hand joints set: [0.0000, -0.0191, 0.0000, 0.0117, 0.0234, 0.0000, 0.0000]
[ZMQEndpointInterface] Received ZMQ message - topic: 'pose', protocol_version: 4, num_fields: 4, total_size: 4 buffers
[ZMQEndpointInterface] *** Starting ZMQ processing ***
[ZMQEndpointInterface] Protocol version: 4
[ZMQEndpointInterface] Protocol v4: Received 64D token (latent action), tokens[0]=0.0309, frame_index: 164
[ZMQEndpointInterface] Protocol v4: Left hand joints set: [0.0000, 0.0000, 0.0000, 0.0000, -0.0088, 0.0000, 0.0000]
[ZMQEndpointInterface] Protocol v4: Right hand joints set: [0.0000, -0.0164, -0.0082, 0.0215, 0.0322, 0.0156, 0.0088]
[ZMQEndpointInterface] Received ZMQ message - topic: 'pose', protocol_version: 4, num_fields: 4, total_size: 4 buffers
[ZMQEndpointInterface] *** Starting ZMQ processing ***
[ZMQEndpointInterface] Protocol version: 4
[ZMQEndpointInterface] Protocol v4: Received 64D token (latent action), tokens[0]=0.0339, frame_index: 165
[ZMQEndpointInterface] Protocol v4: Left hand joints set: [0.0000, 0.0000, 0.0000, 0.0000, 0.0000, 0.0000, 0.0000]
[ZMQEndpointInterface] Protocol v4: Right hand joints set: [0.0000, -0.0164, -0.0055, 0.0117, 0.0234, 0.0020, 0.0088]
[ZMQEndpointInterface] Received ZMQ message - topic: 'pose', protocol_version: 4, num_fields: 4, total_size: 4 buffers
[ZMQEndpointInterface] *** Starting ZMQ processing ***
[ZMQEndpointInterface] Protocol version: 4
[ZMQEndpointInterface] Protocol v4: Received 64D token (latent action), tokens[0]=0.0331, frame_index: 166
[ZMQEndpointInterface] Protocol v4: Left hand joints set: [0.0000, 0.0000, 0.0000, 0.0000, 0.0000, 0.0000, 0.0000]
[ZMQEndpointInterface] Protocol v4: Right hand joints set: [0.0000, -0.0150, -0.0068, 0.0156, 0.0293, 0.0039, 0.0029]
[ZMQEndpointInterface] Received ZMQ message - topic: 'pose', protocol_version: 4, num_fields: 4, total_size: 4 buffers
[ZMQEndpointInterface] *** Starting ZMQ processing ***
[ZMQEndpointInterface] Protocol version: 4
[ZMQEndpointInterface] Protocol v4: Received 64D token (latent action), tokens[0]=0.0314, frame_index: 167
[ZMQEndpointInterface] Protocol v4: Left hand joints set: [0.0000, 0.0000, 0.0000, 0.0000, 0.0000, 0.0000, 0.0000]
[ZMQEndpointInterface] Protocol v4: Right hand joints set: [0.0000, -0.0137, -0.0041, 0.0156, 0.0293, 0.0156, 0.0000]
[ZMQEndpointInterface] Received ZMQ message - topic: 'pose', protocol_version: 4, num_fields: 4, total_size: 4 buffers
[ZMQEndpointInterface] *** Starting ZMQ processing ***
[ZMQEndpointInterface] Protocol version: 4
[ZMQEndpointInterface] Protocol v4: Received 64D token (latent action), tokens[0]=0.0331, frame_index: 168
[ZMQEndpointInterface] Protocol v4: Left hand joints set: [0.0000, 0.0027, 0.0000, 0.0000, 0.0000, 0.0000, 0.0000]
[ZMQEndpointInterface] Protocol v4: Right hand joints set: [0.0000, -0.0150, -0.0027, 0.0215, 0.0264, 0.0098, 0.0000]
[ZMQEndpointInterface] Received ZMQ message - topic: 'pose', protocol_version: 4, num_fields: 4, total_size: 4 buffers
[ZMQEndpointInterface] *** Starting ZMQ processing ***
[ZMQEndpointInterface] Protocol version: 4
[ZMQEndpointInterface] Protocol v4: Received 64D token (latent action), tokens[0]=0.0297, frame_index: 169
[ZMQEndpointInterface] Protocol v4: Left hand joints set: [0.0000, 0.0027, 0.0000, 0.0000, 0.0000, 0.0000, -0.0059]
[ZMQEndpointInterface] Protocol v4: Right hand joints set: [0.0000, -0.0164, -0.0041, 0.0195, 0.0234, 0.0020, 0.0029]
[ZMQEndpointInterface] Received ZMQ message - topic: 'pose', protocol_version: 4, num_fields: 4, total_size: 4 buffers
[ZMQEndpointInterface] *** Starting ZMQ processing ***
[ZMQEndpointInterface] Protocol version: 4
[ZMQEndpointInterface] Protocol v4: Received 64D token (latent action), tokens[0]=0.0309, frame_index: 170
[ZMQEndpointInterface] Protocol v4: Left hand joints set: [0.0000, 0.0055, 0.0000, 0.0000, 0.0000, 0.0000, 0.0000]
[ZMQEndpointInterface] Protocol v4: Right hand joints set: [0.0000, -0.0123, -0.0014, 0.0156, 0.0264, 0.0117, 0.0000]
[ZMQEndpointInterface] Received ZMQ message - topic: 'pose', protocol_version: 4, num_fields: 4, total_size: 4 buffers
[ZMQEndpointInterface] *** Starting ZMQ processing ***
[ZMQEndpointInterface] Protocol version: 4
[ZMQEndpointInterface] Protocol v4: Received 64D token (latent action), tokens[0]=0.0416, frame_index: 171
[ZMQEndpointInterface] Protocol v4: Left hand joints set: [0.0000, 0.0000, 0.0000, 0.0000, -0.0029, 0.0000, 0.0000]
[ZMQEndpointInterface] Protocol v4: Right hand joints set: [0.0000, -0.0068, -0.0014, 0.0137, 0.0059, 0.0020, 0.0000]
[ZMQEndpointInterface] Received ZMQ message - topic: 'pose', protocol_version: 4, num_fields: 4, total_size: 4 buffers
[ZMQEndpointInterface] *** Starting ZMQ processing ***
[ZMQEndpointInterface] Protocol version: 4
[ZMQEndpointInterface] Protocol v4: Received 64D token (latent action), tokens[0]=0.0446, frame_index: 172
[ZMQEndpointInterface] Protocol v4: Left hand joints set: [0.0000, 0.0014, 0.0000, 0.0000, 0.0000, 0.0000, 0.0000]
[ZMQEndpointInterface] Protocol v4: Right hand joints set: [0.0000, -0.0082, -0.0027, 0.0137, 0.0029, 0.0039, 0.0000]
[ZMQEndpointInterface] Received ZMQ message - topic: 'pose', protocol_version: 4, num_fields: 4, total_size: 4 buffers
[ZMQEndpointInterface] *** Starting ZMQ processing ***
[ZMQEndpointInterface] Protocol version: 4
[ZMQEndpointInterface] Protocol v4: Received 64D token (latent action), tokens[0]=0.0435, frame_index: 173
[ZMQEndpointInterface] Protocol v4: Left hand joints set: [0.0000, 0.0014, 0.0000, 0.0000, -0.0029, 0.0000, 0.0000]
[ZMQEndpointInterface] Protocol v4: Right hand joints set: [0.0000, -0.0109, -0.0041, 0.0117, 0.0000, 0.0117, 0.0000]
[ZMQEndpointInterface] Received ZMQ message - topic: 'pose', protocol_version: 4, num_fields: 4, total_size: 4 buffers
[ZMQEndpointInterface] *** Starting ZMQ processing ***
[ZMQEndpointInterface] Protocol version: 4
[ZMQEndpointInterface] Protocol v4: Received 64D token (latent action), tokens[0]=0.0427, frame_index: 174
[ZMQEndpointInterface] Protocol v4: Left hand joints set: [0.0000, 0.0000, 0.0000, 0.0000, 0.0000, -0.0020, 0.0000]
[ZMQEndpointInterface] Protocol v4: Right hand joints set: [0.0000, -0.0096, -0.0068, 0.0156, 0.0029, 0.0000, 0.0000]
[ZMQEndpointInterface] Received ZMQ message - topic: 'pose', protocol_version: 4, num_fields: 4, total_size: 4 buffers
[ZMQEndpointInterface] *** Starting ZMQ processing ***
[ZMQEndpointInterface] Protocol version: 4
[ZMQEndpointInterface] Protocol v4: Received 64D token (latent action), tokens[0]=0.0455, frame_index: 175
[ZMQEndpointInterface] Protocol v4: Left hand joints set: [0.0000, 0.0082, 0.0068, 0.0000, -0.0088, 0.0000, -0.0088]
[ZMQEndpointInterface] Protocol v4: Right hand joints set: [0.0000, -0.0082, 0.0000, 0.0156, 0.0000, 0.0039, 0.0000]
[ZMQEndpointInterface] Received ZMQ message - topic: 'pose', protocol_version: 4, num_fields: 4, total_size: 4 buffers
[ZMQEndpointInterface] *** Starting ZMQ processing ***
[ZMQEndpointInterface] Protocol version: 4
[ZMQEndpointInterface] Protocol v4: Received 64D token (latent action), tokens[0]=0.0480, frame_index: 176
[ZMQEndpointInterface] Protocol v4: Left hand joints set: [0.0000, 0.0055, 0.0027, 0.0000, 0.0000, 0.0000, 0.0000]
[ZMQEndpointInterface] Protocol v4: Right hand joints set: [0.0000, -0.0109, -0.0014, 0.0137, 0.0000, 0.0039, 0.0000]
Loop timing - LowState age: 2.9370ms, Streaming data mean delay: 10.6292ms, Streaming data std delay: 6.5048ms, IMU age: 2.8980ms, Obs: 60us, Policy: 747us, Obs 2 Motor Command: 808us, Post processing: 28us | HandCloseRatio: 1.0000
[ZMQEndpointInterface] Received ZMQ message - topic: 'pose', protocol_version: 4, num_fields: 4, total_size: 4 buffers
[ZMQEndpointInterface] *** Starting ZMQ processing ***
[ZMQEndpointInterface] Protocol version: 4
[ZMQEndpointInterface] Protocol v4: Received 64D token (latent action), tokens[0]=0.0442, frame_index: 177
[ZMQEndpointInterface] Protocol v4: Left hand joints set: [0.0000, 0.0000, 0.0055, -0.0039, 0.0000, 0.0000, -0.0059]
[ZMQEndpointInterface] Protocol v4: Right hand joints set: [0.0000, -0.0041, -0.0041, 0.0059, 0.0000, 0.0039, 0.0000]
[ZMQEndpointInterface] Received ZMQ message - topic: 'pose', protocol_version: 4, num_fields: 4, total_size: 4 buffers
[ZMQEndpointInterface] *** Starting ZMQ processing ***
[ZMQEndpointInterface] Protocol version: 4
[ZMQEndpointInterface] Protocol v4: Received 64D token (latent action), tokens[0]=0.0465, frame_index: 178
[ZMQEndpointInterface] Protocol v4: Left hand joints set: [0.0000, 0.0000, 0.0000, 0.0000, -0.0059, 0.0000, 0.0000]
[ZMQEndpointInterface] Protocol v4: Right hand joints set: [0.0000, -0.0096, 0.0000, 0.0039, 0.0117, 0.0117, 0.0000]
[ZMQEndpointInterface] Received ZMQ message - topic: 'pose', protocol_version: 4, num_fields: 4, total_size: 4 buffers
[ZMQEndpointInterface] *** Starting ZMQ processing ***
[ZMQEndpointInterface] Protocol version: 4
[ZMQEndpointInterface] Protocol v4: Received 64D token (latent action), tokens[0]=0.0446, frame_index: 179
[ZMQEndpointInterface] Protocol v4: Left hand joints set: [0.0000, 0.0000, 0.0000, 0.0000, 0.0000, 0.0000, -0.0029]
[ZMQEndpointInterface] Protocol v4: Right hand joints set: [0.0000, -0.0109, -0.0014, 0.0078, 0.0029, 0.0000, 0.0000]
[ZMQEndpointInterface] Received ZMQ message - topic: 'pose', protocol_version: 4, num_fields: 4, total_size: 4 buffers
[ZMQEndpointInterface] *** Starting ZMQ processing ***
[ZMQEndpointInterface] Protocol version: 4
[ZMQEndpointInterface] Protocol v4: Received 64D token (latent action), tokens[0]=0.0480, frame_index: 180
[ZMQEndpointInterface] Protocol v4: Left hand joints set: [0.0000, 0.0055, 0.0000, 0.0000, -0.0117, 0.0000, -0.0088]
[ZMQEndpointInterface] Protocol v4: Right hand joints set: [0.0000, 0.0000, -0.0082, 0.0059, 0.0000, 0.0000, 0.0000]
[ZMQEndpointInterface] Received ZMQ message - topic: 'pose', protocol_version: 4, num_fields: 4, total_size: 4 buffers
[ZMQEndpointInterface] *** Starting ZMQ processing ***
[ZMQEndpointInterface] Protocol version: 4
[ZMQEndpointInterface] Protocol v4: Received 64D token (latent action), tokens[0]=0.0433, frame_index: 181
[ZMQEndpointInterface] Protocol v4: Left hand joints set: [0.0000, 0.0014, 0.0000, -0.0020, 0.0000, 0.0000, -0.0146]
[ZMQEndpointInterface] Protocol v4: Right hand joints set: [0.0000, -0.0055, 0.0000, 0.0020, 0.0029, 0.0000, 0.0000]
[ZMQEndpointInterface] Received ZMQ message - topic: 'pose', protocol_version: 4, num_fields: 4, total_size: 4 buffers
[ZMQEndpointInterface] *** Starting ZMQ processing ***
[ZMQEndpointInterface] Protocol version: 4
[ZMQEndpointInterface] Protocol v4: Received 64D token (latent action), tokens[0]=0.0468, frame_index: 182
[ZMQEndpointInterface] Protocol v4: Left hand joints set: [0.0000, 0.0000, 0.0014, 0.0000, -0.0029, 0.0000, 0.0000]
[ZMQEndpointInterface] Protocol v4: Right hand joints set: [0.0000, -0.0041, -0.0041, 0.0098, 0.0000, 0.0000, 0.0000]
[ZMQEndpointInterface] Received ZMQ message - topic: 'pose', protocol_version: 4, num_fields: 4, total_size: 4 buffers
[ZMQEndpointInterface] *** Starting ZMQ processing ***
[ZMQEndpointInterface] Protocol version: 4
[ZMQEndpointInterface] Protocol v4: Received 64D token (latent action), tokens[0]=0.0421, frame_index: 183
[ZMQEndpointInterface] Protocol v4: Left hand joints set: [0.0000, 0.0000, 0.0027, 0.0000, 0.0000, 0.0000, 0.0000]
[ZMQEndpointInterface] Protocol v4: Right hand joints set: [0.0000, -0.0082, -0.0014, 0.0156, 0.0088, 0.0000, 0.0000]
[ZMQEndpointInterface] Received ZMQ message - topic: 'pose', protocol_version: 4, num_fields: 4, total_size: 4 buffers
[ZMQEndpointInterface] *** Starting ZMQ processing ***
[ZMQEndpointInterface] Protocol version: 4
[ZMQEndpointInterface] Protocol v4: Received 64D token (latent action), tokens[0]=0.0431, frame_index: 184
[ZMQEndpointInterface] Protocol v4: Left hand joints set: [0.0000, 0.0000, 0.0082, 0.0000, 0.0000, 0.0000, 0.0000]
[ZMQEndpointInterface] Protocol v4: Right hand joints set: [0.0000, -0.0082, -0.0041, 0.0215, 0.0117, 0.0078, 0.0000]
[ZMQEndpointInterface] Received ZMQ message - topic: 'pose', protocol_version: 4, num_fields: 4, total_size: 4 buffers
[ZMQEndpointInterface] *** Starting ZMQ processing ***
[ZMQEndpointInterface] Protocol version: 4
[ZMQEndpointInterface] Protocol v4: Received 64D token (latent action), tokens[0]=0.0468, frame_index: 185
[ZMQEndpointInterface] Protocol v4: Left hand joints set: [0.0000, 0.0027, 0.0000, 0.0000, -0.0029, 0.0000, -0.0059]
[ZMQEndpointInterface] Protocol v4: Right hand joints set: [0.0000, -0.0055, -0.0027, 0.0117, 0.0059, 0.0000, 0.0000]
[ZMQEndpointInterface] Received ZMQ message - topic: 'pose', protocol_version: 4, num_fields: 4, total_size: 4 buffers
[ZMQEndpointInterface] *** Starting ZMQ processing ***
[ZMQEndpointInterface] Protocol version: 4
[ZMQEndpointInterface] Protocol v4: Received 64D token (latent action), tokens[0]=0.0429, frame_index: 186
[ZMQEndpointInterface] Protocol v4: Left hand joints set: [0.0000, 0.0000, 0.0027, 0.0000, 0.0000, 0.0000, 0.0000]
[ZMQEndpointInterface] Protocol v4: Right hand joints set: [0.0000, -0.0068, -0.0055, 0.0098, 0.0000, 0.0059, 0.0029]
[ZMQEndpointInterface] Received ZMQ message - topic: 'pose', protocol_version: 4, num_fields: 4, total_size: 4 buffers
[ZMQEndpointInterface] *** Starting ZMQ processing ***
[ZMQEndpointInterface] Protocol version: 4
[ZMQEndpointInterface] Protocol v4: Received 64D token (latent action), tokens[0]=0.0438, frame_index: 187
[ZMQEndpointInterface] Protocol v4: Left hand joints set: [0.0000, 0.0000, 0.0041, 0.0000, -0.0088, 0.0000, -0.0029]
[ZMQEndpointInterface] Protocol v4: Right hand joints set: [0.0000, -0.0082, -0.0027, 0.0039, 0.0059, 0.0000, 0.0000]
[ZMQEndpointInterface] Received ZMQ message - topic: 'pose', protocol_version: 4, num_fields: 4, total_size: 4 buffers
[ZMQEndpointInterface] *** Starting ZMQ processing ***
[ZMQEndpointInterface] Protocol version: 4
[ZMQEndpointInterface] Protocol v4: Received 64D token (latent action), tokens[0]=0.0433, frame_index: 188
[ZMQEndpointInterface] Protocol v4: Left hand joints set: [0.0000, 0.0000, 0.0055, 0.0000, -0.0059, 0.0000, -0.0059]
[ZMQEndpointInterface] Protocol v4: Right hand joints set: [0.0000, -0.0096, 0.0000, 0.0117, 0.0000, 0.0000, 0.0000]
[ZMQEndpointInterface] Received ZMQ message - topic: 'pose', protocol_version: 4, num_fields: 4, total_size: 4 buffers
[ZMQEndpointInterface] *** Starting ZMQ processing ***
[ZMQEndpointInterface] Protocol version: 4
[ZMQEndpointInterface] Protocol v4: Received 64D token (latent action), tokens[0]=0.0453, frame_index: 189
[ZMQEndpointInterface] Protocol v4: Left hand joints set: [0.0000, 0.0055, 0.0027, 0.0000, -0.0117, 0.0000, -0.0059]
[ZMQEndpointInterface] Protocol v4: Right hand joints set: [0.0000, -0.0068, 0.0000, 0.0000, 0.0117, 0.0000, 0.0000]
[ZMQEndpointInterface] Received ZMQ message - topic: 'pose', protocol_version: 4, num_fields: 4, total_size: 4 buffers
[ZMQEndpointInterface] *** Starting ZMQ processing ***
[ZMQEndpointInterface] Protocol version: 4
[ZMQEndpointInterface] Protocol v4: Received 64D token (latent action), tokens[0]=0.0455, frame_index: 190
[ZMQEndpointInterface] Protocol v4: Left hand joints set: [0.0000, 0.0000, 0.0000, 0.0000, -0.0029, 0.0000, 0.0000]
[ZMQEndpointInterface] Protocol v4: Right hand joints set: [0.0000, -0.0055, 0.0000, 0.0098, 0.0000, 0.0000, 0.0000]
[ZMQEndpointInterface] Received ZMQ message - topic: 'pose', protocol_version: 4, num_fields: 4, total_size: 4 buffers
[ZMQEndpointInterface] *** Starting ZMQ processing ***
[ZMQEndpointInterface] Protocol version: 4
[ZMQEndpointInterface] Protocol v4: Received 64D token (latent action), tokens[0]=0.0489, frame_index: 191
[ZMQEndpointInterface] Protocol v4: Left hand joints set: [0.0000, 0.0014, 0.0014, 0.0000, -0.0117, 0.0000, -0.0117]
[ZMQEndpointInterface] Protocol v4: Right hand joints set: [0.0000, -0.0055, -0.0041, 0.0176, 0.0088, 0.0000, 0.0000]
[ZMQEndpointInterface] Received ZMQ message - topic: 'pose', protocol_version: 4, num_fields: 4, total_size: 4 buffers
[ZMQEndpointInterface] *** Starting ZMQ processing ***
[ZMQEndpointInterface] Protocol version: 4
[ZMQEndpointInterface] Protocol v4: Received 64D token (latent action), tokens[0]=0.0480, frame_index: 192
[ZMQEndpointInterface] Protocol v4: Left hand joints set: [0.0000, 0.0000, 0.0041, 0.0000, 0.0000, 0.0000, 0.0000]
[ZMQEndpointInterface] Protocol v4: Right hand joints set: [0.0000, -0.0082, 0.0000, 0.0039, 0.0029, 0.0039, 0.0000]
[ZMQEndpointInterface] Received ZMQ message - topic: 'pose', protocol_version: 4, num_fields: 4, total_size: 4 buffers
[ZMQEndpointInterface] *** Starting ZMQ processing ***
[ZMQEndpointInterface] Protocol version: 4
[ZMQEndpointInterface] Protocol v4: Received 64D token (latent action), tokens[0]=0.0485, frame_index: 193
[ZMQEndpointInterface] Protocol v4: Left hand joints set: [0.0000, 0.0055, 0.0082, -0.0039, -0.0117, 0.0000, -0.0117]
[ZMQEndpointInterface] Protocol v4: Right hand joints set: [0.0000, -0.0096, 0.0000, 0.0117, 0.0029, 0.0059, 0.0000]
[ZMQEndpointInterface] Received ZMQ message - topic: 'pose', protocol_version: 4, num_fields: 4, total_size: 4 buffers
[ZMQEndpointInterface] *** Starting ZMQ processing ***
[ZMQEndpointInterface] Protocol version: 4
[ZMQEndpointInterface] Protocol v4: Received 64D token (latent action), tokens[0]=0.0536, frame_index: 194
[ZMQEndpointInterface] Protocol v4: Left hand joints set: [0.0000, 0.0000, 0.0068, 0.0000, 0.0000, 0.0000, -0.0088]
[ZMQEndpointInterface] Protocol v4: Right hand joints set: [0.0000, -0.0082, 0.0000, 0.0156, 0.0029, 0.0039, 0.0000]
[ZMQEndpointInterface] Received ZMQ message - topic: 'pose', protocol_version: 4, num_fields: 4, total_size: 4 buffers
[ZMQEndpointInterface] *** Starting ZMQ processing ***
[ZMQEndpointInterface] Protocol version: 4
[ZMQEndpointInterface] Protocol v4: Received 64D token (latent action), tokens[0]=0.0523, frame_index: 195
[ZMQEndpointInterface] Protocol v4: Left hand joints set: [0.0000, 0.0068, 0.0027, 0.0000, -0.0029, 0.0000, -0.0146]
[ZMQEndpointInterface] Protocol v4: Right hand joints set: [0.0000, -0.0068, 0.0000, 0.0098, 0.0059, 0.0020, 0.0000]
[ZMQEndpointInterface] Received ZMQ message - topic: 'pose', protocol_version: 4, num_fields: 4, total_size: 4 buffers
[ZMQEndpointInterface] *** Starting ZMQ processing ***
[ZMQEndpointInterface] Protocol version: 4
[ZMQEndpointInterface] Protocol v4: Received 64D token (latent action), tokens[0]=0.0551, frame_index: 196
[ZMQEndpointInterface] Protocol v4: Left hand joints set: [0.0000, 0.0055, 0.0014, -0.0020, 0.0000, 0.0000, -0.0117]
[ZMQEndpointInterface] Protocol v4: Right hand joints set: [0.0000, -0.0096, -0.0014, 0.0039, 0.0029, 0.0000, 0.0000]
[ZMQEndpointInterface] Received ZMQ message - topic: 'pose', protocol_version: 4, num_fields: 4, total_size: 4 buffers
[ZMQEndpointInterface] *** Starting ZMQ processing ***
[ZMQEndpointInterface] Protocol version: 4
[ZMQEndpointInterface] Protocol v4: Received 64D token (latent action), tokens[0]=0.0562, frame_index: 197
[ZMQEndpointInterface] Protocol v4: Left hand joints set: [0.0000, 0.0027, 0.0000, 0.0000, -0.0059, 0.0000, -0.0059]
[ZMQEndpointInterface] Protocol v4: Right hand joints set: [0.0000, -0.0082, -0.0068, 0.0117, 0.0029, 0.0000, 0.0000]
[ZMQEndpointInterface] Received ZMQ message - topic: 'pose', protocol_version: 4, num_fields: 4, total_size: 4 buffers
[ZMQEndpointInterface] *** Starting ZMQ processing ***
[ZMQEndpointInterface] Protocol version: 4
[ZMQEndpointInterface] Protocol v4: Received 64D token (latent action), tokens[0]=0.0032, frame_index: 198
[ZMQEndpointInterface] Protocol v4: Left hand joints set: [0.0000, 0.0000, 0.0000, 0.0000, 0.0000, 0.0000, 0.0000]
[ZMQEndpointInterface] Protocol v4: Right hand joints set: [0.0000, 0.0000, 0.0000, 0.0000, 0.0000, 0.0000, 0.0000]
[ZMQEndpointInterface] Received ZMQ message - topic: 'pose', protocol_version: 4, num_fields: 4, total_size: 4 buffers
[ZMQEndpointInterface] *** Starting ZMQ processing ***
[ZMQEndpointInterface] Protocol version: 4
[ZMQEndpointInterface] Protocol v4: Received 64D token (latent action), tokens[0]=0.0036, frame_index: 199
[ZMQEndpointInterface] Protocol v4: Left hand joints set: [0.0000, 0.0027, 0.0000, 0.0000, -0.0117, 0.0000, 0.0000]
[ZMQEndpointInterface] Protocol v4: Right hand joints set: [0.0000, 0.0000, 0.0000, 0.0000, 0.0000, 0.0000, 0.0000]
[ZMQEndpointInterface] Received ZMQ message - topic: 'pose', protocol_version: 4, num_fields: 4, total_size: 4 buffers
[ZMQEndpointInterface] *** Starting ZMQ processing ***
[ZMQEndpointInterface] Protocol version: 4
[ZMQEndpointInterface] Protocol v4: Received 64D token (latent action), tokens[0]=0.0045, frame_index: 200
[ZMQEndpointInterface] Protocol v4: Left hand joints set: [0.0000, 0.0000, 0.0000, 0.0000, -0.0088, 0.0000, 0.0000]
[ZMQEndpointInterface] Protocol v4: Right hand joints set: [0.0000, 0.0000, 0.0000, 0.0000, 0.0000, 0.0000, 0.0000]
[Token Flow] Copied external tokens, tokens[0]=0.0045
[ZMQEndpointInterface] Received ZMQ message - topic: 'pose', protocol_version: 4, num_fields: 4, total_size: 4 buffers
[ZMQEndpointInterface] *** Starting ZMQ processing ***
[ZMQEndpointInterface] Protocol version: 4
[ZMQEndpointInterface] Protocol v4: Received 64D token (latent action), tokens[0]=0.0079, frame_index: 201
[ZMQEndpointInterface] Protocol v4: Left hand joints set: [0.0000, 0.0000, 0.0000, 0.0000, -0.0176, 0.0000, -0.0029]
[ZMQEndpointInterface] Protocol v4: Right hand joints set: [0.0000, 0.0000, 0.0000, 0.0000, 0.0000, 0.0000, 0.0000]
[ZMQEndpointInterface] Received ZMQ message - topic: 'pose', protocol_version: 4, num_fields: 4, total_size: 4 buffers
[ZMQEndpointInterface] *** Starting ZMQ processing ***
[ZMQEndpointInterface] Protocol version: 4
[ZMQEndpointInterface] Protocol v4: Received 64D token (latent action), tokens[0]=0.0083, frame_index: 202
[ZMQEndpointInterface] Protocol v4: Left hand joints set: [0.0000, 0.0000, 0.0041, 0.0000, -0.0176, 0.0000, -0.0059]
[ZMQEndpointInterface] Protocol v4: Right hand joints set: [0.0000, 0.0000, 0.0000, 0.0000, 0.0000, 0.0000, 0.0000]
[ZMQEndpointInterface] Received ZMQ message - topic: 'pose', protocol_version: 4, num_fields: 4, total_size: 4 buffers
[ZMQEndpointInterface] *** Starting ZMQ processing ***
[ZMQEndpointInterface] Protocol version: 4
[ZMQEndpointInterface] Protocol v4: Received 64D token (latent action), tokens[0]=0.0109, frame_index: 203
[ZMQEndpointInterface] Protocol v4: Left hand joints set: [0.0000, 0.0000, 0.0000, 0.0000, 0.0000, 0.0000, 0.0000]
[ZMQEndpointInterface] Protocol v4: Right hand joints set: [0.0000, 0.0000, 0.0000, 0.0000, 0.0000, 0.0000, 0.0000]
[ZMQEndpointInterface] Received ZMQ message - topic: 'pose', protocol_version: 4, num_fields: 4, total_size: 4 buffers
[ZMQEndpointInterface] *** Starting ZMQ processing ***
[ZMQEndpointInterface] Protocol version: 4
[ZMQEndpointInterface] Protocol v4: Received 64D token (latent action), tokens[0]=0.0109, frame_index: 204
[ZMQEndpointInterface] Protocol v4: Left hand joints set: [0.0000, 0.0027, 0.0000, 0.0000, -0.0059, 0.0000, -0.0029]
[ZMQEndpointInterface] Protocol v4: Right hand joints set: [0.0000, -0.0027, 0.0000, 0.0000, 0.0000, 0.0000, 0.0000]
[ZMQEndpointInterface] Received ZMQ message - topic: 'pose', protocol_version: 4, num_fields: 4, total_size: 4 buffers
[ZMQEndpointInterface] *** Starting ZMQ processing ***
[ZMQEndpointInterface] Protocol version: 4
[ZMQEndpointInterface] Protocol v4: Received 64D token (latent action), tokens[0]=0.0117, frame_index: 205
[ZMQEndpointInterface] Protocol v4: Left hand joints set: [0.0000, 0.0000, 0.0027, 0.0000, -0.0059, 0.0000, -0.0059]
[ZMQEndpointInterface] Protocol v4: Right hand joints set: [0.0000, -0.0055, 0.0000, 0.0000, 0.0000, 0.0000, 0.0000]
[ZMQEndpointInterface] Received ZMQ message - topic: 'pose', protocol_version: 4, num_fields: 4, total_size: 4 buffers
[ZMQEndpointInterface] *** Starting ZMQ processing ***
[ZMQEndpointInterface] Protocol version: 4
[ZMQEndpointInterface] Protocol v4: Received 64D token (latent action), tokens[0]=0.0143, frame_index: 206
[ZMQEndpointInterface] Protocol v4: Left hand joints set: [0.0000, 0.0000, 0.0000, 0.0000, 0.0000, 0.0000, 0.0000]
[ZMQEndpointInterface] Protocol v4: Right hand joints set: [0.0000, -0.0014, 0.0000, 0.0000, 0.0000, 0.0000, 0.0000]
[ZMQEndpointInterface] Received ZMQ message - topic: 'pose', protocol_version: 4, num_fields: 4, total_size: 4 buffers
[ZMQEndpointInterface] *** Starting ZMQ processing ***
[ZMQEndpointInterface] Protocol version: 4
[ZMQEndpointInterface] Protocol v4: Received 64D token (latent action), tokens[0]=0.0126, frame_index: 207
[ZMQEndpointInterface] Protocol v4: Left hand joints set: [0.0000, 0.0000, 0.0027, 0.0000, -0.0146, 0.0000, 0.0000]
[ZMQEndpointInterface] Protocol v4: Right hand joints set: [0.0000, -0.0055, 0.0000, 0.0000, 0.0000, 0.0000, 0.0000]
[ZMQEndpointInterface] Received ZMQ message - topic: 'pose', protocol_version: 4, num_fields: 4, total_size: 4 buffers
[ZMQEndpointInterface] *** Starting ZMQ processing ***
[ZMQEndpointInterface] Protocol version: 4
[ZMQEndpointInterface] Protocol v4: Received 64D token (latent action), tokens[0]=0.0130, frame_index: 208
[ZMQEndpointInterface] Protocol v4: Left hand joints set: [0.0000, 0.0055, 0.0027, 0.0000, -0.0117, 0.0000, -0.0059]
[ZMQEndpointInterface] Protocol v4: Right hand joints set: [0.0000, -0.0014, -0.0027, 0.0000, 0.0000, 0.0000, 0.0000]
[ZMQEndpointInterface] Received ZMQ message - topic: 'pose', protocol_version: 4, num_fields: 4, total_size: 4 buffers
[ZMQEndpointInterface] *** Starting ZMQ processing ***
[ZMQEndpointInterface] Protocol version: 4
[ZMQEndpointInterface] Protocol v4: Received 64D token (latent action), tokens[0]=0.0121, frame_index: 209
[ZMQEndpointInterface] Protocol v4: Left hand joints set: [0.0000, 0.0000, 0.0014, 0.0000, 0.0000, 0.0000, -0.0029]
[ZMQEndpointInterface] Protocol v4: Right hand joints set: [0.0000, 0.0000, 0.0000, 0.0000, 0.0000, 0.0000, 0.0000]
[ZMQEndpointInterface] Received ZMQ message - topic: 'pose', protocol_version: 4, num_fields: 4, total_size: 4 buffers
[ZMQEndpointInterface] *** Starting ZMQ processing ***
[ZMQEndpointInterface] Protocol version: 4
[ZMQEndpointInterface] Protocol v4: Received 64D token (latent action), tokens[0]=0.0117, frame_index: 210
[ZMQEndpointInterface] Protocol v4: Left hand joints set: [0.0000, 0.0014, 0.0014, 0.0000, -0.0088, 0.0000, -0.0029]
[ZMQEndpointInterface] Protocol v4: Right hand joints set: [0.0000, 0.0000, 0.0000, 0.0000, 0.0000, 0.0000, 0.0000]
[ZMQEndpointInterface] Received ZMQ message - topic: 'pose', protocol_version: 4, num_fields: 4, total_size: 4 buffers
[ZMQEndpointInterface] *** Starting ZMQ processing ***
[ZMQEndpointInterface] Protocol version: 4
[ZMQEndpointInterface] Protocol v4: Received 64D token (latent action), tokens[0]=0.0109, frame_index: 211
[ZMQEndpointInterface] Protocol v4: Left hand joints set: [0.0000, 0.0000, 0.0000, 0.0000, -0.0059, 0.0000, 0.0000]
[ZMQEndpointInterface] Protocol v4: Right hand joints set: [0.0000, 0.0000, 0.0000, 0.0000, 0.0000, 0.0000, 0.0000]
[ZMQEndpointInterface] Received ZMQ message - topic: 'pose', protocol_version: 4, num_fields: 4, total_size: 4 buffers
[ZMQEndpointInterface] *** Starting ZMQ processing ***
[ZMQEndpointInterface] Protocol version: 4
[ZMQEndpointInterface] Protocol v4: Received 64D token (latent action), tokens[0]=0.0126, frame_index: 212
[ZMQEndpointInterface] Protocol v4: Left hand joints set: [0.0000, 0.0000, 0.0000, 0.0000, -0.0029, 0.0000, 0.0000]
[ZMQEndpointInterface] Protocol v4: Right hand joints set: [0.0000, 0.0000, 0.0000, 0.0000, 0.0000, 0.0000, 0.0000]
[ZMQEndpointInterface] Received ZMQ message - topic: 'pose', protocol_version: 4, num_fields: 4, total_size: 4 buffers
[ZMQEndpointInterface] *** Starting ZMQ processing ***
[ZMQEndpointInterface] Protocol version: 4
[ZMQEndpointInterface] Protocol v4: Received 64D token (latent action), tokens[0]=0.0130, frame_index: 213
[ZMQEndpointInterface] Protocol v4: Left hand joints set: [0.0000, 0.0000, 0.0027, 0.0000, -0.0029, 0.0000, 0.0000]
[ZMQEndpointInterface] Protocol v4: Right hand joints set: [0.0000, 0.0000, 0.0000, 0.0000, 0.0000, 0.0000, 0.0000]
[ZMQEndpointInterface] Received ZMQ message - topic: 'pose', protocol_version: 4, num_fields: 4, total_size: 4 buffers
[ZMQEndpointInterface] *** Starting ZMQ processing ***
[ZMQEndpointInterface] Protocol version: 4
[ZMQEndpointInterface] Protocol v4: Received 64D token (latent action), tokens[0]=0.0113, frame_index: 214
[ZMQEndpointInterface] Protocol v4: Left hand joints set: [0.0000, 0.0000, 0.0027, 0.0000, -0.0059, 0.0000, 0.0000]
[ZMQEndpointInterface] Protocol v4: Right hand joints set: [0.0000, 0.0000, 0.0000, 0.0000, 0.0000, 0.0000, 0.0000]
[ZMQEndpointInterface] Received ZMQ message - topic: 'pose', protocol_version: 4, num_fields: 4, total_size: 4 buffers
[ZMQEndpointInterface] *** Starting ZMQ processing ***
[ZMQEndpointInterface] Protocol version: 4
[ZMQEndpointInterface] Protocol v4: Received 64D token (latent action), tokens[0]=0.0143, frame_index: 215
[ZMQEndpointInterface] Protocol v4: Left hand joints set: [0.0000, 0.0000, 0.0000, 0.0000, -0.0059, 0.0000, 0.0000]
[ZMQEndpointInterface] Protocol v4: Right hand joints set: [0.0000, 0.0000, 0.0000, 0.0000, 0.0000, 0.0000, 0.0000]
[ZMQEndpointInterface] Received ZMQ message - topic: 'pose', protocol_version: 4, num_fields: 4, total_size: 4 buffers
[ZMQEndpointInterface] *** Starting ZMQ processing ***
[ZMQEndpointInterface] Protocol version: 4
[ZMQEndpointInterface] Protocol v4: Received 64D token (latent action), tokens[0]=0.0130, frame_index: 216
[ZMQEndpointInterface] Protocol v4: Left hand joints set: [0.0000, 0.0000, 0.0014, 0.0000, -0.0117, 0.0000, 0.0000]
[ZMQEndpointInterface] Protocol v4: Right hand joints set: [0.0000, 0.0000, 0.0000, 0.0000, 0.0000, 0.0000, 0.0000]
[ZMQEndpointInterface] Received ZMQ message - topic: 'pose', protocol_version: 4, num_fields: 4, total_size: 4 buffers
[ZMQEndpointInterface] *** Starting ZMQ processing ***
[ZMQEndpointInterface] Protocol version: 4
[ZMQEndpointInterface] Protocol v4: Received 64D token (latent action), tokens[0]=0.0134, frame_index: 217
[ZMQEndpointInterface] Protocol v4: Left hand joints set: [0.0000, 0.0000, 0.0041, 0.0000, -0.0117, 0.0000, 0.0000]
[ZMQEndpointInterface] Protocol v4: Right hand joints set: [0.0000, 0.0000, 0.0000, 0.0000, 0.0000, 0.0000, 0.0000]
[ZMQEndpointInterface] Received ZMQ message - topic: 'pose', protocol_version: 4, num_fields: 4, total_size: 4 buffers
[ZMQEndpointInterface] *** Starting ZMQ processing ***
[ZMQEndpointInterface] Protocol version: 4
[ZMQEndpointInterface] Protocol v4: Received 64D token (latent action), tokens[0]=0.0134, frame_index: 218
[ZMQEndpointInterface] Protocol v4: Left hand joints set: [0.0000, 0.0000, 0.0041, 0.0000, 0.0000, -0.0020, 0.0000]
[ZMQEndpointInterface] Protocol v4: Right hand joints set: [0.0000, 0.0000, 0.0000, 0.0000, 0.0000, 0.0000, 0.0000]
[ZMQEndpointInterface] Received ZMQ message - topic: 'pose', protocol_version: 4, num_fields: 4, total_size: 4 buffers
[ZMQEndpointInterface] *** Starting ZMQ processing ***
[ZMQEndpointInterface] Protocol version: 4
[ZMQEndpointInterface] Protocol v4: Received 64D token (latent action), tokens[0]=0.0109, frame_index: 219
[ZMQEndpointInterface] Protocol v4: Left hand joints set: [0.0000, 0.0000, 0.0000, 0.0000, 0.0000, 0.0000, 0.0000]
[ZMQEndpointInterface] Protocol v4: Right hand joints set: [0.0000, 0.0000, 0.0000, 0.0039, 0.0000, 0.0000, 0.0000]
[ZMQEndpointInterface] Received ZMQ message - topic: 'pose', protocol_version: 4, num_fields: 4, total_size: 4 buffers
[ZMQEndpointInterface] *** Starting ZMQ processing ***
[ZMQEndpointInterface] Protocol version: 4
[ZMQEndpointInterface] Protocol v4: Received 64D token (latent action), tokens[0]=0.0130, frame_index: 220
[ZMQEndpointInterface] Protocol v4: Left hand joints set: [0.0000, 0.0000, 0.0027, 0.0000, 0.0000, -0.0020, 0.0000]
[ZMQEndpointInterface] Protocol v4: Right hand joints set: [0.0000, 0.0000, 0.0000, 0.0000, 0.0000, 0.0000, 0.0000]
[ZMQEndpointInterface] Received ZMQ message - topic: 'pose', protocol_version: 4, num_fields: 4, total_size: 4 buffers
[ZMQEndpointInterface] *** Starting ZMQ processing ***
[ZMQEndpointInterface] Protocol version: 4
[ZMQEndpointInterface] Protocol v4: Received 64D token (latent action), tokens[0]=0.0117, frame_index: 221
[ZMQEndpointInterface] Protocol v4: Left hand joints set: [0.0000, 0.0041, 0.0000, 0.0000, -0.0029, 0.0000, 0.0000]
[ZMQEndpointInterface] Protocol v4: Right hand joints set: [0.0000, 0.0000, 0.0000, 0.0039, 0.0000, 0.0000, 0.0000]
[ZMQEndpointInterface] Received ZMQ message - topic: 'pose', protocol_version: 4, num_fields: 4, total_size: 4 buffers
[ZMQEndpointInterface] *** Starting ZMQ processing ***
[ZMQEndpointInterface] Protocol version: 4
[ZMQEndpointInterface] Protocol v4: Received 64D token (latent action), tokens[0]=0.0070, frame_index: 222
[ZMQEndpointInterface] Protocol v4: Left hand joints set: [0.0000, 0.0000, 0.0041, 0.0000, -0.0059, 0.0000, 0.0000]
[ZMQEndpointInterface] Protocol v4: Right hand joints set: [0.0000, -0.0027, 0.0000, 0.0000, 0.0000, 0.0000, 0.0000]
[ZMQEndpointInterface] Received ZMQ message - topic: 'pose', protocol_version: 4, num_fields: 4, total_size: 4 buffers
[ZMQEndpointInterface] *** Starting ZMQ processing ***
[ZMQEndpointInterface] Protocol version: 4
[ZMQEndpointInterface] Protocol v4: Received 64D token (latent action), tokens[0]=0.0092, frame_index: 223
[ZMQEndpointInterface] Protocol v4: Left hand joints set: [0.0000, 0.0000, 0.0027, -0.0020, 0.0000, 0.0000, 0.0000]
[ZMQEndpointInterface] Protocol v4: Right hand joints set: [0.0000, 0.0000, 0.0000, 0.0000, 0.0000, 0.0000, 0.0000]
[ZMQEndpointInterface] Received ZMQ message - topic: 'pose', protocol_version: 4, num_fields: 4, total_size: 4 buffers
[ZMQEndpointInterface] *** Starting ZMQ processing ***
[ZMQEndpointInterface] Protocol version: 4
[ZMQEndpointInterface] Protocol v4: Received 64D token (latent action), tokens[0]=0.0074, frame_index: 224
[ZMQEndpointInterface] Protocol v4: Left hand joints set: [0.0000, 0.0000, 0.0055, 0.0000, -0.0146, 0.0000, 0.0000]
[ZMQEndpointInterface] Protocol v4: Right hand joints set: [0.0000, -0.0014, 0.0000, 0.0000, 0.0000, 0.0000, 0.0000]
Temporary motion completed.
Reset to frame 0.
[ZMQEndpointInterface] Received ZMQ message - topic: 'pose', protocol_version: 4, num_fields: 4, total_size: 4 buffers
[ZMQEndpointInterface] *** Starting ZMQ processing ***
[ZMQEndpointInterface] Protocol version: 4
[ZMQEndpointInterface] Protocol v4: Received 64D token (latent action), tokens[0]=0.0092, frame_index: 225
[ZMQEndpointInterface] Protocol v4: Left hand joints set: [0.0000, 0.0000, 0.0055, 0.0000, -0.0059, 0.0000, 0.0000]
[ZMQEndpointInterface] Protocol v4: Right hand joints set: [Reset heading state to 0.0000, -0.0041, 0.0000, 0.0020, 0.9914, 0.0000, 0.0000, -0.0023, 0.0000]
-0.0267, 0.1284
Reset delta heading to 0
Reset init reference data root rotation to current frame: 0.9997, -0.0016, -0.0224, -0.0042
**********************************************************
Reference motion name: temporary_motion
**********************************************************
[ZMQEndpointInterface] Received ZMQ message - topic: 'pose', protocol_version: 4, num_fields: 4, total_size: 4 buffers
[ZMQEndpointInterface] *** Starting ZMQ processing ***
[ZMQEndpointInterface] Protocol version: 4
[ZMQEndpointInterface] Protocol v4: Received 64D token (latent action), tokens[0]=0.0314, frame_index: 226
[ZMQEndpointInterface] Protocol v4: Left hand joints set: [0.0000, 0.0000, 0.0000, -0.0039, 0.0000, 0.0000, -0.0059]
[ZMQEndpointInterface] Protocol v4: Right hand joints set: [0.0000, -0.0041, 0.0000, 0.0000, 0.0029, 0.0000, 0.0000]
Loop timing - LowState age: 4.8190ms, Streaming data mean delay: 9.9474ms, Streaming data std delay: 5.9114ms, IMU age: 4.8020ms, Obs: 67us, Policy: 3061us, Obs 2 Motor Command: 3129us, Post processing: 36us | HandCloseRatio: 1.0000
[ZMQEndpointInterface] Received ZMQ message - topic: 'pose', protocol_version: 4, num_fields: 4, total_size: 4 buffers
[ZMQEndpointInterface] *** Starting ZMQ processing ***
[ZMQEndpointInterface] Protocol version: 4
[ZMQEndpointInterface] Protocol v4: Received 64D token (latent action), tokens[0]=0.0288, frame_index: 227
[ZMQEndpointInterface] Protocol v4: Left hand joints set: [0.0000, 0.0000, 0.0014, -0.0020, 0.0000, 0.0000, 0.0000]
[ZMQEndpointInterface] Protocol v4: Right hand joints set: [0.0000, -0.0055, 0.0000, 0.0020, 0.0000, 0.0000, 0.0000]
[ZMQEndpointInterface] Received ZMQ message - topic: 'pose', protocol_version: 4, num_fields: 4, total_size: 4 buffers
[ZMQEndpointInterface] *** Starting ZMQ processing ***
[ZMQEndpointInterface] Protocol version: 4
[ZMQEndpointInterface] Protocol v4: Received 64D token (latent action), tokens[0]=0.0297, frame_index: 228
[ZMQEndpointInterface] Protocol v4: Left hand joints set: [0.0000, 0.0000, 0.0000, -0.0039, 0.0000, -0.0039, -0.0088]
[ZMQEndpointInterface] Protocol v4: Right hand joints set: [0.0000, -0.0055, 0.0000, 0.0020, 0.0000, 0.0000, 0.0000]
[ZMQEndpointInterface] Received ZMQ message - topic: 'pose', protocol_version: 4, num_fields: 4, total_size: 4 buffers
[ZMQEndpointInterface] *** Starting ZMQ processing ***
[ZMQEndpointInterface] Protocol version: 4
[ZMQEndpointInterface] Protocol v4: Received 64D token (latent action), tokens[0]=0.0301, frame_index: 229
[ZMQEndpointInterface] Protocol v4: Left hand joints set: [0.0000, 0.0000, 0.0000, 0.0000, 0.0000, 0.0000, -0.0059]
[ZMQEndpointInterface] Protocol v4: Right hand joints set: [0.0000, -0.0082, -0.0014, 0.0098, 0.0029, 0.0000, 0.0000]
[ZMQEndpointInterface] Received ZMQ message - topic: 'pose', protocol_version: 4, num_fields: 4, total_size: 4 buffers
[ZMQEndpointInterface] *** Starting ZMQ processing ***
[ZMQEndpointInterface] Protocol version: 4
[ZMQEndpointInterface] Protocol v4: Received 64D token (latent action), tokens[0]=0.0305, frame_index: 230
[ZMQEndpointInterface] Protocol v4: Left hand joints set: [0.0000, 0.0000, 0.0000, 0.0000, 0.0000, 0.0000, 0.0000]
[ZMQEndpointInterface] Protocol v4: Right hand joints set: [0.0000, -0.0068, 0.0000, 0.0039, 0.0029, 0.0000, 0.0000]
[ZMQEndpointInterface] Received ZMQ message - topic: 'pose', protocol_version: 4, num_fields: 4, total_size: 4 buffers
[ZMQEndpointInterface] *** Starting ZMQ processing ***
[ZMQEndpointInterface] Protocol version: 4
[ZMQEndpointInterface] Protocol v4: Received 64D token (latent action), tokens[0]=0.0284, frame_index: 231
[ZMQEndpointInterface] Protocol v4: Left hand joints set: [0.0000, 0.0000, 0.0000, 0.0000, 0.0000, 0.0000, 0.0000]
[ZMQEndpointInterface] Protocol v4: Right hand joints set: [0.0000, -0.0096, 0.0000, 0.0000, 0.0000, 0.0000, 0.0000]
[ZMQEndpointInterface] Received ZMQ message - topic: 'pose', protocol_version: 4, num_fields: 4, total_size: 4 buffers
[ZMQEndpointInterface] *** Starting ZMQ processing ***
[ZMQEndpointInterface] Protocol version: 4
[ZMQEndpointInterface] Protocol v4: Received 64D token (latent action), tokens[0]=0.0314, frame_index: 232
[ZMQEndpointInterface] Protocol v4: Left hand joints set: [0.0000, 0.0000, 0.0000, -0.0039, 0.0000, 0.0000, 0.0000]
[ZMQEndpointInterface] Protocol v4: Right hand joints set: [0.0000, -0.0082, 0.0000, 0.0117, 0.0000, 0.0000, 0.0000]
[ZMQEndpointInterface] Received ZMQ message - topic: 'pose', protocol_version: 4, num_fields: 4, total_size: 4 buffers
[ZMQEndpointInterface] *** Starting ZMQ processing ***
[ZMQEndpointInterface] Protocol version: 4
[ZMQEndpointInterface] Protocol v4: Received 64D token (latent action), tokens[0]=0.0331, frame_index: 233
[ZMQEndpointInterface] Protocol v4: Left hand joints set: [0.0000, 0.0000, 0.0000, 0.0000, 0.0000, 0.0000, 0.0000]
[ZMQEndpointInterface] Protocol v4: Right hand joints set: [0.0000, -0.0041, 0.0000, 0.0156, 0.0000, 0.0000, 0.0000]
[ZMQEndpointInterface] Received ZMQ message - topic: 'pose', protocol_version: 4, num_fields: 4, total_size: 4 buffers
[ZMQEndpointInterface] *** Starting ZMQ processing ***
[ZMQEndpointInterface] Protocol version: 4
[ZMQEndpointInterface] Protocol v4: Received 64D token (latent action), tokens[0]=0.0327, frame_index: 234
[ZMQEndpointInterface] Protocol v4: Left hand joints set: [0.0000, 0.0000, 0.0027, 0.0000, 0.0000, 0.0000, 0.0000]
[ZMQEndpointInterface] Protocol v4: Right hand joints set: [0.0000, -0.0041, 0.0000, 0.0137, 0.0000, 0.0000, 0.0000]
[ZMQEndpointInterface] Received ZMQ message - topic: 'pose', protocol_version: 4, num_fields: 4, total_size: 4 buffers
[ZMQEndpointInterface] *** Starting ZMQ processing ***
[ZMQEndpointInterface] Protocol version: 4
[ZMQEndpointInterface] Protocol v4: Received 64D token (latent action), tokens[0]=0.0292, frame_index: 235
[ZMQEndpointInterface] Protocol v4: Left hand joints set: [0.0000, 0.0000, 0.0000, 0.0000, 0.0000, 0.0000, -0.0029]
[ZMQEndpointInterface] Protocol v4: Right hand joints set: [0.0000, -0.0041, 0.0000, 0.0039, 0.0029, 0.0000, 0.0000]
[ZMQEndpointInterface] Received ZMQ message - topic: 'pose', protocol_version: 4, num_fields: 4, total_size: 4 buffers
[ZMQEndpointInterface] *** Starting ZMQ processing ***
[ZMQEndpointInterface] Protocol version: 4
[ZMQEndpointInterface] Protocol v4: Received 64D token (latent action), tokens[0]=0.0314, frame_index: 236
[ZMQEndpointInterface] Protocol v4: Left hand joints set: [0.0000, 0.0000, 0.0000, 0.0000, -0.0029, -0.0059, 0.0000]
[ZMQEndpointInterface] Protocol v4: Right hand joints set: [0.0000, -0.0068, -0.0014, 0.0078, 0.0000, 0.0000, 0.0000]
[ZMQEndpointInterface] Received ZMQ message - topic: 'pose', protocol_version: 4, num_fields: 4, total_size: 4 buffers
[ZMQEndpointInterface] *** Starting ZMQ processing ***
[ZMQEndpointInterface] Protocol version: 4
[ZMQEndpointInterface] Protocol v4: Received 64D token (latent action), tokens[0]=0.0318, frame_index: 237
[ZMQEndpointInterface] Protocol v4: Left hand joints set: [0.0000, 0.0000, 0.0027, 0.0000, 0.0000, 0.0000, 0.0000]
[ZMQEndpointInterface] Protocol v4: Right hand joints set: [0.0000, -0.0055, 0.0000, 0.0039, 0.0000, 0.0000, 0.0000]
[ZMQEndpointInterface] Received ZMQ message - topic: 'pose', protocol_version: 4, num_fields: 4, total_size: 4 buffers
[ZMQEndpointInterface] *** Starting ZMQ processing ***
[ZMQEndpointInterface] Protocol version: 4
[ZMQEndpointInterface] Protocol v4: Received 64D token (latent action), tokens[0]=0.0292, frame_index: 238
[ZMQEndpointInterface] Protocol v4: Left hand joints set: [0.0000, 0.0000, 0.0000, -0.0039, 0.0000, 0.0000, -0.0176]
[ZMQEndpointInterface] Protocol v4: Right hand joints set: [0.0000, -0.0014, 0.0000, 0.0059, 0.0029, 0.0000, 0.0000]
[ZMQEndpointInterface] Received ZMQ message - topic: 'pose', protocol_version: 4, num_fields: 4, total_size: 4 buffers
[ZMQEndpointInterface] *** Starting ZMQ processing ***
[ZMQEndpointInterface] Protocol version: 4
[ZMQEndpointInterface] Protocol v4: Received 64D token (latent action), tokens[0]=0.0275, frame_index: 239
[ZMQEndpointInterface] Protocol v4: Left hand joints set: [0.0000, 0.0000, 0.0055, -0.0039, 0.0000, 0.0000, 0.0000]
[ZMQEndpointInterface] Protocol v4: Right hand joints set: [0.0000, -0.0041, -0.0027, 0.0000, 0.0000, 0.0000, 0.0000]
[ZMQEndpointInterface] Received ZMQ message - topic: 'pose', protocol_version: 4, num_fields: 4, total_size: 4 buffers
[ZMQEndpointInterface] *** Starting ZMQ processing ***
[ZMQEndpointInterface] Protocol version: 4
[ZMQEndpointInterface] Protocol v4: Received 64D token (latent action), tokens[0]=0.0267, frame_index: 240
[ZMQEndpointInterface] Protocol v4: Left hand joints set: [0.0000, 0.0014, 0.0014, 0.0000, 0.0000, 0.0000, -0.0176]
[ZMQEndpointInterface] Protocol v4: Right hand joints set: [0.0000, 0.0000, 0.0000, 0.0020, 0.0000, 0.0000, 0.0000]
[ZMQEndpointInterface] Received ZMQ message - topic: 'pose', protocol_version: 4, num_fields: 4, total_size: 4 buffers
[ZMQEndpointInterface] *** Starting ZMQ processing ***
[ZMQEndpointInterface] Protocol version: 4
[ZMQEndpointInterface] Protocol v4: Received 64D token (latent action), tokens[0]=0.0233, frame_index: 241
[ZMQEndpointInterface] Protocol v4: Left hand joints set: [0.0000, 0.0000, 0.0000, 0.0000, 0.0000, 0.0000, -0.0059]
[ZMQEndpointInterface] Protocol v4: Right hand joints set: [0.0000, -0.0014, 0.0000, 0.0000, 0.0059, 0.0000, 0.0000]
[ZMQEndpointInterface] Received ZMQ message - topic: 'pose', protocol_version: 4, num_fields: 4, total_size: 4 buffers
[ZMQEndpointInterface] *** Starting ZMQ processing ***
[ZMQEndpointInterface] Protocol version: 4
[ZMQEndpointInterface] Protocol v4: Received 64D token (latent action), tokens[0]=0.0245, frame_index: 242
[ZMQEndpointInterface] Protocol v4: Left hand joints set: [0.0000, 0.0000, 0.0000, -0.0039, 0.0000, -0.0020, 0.0000]
[ZMQEndpointInterface] Protocol v4: Right hand joints set: [0.0000, -0.0123, -0.0014, 0.0078, 0.0000, 0.0000, 0.0059]
[ZMQEndpointInterface] Received ZMQ message - topic: 'pose', protocol_version: 4, num_fields: 4, total_size: 4 buffers
[ZMQEndpointInterface] *** Starting ZMQ processing ***
[ZMQEndpointInterface] Protocol version: 4
[ZMQEndpointInterface] Protocol v4: Received 64D token (latent action), tokens[0]=0.0211, frame_index: 243
[ZMQEndpointInterface] Protocol v4: Left hand joints set: [0.0000, 0.0000, 0.0014, -0.0039, 0.0000, 0.0000, 0.0000]
[ZMQEndpointInterface] Protocol v4: Right hand joints set: [0.0000, -0.0068, 0.0000, 0.0039, 0.0000, 0.0000, 0.0000]
[ZMQEndpointInterface] Received ZMQ message - topic: 'pose', protocol_version: 4, num_fields: 4, total_size: 4 buffers
[ZMQEndpointInterface] *** Starting ZMQ processing ***
[ZMQEndpointInterface] Protocol version: 4
[ZMQEndpointInterface] Protocol v4: Received 64D token (latent action), tokens[0]=0.0224, frame_index: 244
[ZMQEndpointInterface] Protocol v4: Left hand joints set: [0.0000, 0.0000, 0.0027, -0.0059, -0.0029, -0.0039, -0.0059]
[ZMQEndpointInterface] Protocol v4: Right hand joints set: [0.0000, -0.0082, 0.0000, 0.0039, 0.0059, 0.0000, 0.0000]
[ZMQEndpointInterface] Received ZMQ message - topic: 'pose', protocol_version: 4, num_fields: 4, total_size: 4 buffers
[ZMQEndpointInterface] *** Starting ZMQ processing ***
[ZMQEndpointInterface] Protocol version: 4
[ZMQEndpointInterface] Protocol v4: Received 64D token (latent action), tokens[0]=0.0198, frame_index: 245
[ZMQEndpointInterface] Protocol v4: Left hand joints set: [0.0000, 0.0000, 0.0000, -0.0059, -0.0088, 0.0000, -0.0029]
[ZMQEndpointInterface] Protocol v4: Right hand joints set: [0.0000, -0.0055, -0.0027, 0.0117, 0.0000, 0.0000, 0.0000]
[ZMQEndpointInterface] Received ZMQ message - topic: 'pose', protocol_version: 4, num_fields: 4, total_size: 4 buffers
[ZMQEndpointInterface] *** Starting ZMQ processing ***
[ZMQEndpointInterface] Protocol version: 4
[ZMQEndpointInterface] Protocol v4: Received 64D token (latent action), tokens[0]=0.0215, frame_index: 246
[ZMQEndpointInterface] Protocol v4: Left hand joints set: [0.0000, 0.0000, 0.0000, 0.0000, 0.0000, 0.0000, -0.0117]
[ZMQEndpointInterface] Protocol v4: Right hand joints set: [0.0000, -0.0082, -0.0014, 0.0137, 0.0059, 0.0000, 0.0029]
[ZMQEndpointInterface] Received ZMQ message - topic: 'pose', protocol_version: 4, num_fields: 4, total_size: 4 buffers
[ZMQEndpointInterface] *** Starting ZMQ processing ***
[ZMQEndpointInterface] Protocol version: 4
[ZMQEndpointInterface] Protocol v4: Received 64D token (latent action), tokens[0]=0.0203, frame_index: 247
[ZMQEndpointInterface] Protocol v4: Left hand joints set: [0.0000, 0.0000, 0.0000, 0.0000, 0.0000, 0.0000, 0.0000]
[ZMQEndpointInterface] Protocol v4: Right hand joints set: [0.0000, -0.0041, 0.0000, 0.0059, 0.0029, 0.0000, 0.0000]
[ZMQEndpointInterface] Received ZMQ message - topic: 'pose', protocol_version: 4, num_fields: 4, total_size: 4 buffers
[ZMQEndpointInterface] *** Starting ZMQ processing ***
[ZMQEndpointInterface] Protocol version: 4
[ZMQEndpointInterface] Protocol v4: Received 64D token (latent action), tokens[0]=0.0164, frame_index: 248
[ZMQEndpointInterface] Protocol v4: Left hand joints set: [0.0000, 0.0000, 0.0000, -0.0020, 0.0000, 0.0000, -0.0117]
[ZMQEndpointInterface] Protocol v4: Right hand joints set: [0.0000, -0.0055, -0.0027, 0.0000, 0.0000, 0.0000, 0.0000]
[ZMQEndpointInterface] Received ZMQ message - topic: 'pose', protocol_version: 4, num_fields: 4, total_size: 4 buffers
[ZMQEndpointInterface] *** Starting ZMQ processing ***
[ZMQEndpointInterface] Protocol version: 4
[ZMQEndpointInterface] Protocol v4: Received 64D token (latent action), tokens[0]=0.0194, frame_index: 249
[ZMQEndpointInterface] Protocol v4: Left hand joints set: [0.0000, 0.0000, 0.0027, 0.0000, 0.0000, 0.0000, -0.0146]
[ZMQEndpointInterface] Protocol v4: Right hand joints set: [0.0000, -0.0041, 0.0000, 0.0039, 0.0029, 0.0000, 0.0000]
[ZMQEndpointInterface] Received ZMQ message - topic: 'pose', protocol_version: 4, num_fields: 4, total_size: 4 buffers
[ZMQEndpointInterface] *** Starting ZMQ processing ***
[ZMQEndpointInterface] Protocol version: 4
[ZMQEndpointInterface] Protocol v4: Received 64D token (latent action), tokens[0]=[Token Flow] Copied external tokens, tokens[0]=0.0177, frame_index: 250
0.0194
[ZMQEndpointInterface] Protocol v4: Left hand joints set: [0.0000, 0.0000, 0.0027, -0.0020, 0.0000, 0.0000, -0.0029]
[ZMQEndpointInterface] Protocol v4: Right hand joints set: [0.0000, -0.0041, -0.0027, 0.0039, 0.0000, 0.0000, 0.0000]
[ZMQEndpointInterface] Received ZMQ message - topic: 'pose', protocol_version: 4, num_fields: 4, total_size: 4 buffers
[ZMQEndpointInterface] *** Starting ZMQ processing ***
[ZMQEndpointInterface] Protocol version: 4
[ZMQEndpointInterface] Protocol v4: Received 64D token (latent action), tokens[0]=0.0177, frame_index: 251
[ZMQEndpointInterface] Protocol v4: Left hand joints set: [0.0000, 0.0055, 0.0082, 0.0000, 0.0000, 0.0000, -0.0059]
[ZMQEndpointInterface] Protocol v4: Right hand joints set: [0.0000, -0.0109, 0.0000, 0.0020, 0.0088, 0.0020, 0.0000]
[ZMQEndpointInterface] Received ZMQ message - topic: 'pose', protocol_version: 4, num_fields: 4, total_size: 4 buffers
[ZMQEndpointInterface] *** Starting ZMQ processing ***
[ZMQEndpointInterface] Protocol version: 4
[ZMQEndpointInterface] Protocol v4: Received 64D token (latent action), tokens[0]=0.0134, frame_index: 252
[ZMQEndpointInterface] Protocol v4: Left hand joints set: [0.0000, 0.0027, 0.0000, 0.0000, -0.0117, 0.0000, -0.0088]
[ZMQEndpointInterface] Protocol v4: Right hand joints set: [0.0000, -0.0123, 0.0000, 0.0039, 0.0059, 0.0000, 0.0088]
[ZMQEndpointInterface] Received ZMQ message - topic: 'pose', protocol_version: 4, num_fields: 4, total_size: 4 buffers
[ZMQEndpointInterface] *** Starting ZMQ processing ***
[ZMQEndpointInterface] Protocol version: 4
[ZMQEndpointInterface] Protocol v4: Received 64D token (latent action), tokens[0]=0.0121, frame_index: 253
[ZMQEndpointInterface] Protocol v4: Left hand joints set: [0.0000, 0.0000, 0.0027, 0.0000, 0.0000, 0.0000, -0.0029]
[ZMQEndpointInterface] Protocol v4: Right hand joints set: [0.0000, -0.0082, 0.0000, 0.0000, 0.0029, 0.0000, 0.0000]
[ZMQEndpointInterface] Received ZMQ message - topic: 'pose', protocol_version: 4, num_fields: 4, total_size: 4 buffers
[ZMQEndpointInterface] *** Starting ZMQ processing ***
[ZMQEndpointInterface] Protocol version: 4
[ZMQEndpointInterface] Protocol v4: Received 64D token (latent action), tokens[0]=0.0331, frame_index: 254
[ZMQEndpointInterface] Protocol v4: Left hand joints set: [0.0000, 0.0000, 0.0000, 0.0000, 0.0000, 0.0000, 0.0000]
[ZMQEndpointInterface] Protocol v4: Right hand joints set: [0.0000, -0.0096, 0.0000, 0.0000, 0.0117, 0.0000, 0.0000]
[ZMQEndpointInterface] Received ZMQ message - topic: 'pose', protocol_version: 4, num_fields: 4, total_size: 4 buffers
[ZMQEndpointInterface] *** Starting ZMQ processing ***
[ZMQEndpointInterface] Protocol version: 4
[ZMQEndpointInterface] Protocol v4: Received 64D token (latent action), tokens[0]=0.0365, frame_index: 255
[ZMQEndpointInterface] Protocol v4: Left hand joints set: [0.0000, 0.0000, 0.0000, 0.0000, 0.0000, 0.0000, -0.0029]
[ZMQEndpointInterface] Protocol v4: Right hand joints set: [0.0000, -0.0055, 0.0000, 0.0000, 0.0117, 0.0000, 0.0000]
[ZMQEndpointInterface] Received ZMQ message - topic: 'pose', protocol_version: 4, num_fields: 4, total_size: 4 buffers
[ZMQEndpointInterface] *** Starting ZMQ processing ***
[ZMQEndpointInterface] Protocol version: 4
[ZMQEndpointInterface] Protocol v4: Received 64D token (latent action), tokens[0]=0.0318, frame_index: 256
[ZMQEndpointInterface] Protocol v4: Left hand joints set: [0.0000, 0.0000, 0.0000, 0.0000, 0.0000, 0.0000, 0.0000]
[ZMQEndpointInterface] Protocol v4: Right hand joints set: [0.0000, -0.0068, 0.0000, 0.0000, 0.0146, 0.0000, 0.0000]
[ZMQEndpointInterface] Received ZMQ message - topic: 'pose', protocol_version: 4, num_fields: 4, total_size: 4 buffers
[ZMQEndpointInterface] *** Starting ZMQ processing ***
[ZMQEndpointInterface] Protocol version: 4
[ZMQEndpointInterface] Protocol v4: Received 64D token (latent action), tokens[0]=0.0365, frame_index: 257
[ZMQEndpointInterface] Protocol v4: Left hand joints set: [0.0000, 0.0000, 0.0000, 0.0000, 0.0000, 0.0000, 0.0000]
[ZMQEndpointInterface] Protocol v4: Right hand joints set: [0.0000, 0.0000, 0.0000, 0.0000, 0.0029, 0.0020, 0.0000]
[ZMQEndpointInterface] Received ZMQ message - topic: 'pose', protocol_version: 4, num_fields: 4, total_size: 4 buffers
[ZMQEndpointInterface] *** Starting ZMQ processing ***
[ZMQEndpointInterface] Protocol version: 4
[ZMQEndpointInterface] Protocol v4: Received 64D token (latent action), tokens[0]=0.0356, frame_index: 258
[ZMQEndpointInterface] Protocol v4: Left hand joints set: [0.0000, 0.0000, 0.0000, 0.0000, 0.0000, 0.0000, 0.0000]
[ZMQEndpointInterface] Protocol v4: Right hand joints set: [0.0000, -0.0082, -0.0014, 0.0000, 0.0000, 0.0000, 0.0000]
[ZMQEndpointInterface] Received ZMQ message - topic: 'pose', protocol_version: 4, num_fields: 4, total_size: 4 buffers
[ZMQEndpointInterface] *** Starting ZMQ processing ***
[ZMQEndpointInterface] Protocol version: 4
[ZMQEndpointInterface] Protocol v4: Received 64D token (latent action), tokens[0]=0.0365, frame_index: 259
[ZMQEndpointInterface] Protocol v4: Left hand joints set: [0.0000, 0.0000, 0.0055, 0.0000, 0.0000, 0.0000, 0.0000]
[ZMQEndpointInterface] Protocol v4: Right hand joints set: [0.0000, -0.0027, 0.0000, 0.0000, 0.0000, 0.0000, 0.0000]
[ZMQEndpointInterface] Received ZMQ message - topic: 'pose', protocol_version: 4, num_fields: 4, total_size: 4 buffers
[ZMQEndpointInterface] *** Starting ZMQ processing ***
[ZMQEndpointInterface] Protocol version: 4
[ZMQEndpointInterface] Protocol v4: Received 64D token (latent action), tokens[0]=0.0361, frame_index: 260
[ZMQEndpointInterface] Protocol v4: Left hand joints set: [0.0000, 0.0000, 0.0000, 0.0000, 0.0000, 0.0000, 0.0000]
[ZMQEndpointInterface] Protocol v4: Right hand joints set: [0.0000, -0.0041, 0.0000, 0.0000, 0.0117, 0.0000, 0.0000]
[ZMQEndpointInterface] Received ZMQ message - topic: 'pose', protocol_version: 4, num_fields: 4, total_size: 4 buffers
[ZMQEndpointInterface] *** Starting ZMQ processing ***
[ZMQEndpointInterface] Protocol version: 4
[ZMQEndpointInterface] Protocol v4: Received 64D token (latent action), tokens[0]=0.0378, frame_index: 261
[ZMQEndpointInterface] Protocol v4: Left hand joints set: [0.0000, 0.0014, 0.0000, 0.0000, 0.0000, 0.0000, 0.0000]
[ZMQEndpointInterface] Protocol v4: Right hand joints set: [0.0000, -0.0055, -0.0027, 0.0000, 0.0000, 0.0000, 0.0000]
[ZMQEndpointInterface] Received ZMQ message - topic: 'pose', protocol_version: 4, num_fields: 4, total_size: 4 buffers
[ZMQEndpointInterface] *** Starting ZMQ processing ***
[ZMQEndpointInterface] Protocol version: 4
[ZMQEndpointInterface] Protocol v4: Received 64D token (latent action), tokens[0]=0.0369, frame_index: 262
[ZMQEndpointInterface] Protocol v4: Left hand joints set: [0.0000, 0.0000, 0.0000, 0.0000, 0.0000, 0.0000, 0.0000]
[ZMQEndpointInterface] Protocol v4: Right hand joints set: [0.0000, -0.0041, -0.0027, 0.0000, 0.0000, 0.0000, 0.0000]
[ZMQEndpointInterface] Received ZMQ message - topic: 'pose', protocol_version: 4, num_fields: 4, total_size: 4 buffers
[ZMQEndpointInterface] *** Starting ZMQ processing ***
[ZMQEndpointInterface] Protocol version: 4
[ZMQEndpointInterface] Protocol v4: Received 64D token (latent action), tokens[0]=0.0365, frame_index: 263
[ZMQEndpointInterface] Protocol v4: Left hand joints set: [0.0000, 0.0000, 0.0000, 0.0000, 0.0000, 0.0000, 0.0000]
[ZMQEndpointInterface] Protocol v4: Right hand joints set: [0.0000, -0.0055, 0.0000, 0.0000, 0.0000, 0.0000, 0.0000]
[ZMQEndpointInterface] Received ZMQ message - topic: 'pose', protocol_version: 4, num_fields: 4, total_size: 4 buffers
[ZMQEndpointInterface] *** Starting ZMQ processing ***
[ZMQEndpointInterface] Protocol version: 4
[ZMQEndpointInterface] Protocol v4: Received 64D token (latent action), tokens[0]=0.0339, frame_index: 264
[ZMQEndpointInterface] Protocol v4: Left hand joints set: [0.0000, 0.0000, 0.0000, -0.0020, 0.0000, 0.0000, 0.0000]
[ZMQEndpointInterface] Protocol v4: Right hand joints set: [0.0000, 0.0000, 0.0000, 0.0078, 0.0000, 0.0000, 0.0000]
[ZMQEndpointInterface] Received ZMQ message - topic: 'pose', protocol_version: 4, num_fields: 4, total_size: 4 buffers
[ZMQEndpointInterface] *** Starting ZMQ processing ***
[ZMQEndpointInterface] Protocol version: 4
[ZMQEndpointInterface] Protocol v4: Received 64D token (latent action), tokens[0]=0.0331, frame_index: 265
[ZMQEndpointInterface] Protocol v4: Left hand joints set: [0.0000, 0.0000, 0.0000, 0.0000, 0.0000, 0.0000, 0.0000]
[ZMQEndpointInterface] Protocol v4: Right hand joints set: [0.0000, -0.0041, 0.0000, 0.0000, 0.0029, 0.0000, 0.0000]
[ZMQEndpointInterface] Received ZMQ message - topic: 'pose', protocol_version: 4, num_fields: 4, total_size: 4 buffers
[ZMQEndpointInterface] *** Starting ZMQ processing ***
[ZMQEndpointInterface] Protocol version: 4
[ZMQEndpointInterface] Protocol v4: Received 64D token (latent action), tokens[0]=0.0365, frame_index: 266
[ZMQEndpointInterface] Protocol v4: Left hand joints set: [0.0000, 0.0000, 0.0000, 0.0000, 0.0000, 0.0000, 0.0000]
[ZMQEndpointInterface] Protocol v4: Right hand joints set: [0.0000, -0.0055, 0.0000, 0.0000, 0.0000, 0.0000, 0.0000]
[ZMQEndpointInterface] Received ZMQ message - topic: 'pose', protocol_version: 4, num_fields: 4, total_size: 4 buffers
[ZMQEndpointInterface] *** Starting ZMQ processing ***
[ZMQEndpointInterface] Protocol version: 4
[ZMQEndpointInterface] Protocol v4: Received 64D token (latent action), tokens[0]=0.0339, frame_index: 267
[ZMQEndpointInterface] Protocol v4: Left hand joints set: [0.0000, 0.0000, 0.0000, -0.0020, 0.0000, 0.0000, 0.0000]
[ZMQEndpointInterface] Protocol v4: Right hand joints set: [0.0000, -0.0096, -0.0014, 0.0000, 0.0000, 0.0000, 0.0000]
[ZMQEndpointInterface] Received ZMQ message - topic: 'pose', protocol_version: 4, num_fields: 4, total_size: 4 buffers
[ZMQEndpointInterface] *** Starting ZMQ processing ***
[ZMQEndpointInterface] Protocol version: 4
[ZMQEndpointInterface] Protocol v4: Received 64D token (latent action), tokens[0]=0.0369, frame_index: 268
[ZMQEndpointInterface] Protocol v4: Left hand joints set: [0.0000, 0.0000, 0.0000, 0.0000, 0.0000, 0.0000, 0.0000]
[ZMQEndpointInterface] Protocol v4: Right hand joints set: [0.0000, -0.0041, 0.0000, 0.0020, 0.0088, 0.0000, 0.0000]
[ZMQEndpointInterface] Received ZMQ message - topic: 'pose', protocol_version: 4, num_fields: 4, total_size: 4 buffers
[ZMQEndpointInterface] *** Starting ZMQ processing ***
[ZMQEndpointInterface] Protocol version: 4
[ZMQEndpointInterface] Protocol v4: Received 64D token (latent action), tokens[0]=0.0399, frame_index: 269
[ZMQEndpointInterface] Protocol v4: Left hand joints set: [0.0000, 0.0000, 0.0000, 0.0000, 0.0000, 0.0000, 0.0000]
[ZMQEndpointInterface] Protocol v4: Right hand joints set: [0.0000, -0.0041, 0.0000, 0.0039, 0.0059, 0.0039, 0.0000]
[ZMQEndpointInterface] Received ZMQ message - topic: 'pose', protocol_version: 4, num_fields: 4, total_size: 4 buffers
[ZMQEndpointInterface] *** Starting ZMQ processing ***
[ZMQEndpointInterface] Protocol version: 4
[ZMQEndpointInterface] Protocol v4: Received 64D token (latent action), tokens[0]=0.0403, frame_index: 270
[ZMQEndpointInterface] Protocol v4: Left hand joints set: [0.0000, 0.0000, 0.0000, 0.0000, 0.0000, 0.0000, 0.0000]
[ZMQEndpointInterface] Protocol v4: Right hand joints set: [0.0000, -0.0055, 0.0000, 0.0059, 0.0000, 0.0000, 0.0000]
[ZMQEndpointInterface] Received ZMQ message - topic: 'pose', protocol_version: 4, num_fields: 4, total_size: 4 buffers
[ZMQEndpointInterface] *** Starting ZMQ processing ***
[ZMQEndpointInterface] Protocol version: 4
[ZMQEndpointInterface] Protocol v4: Received 64D token (latent action), tokens[0]=0.0425, frame_index: 271
[ZMQEndpointInterface] Protocol v4: Left hand joints set: [0.0000, 0.0000, 0.0000, 0.0000, 0.0000, 0.0000, 0.0000]
[ZMQEndpointInterface] Protocol v4: Right hand joints set: [0.0000, -0.0055, -0.0014, 0.0000, 0.0088, 0.0000, 0.0000]
[ZMQEndpointInterface] Received ZMQ message - topic: 'pose', protocol_version: 4, num_fields: 4, total_size: 4 buffers
[ZMQEndpointInterface] *** Starting ZMQ processing ***
[ZMQEndpointInterface] Protocol version: 4
[ZMQEndpointInterface] Protocol v4: Received 64D token (latent action), tokens[0]=0.0431, frame_index: 272
[ZMQEndpointInterface] Protocol v4: Left hand joints set: [0.0000, 0.0000, 0.0000, 0.0000, 0.0000, 0.0000, 0.0000]
[ZMQEndpointInterface] Protocol v4: Right hand joints set: [0.0000, -0.0082, 0.0000, 0.0000, 0.0117, 0.0000, 0.0000]
[ZMQEndpointInterface] Received ZMQ message - topic: 'pose', protocol_version: 4, num_fields: 4, total_size: 4 buffers
[ZMQEndpointInterface] *** Starting ZMQ processing ***
[ZMQEndpointInterface] Protocol version: 4
[ZMQEndpointInterface] Protocol v4: Received 64D token (latent action), tokens[0]=0.0482, frame_index: 273
[ZMQEndpointInterface] Protocol v4: Left hand joints set: [0.0000, 0.0000, 0.0000, 0.0000, 0.0000, 0.0000, 0.0000]
[ZMQEndpointInterface] Protocol v4: Right hand joints set: [0.0000, -0.0082, 0.0000, 0.0039, 0.0059, 0.0000, 0.0000]
[ZMQEndpointInterface] Received ZMQ message - topic: 'pose', protocol_version: 4, num_fields: 4, total_size: 4 buffers
[ZMQEndpointInterface] *** Starting ZMQ processing ***
[ZMQEndpointInterface] Protocol version: 4
[ZMQEndpointInterface] Protocol v4: Received 64D token (latent action), tokens[0]=0.0493, frame_index: 274
[ZMQEndpointInterface] Protocol v4: Left hand joints set: [0.0000, 0.0000, 0.0000, 0.0000, 0.0000, 0.0000, 0.0000]
[ZMQEndpointInterface] Protocol v4: Right hand joints set: [0.0000, -0.0014, -0.0055, 0.0078, 0.0029, 0.0000, 0.0000]
[ZMQEndpointInterface] Received ZMQ message - topic: 'pose', protocol_version: 4, num_fields: 4, total_size: 4 buffers
[ZMQEndpointInterface] *** Starting ZMQ processing ***
[ZMQEndpointInterface] Protocol version: 4
[ZMQEndpointInterface] Protocol v4: Received 64D token (latent action), tokens[0]=0.0487, frame_index: 275
[ZMQEndpointInterface] Protocol v4: Left hand joints set: [0.0000, 0.0000, 0.0027, 0.0000, 0.0000, 0.0000, 0.0000]
[ZMQEndpointInterface] Protocol v4: Right hand joints set: [0.0000, -0.0068, 0.0000, 0.0000, 0.0059, 0.0000, 0.0000]
[ZMQEndpointInterface] Received ZMQ message - topic: 'pose', protocol_version: 4, num_fields: 4, total_size: 4 buffers
[ZMQEndpointInterface] *** Starting ZMQ processing ***
[ZMQEndpointInterface] Protocol version: 4
[ZMQEndpointInterface] Protocol v4: Received 64D token (latent action), tokens[0]=0.0510, frame_index: 276
[ZMQEndpointInterface] Protocol v4: Left hand joints set: [0.0000, 0.0000, 0.0000, -0.0039, 0.0000, 0.0000, -0.0029]
[ZMQEndpointInterface] Protocol v4: Right hand joints set: [0.0000, -0.0055, -0.0055, 0.0000, 0.0117, 0.0000, 0.0000]
Loop timing - LowState age: 7.4600ms, Streaming data mean delay: 8.8957ms, Streaming data std delay: 5.8316ms, IMU age: 7.4570ms, Obs: 81us, Policy: 4812us, Obs 2 Motor Command: 4893us, Post processing: 57us | HandCloseRatio: 1.0000
[ZMQEndpointInterface] Received ZMQ message - topic: 'pose', protocol_version: 4, num_fields: 4, total_size: 4 buffers
[ZMQEndpointInterface] *** Starting ZMQ processing ***
[ZMQEndpointInterface] Protocol version: 4
[ZMQEndpointInterface] Protocol v4: Received 64D token (latent action), tokens[0]=0.0515, frame_index: 277
[ZMQEndpointInterface] Protocol v4: Left hand joints set: [0.0000, 0.0000, 0.0000, 0.0000, 0.0000, 0.0000, 0.0000]
[ZMQEndpointInterface] Protocol v4: Right hand joints set: [0.0000, -0.0082, -0.0027, 0.0020, 0.0117, 0.0000, 0.0059]
[ZMQEndpointInterface] Received ZMQ message - topic: 'pose', protocol_version: 4, num_fields: 4, total_size: 4 buffers
[ZMQEndpointInterface] *** Starting ZMQ processing ***
[ZMQEndpointInterface] Protocol version: 4
[ZMQEndpointInterface] Protocol v4: Received 64D token (latent action), tokens[0]=0.0555, frame_index: 278
[ZMQEndpointInterface] Protocol v4: Left hand joints set: [0.0000, 0.0000, 0.0000, 0.0000, 0.0000, 0.0000, 0.0000]
[ZMQEndpointInterface] Protocol v4: Right hand joints set: [0.0000, -0.0068, 0.0000, 0.0000, 0.0059, 0.0000, 0.0000]
[ZMQEndpointInterface] Received ZMQ message - topic: 'pose', protocol_version: 4, num_fields: 4, total_size: 4 buffers
[ZMQEndpointInterface] *** Starting ZMQ processing ***
[ZMQEndpointInterface] Protocol version: 4
[ZMQEndpointInterface] Protocol v4: Received 64D token (latent action), tokens[0]=0.0502, frame_index: 279
[ZMQEndpointInterface] Protocol v4: Left hand joints set: [0.0000, 0.0000, 0.0000, 0.0000, 0.0000, 0.0000, 0.0000]
[ZMQEndpointInterface] Protocol v4: Right hand joints set: [0.0000, -0.0055, -0.0041, 0.0000, 0.0176, 0.0000, 0.0000]
[ZMQEndpointInterface] Received ZMQ message - topic: 'pose', protocol_version: 4, num_fields: 4, total_size: 4 buffers
[ZMQEndpointInterface] *** Starting ZMQ processing ***
[ZMQEndpointInterface] Protocol version: 4
[ZMQEndpointInterface] Protocol v4: Received 64D token (latent action), tokens[0]=0.0502, frame_index: 280
[ZMQEndpointInterface] Protocol v4: Left hand joints set: [0.0000, 0.0000, 0.0000, 0.0000, 0.0000, 0.0000, 0.0000]
[ZMQEndpointInterface] Protocol v4: Right hand joints set: [0.0000, -0.0055, 0.0000, 0.0039, 0.0000, 0.0000, 0.0000]
[ZMQEndpointInterface] Received ZMQ message - topic: 'pose', protocol_version: 4, num_fields: 4, total_size: 4 buffers
[ZMQEndpointInterface] *** Starting ZMQ processing ***
[ZMQEndpointInterface] Protocol version: 4
[ZMQEndpointInterface] Protocol v4: Received 64D token (latent action), tokens[0]=0.0506, frame_index: 281
[ZMQEndpointInterface] Protocol v4: Left hand joints set: [0.0000, 0.0000, 0.0000, 0.0000, 0.0000, 0.0000, 0.0000]
[ZMQEndpointInterface] Protocol v4: Right hand joints set: [0.0000, -0.0123, 0.0000, 0.0000, 0.0059, 0.0000, 0.0000]
[ZMQEndpointInterface] Received ZMQ message - topic: 'pose', protocol_version: 4, num_fields: 4, total_size: 4 buffers
[ZMQEndpointInterface] *** Starting ZMQ processing ***
[ZMQEndpointInterface] Protocol version: 4
[ZMQEndpointInterface] Protocol v4: Received 64D token (latent action), tokens[0]=0.0348, frame_index: 282
[ZMQEndpointInterface] Protocol v4: Left hand joints set: [0.0000, 0.0000, 0.0068, -0.0039, 0.0000, 0.0000, 0.0000]
[ZMQEndpointInterface] Protocol v4: Right hand joints set: [0.0000, -0.0041, -0.0014, 0.0117, 0.0117, 0.0000, 0.0117]
[ZMQEndpointInterface] Received ZMQ message - topic: 'pose', protocol_version: 4, num_fields: 4, total_size: 4 buffers
[ZMQEndpointInterface] *** Starting ZMQ processing ***
[ZMQEndpointInterface] Protocol version: 4
[ZMQEndpointInterface] Protocol v4: Received 64D token (latent action), tokens[0]=0.0361, frame_index: 283
[ZMQEndpointInterface] Protocol v4: Left hand joints set: [0.0000, 0.0000, 0.0055, 0.0000, 0.0000, 0.0000, 0.0000]
[ZMQEndpointInterface] Protocol v4: Right hand joints set: [0.0000, -0.0027, 0.0000, 0.0059, 0.0059, 0.0000, 0.0000]
[ZMQEndpointInterface] Received ZMQ message - topic: 'pose', protocol_version: 4, num_fields: 4, total_size: 4 buffers
[ZMQEndpointInterface] *** Starting ZMQ processing ***
[ZMQEndpointInterface] Protocol version: 4
[ZMQEndpointInterface] Protocol v4: Received 64D token (latent action), tokens[0]=0.0348, frame_index: 284
[ZMQEndpointInterface] Protocol v4: Left hand joints set: [0.0000, 0.0014, 0.0082, -0.0059, 0.0000, 0.0000, -0.0029]
[ZMQEndpointInterface] Protocol v4: Right hand joints set: [0.0000, -0.0082, -0.0068, 0.0117, 0.0117, 0.0000, 0.0029]
[ZMQEndpointInterface] Received ZMQ message - topic: 'pose', protocol_version: 4, num_fields: 4, total_size: 4 buffers
[ZMQEndpointInterface] *** Starting ZMQ processing ***
[ZMQEndpointInterface] Protocol version: 4
[ZMQEndpointInterface] Protocol v4: Received 64D token (latent action), tokens[0]=0.0339, frame_index: 285
[ZMQEndpointInterface] Protocol v4: Left hand joints set: [0.0000, 0.0000, 0.0055, -0.0039, -0.0029, 0.0000, 0.0000]
[ZMQEndpointInterface] Protocol v4: Right hand joints set: [0.0000, -0.0014, 0.0000, 0.0039, 0.0088, 0.0000, 0.0000]
[ZMQEndpointInterface] Received ZMQ message - topic: 'pose', protocol_version: 4, num_fields: 4, total_size: 4 buffers
[ZMQEndpointInterface] *** Starting ZMQ processing ***
[ZMQEndpointInterface] Protocol version: 4
[ZMQEndpointInterface] Protocol v4: Received 64D token (latent action), tokens[0]=0.0331, frame_index: 286
[ZMQEndpointInterface] Protocol v4: Left hand joints set: [0.0000, 0.0000, 0.0000, -0.0020, 0.0000, 0.0000, 0.0000]
[ZMQEndpointInterface] Protocol v4: Right hand joints set: [0.0000, -0.0014, 0.0000, 0.0000, 0.0059, 0.0000, 0.0000]
[ZMQEndpointInterface] Received ZMQ message - topic: 'pose', protocol_version: 4, num_fields: 4, total_size: 4 buffers
[ZMQEndpointInterface] *** Starting ZMQ processing ***
[ZMQEndpointInterface] Protocol version: 4
[ZMQEndpointInterface] Protocol v4: Received 64D token (latent action), tokens[0]=0.0356, frame_index: 287
[ZMQEndpointInterface] Protocol v4: Left hand joints set: [0.0000, 0.0000, 0.0014, -0.0020, 0.0000, 0.0000, -0.0059]
[ZMQEndpointInterface] Protocol v4: Right hand joints set: [0.0000, -0.0082, 0.0000, 0.0078, 0.0117, 0.0000, 0.0059]
[ZMQEndpointInterface] Received ZMQ message - topic: 'pose', protocol_version: 4, num_fields: 4, total_size: 4 buffers
[ZMQEndpointInterface] *** Starting ZMQ processing ***
[ZMQEndpointInterface] Protocol version: 4
[ZMQEndpointInterface] Protocol v4: Received 64D token (latent action), tokens[0]=0.0331, frame_index: 288
[ZMQEndpointInterface] Protocol v4: Left hand joints set: [0.0000, 0.0000, 0.0027, -0.0059, 0.0000, 0.0000, 0.0000]
[ZMQEndpointInterface] Protocol v4: Right hand joints set: [0.0000, -0.0041, 0.0000, 0.0039, 0.0029, 0.0000, 0.0059]
[ZMQEndpointInterface] Received ZMQ message - topic: 'pose', protocol_version: 4, num_fields: 4, total_size: 4 buffers
[ZMQEndpointInterface] *** Starting ZMQ processing ***
[ZMQEndpointInterface] Protocol version: 4
[ZMQEndpointInterface] Protocol v4: Received 64D token (latent action), tokens[0]=0.0318, frame_index: 289
[ZMQEndpointInterface] Protocol v4: Left hand joints set: [0.0000, 0.0041, 0.0027, -0.0078, 0.0000, 0.0000, -0.0059]
[ZMQEndpointInterface] Protocol v4: Right hand joints set: [0.0000, -0.0055, 0.0000, 0.0039, 0.0000, 0.0000, 0.0000]
[ZMQEndpointInterface] Received ZMQ message - topic: 'pose', protocol_version: 4, num_fields: 4, total_size: 4 buffers
[ZMQEndpointInterface] *** Starting ZMQ processing ***
[ZMQEndpointInterface] Protocol version: 4
[ZMQEndpointInterface] Protocol v4: Received 64D token (latent action), tokens[0]=0.0348, frame_index: 290
[ZMQEndpointInterface] Protocol v4: Left hand joints set: [0.0000, 0.0014, 0.0055, -0.0039, 0.0000, 0.0000, 0.0000]
[ZMQEndpointInterface] Protocol v4: Right hand joints set: [0.0000, -0.0041, -0.0027, 0.0000, 0.0000, 0.0000, 0.0000]
[ZMQEndpointInterface] Received ZMQ message - topic: 'pose', protocol_version: 4, num_fields: 4, total_size: 4 buffers
[ZMQEndpointInterface] *** Starting ZMQ processing ***
[ZMQEndpointInterface] Protocol version: 4
[ZMQEndpointInterface] Protocol v4: Received 64D token (latent action), tokens[0]=0.0378, frame_index: 291
[ZMQEndpointInterface] Protocol v4: Left hand joints set: [0.0000, 0.0014, 0.0068, -0.0020, -0.0088, 0.0000, 0.0000]
[ZMQEndpointInterface] Protocol v4: Right hand joints set: [0.0000, -0.0027, 0.0000, 0.0059, 0.0000, 0.0000, 0.0000]
[ZMQEndpointInterface] Received ZMQ message - topic: 'pose', protocol_version: 4, num_fields: 4, total_size: 4 buffers
[ZMQEndpointInterface] *** Starting ZMQ processing ***
[ZMQEndpointInterface] Protocol version: 4
[ZMQEndpointInterface] Protocol v4: Received 64D token (latent action), tokens[0]=0.0382, frame_index: 292
[ZMQEndpointInterface] Protocol v4: Left hand joints set: [0.0000, 0.0055, 0.0082, -0.0039, 0.0000, 0.0000, -0.0088]
[ZMQEndpointInterface] Protocol v4: Right hand joints set: [0.0000, -0.0068, -0.0027, 0.0039, 0.0000, 0.0000, 0.0000]
[ZMQEndpointInterface] Received ZMQ message - topic: 'pose', protocol_version: 4, num_fields: 4, total_size: 4 buffers
[ZMQEndpointInterface] *** Starting ZMQ processing ***
[ZMQEndpointInterface] Protocol version: 4
[ZMQEndpointInterface] Protocol v4: Received 64D token (latent action), tokens[0]=0.0391, frame_index: 293
[ZMQEndpointInterface] Protocol v4: Left hand joints set: [0.0000, 0.0000, 0.0041, 0.0000, -0.0088, 0.0000, -0.0088]
[ZMQEndpointInterface] Protocol v4: Right hand joints set: [0.0000, -0.0027, 0.0000, 0.0078, 0.0000, 0.0000, 0.0000]
[ZMQEndpointInterface] Received ZMQ message - topic: 'pose', protocol_version: 4, num_fields: 4, total_size: 4 buffers
[ZMQEndpointInterface] *** Starting ZMQ processing ***
[ZMQEndpointInterface] Protocol version: 4
[ZMQEndpointInterface] Protocol v4: Received 64D token (latent action), tokens[0]=0.0391, frame_index: 294
[ZMQEndpointInterface] Protocol v4: Left hand joints set: [0.0000, 0.0014, 0.0082, -0.0039, 0.0000, -0.0039, 0.0000]
[ZMQEndpointInterface] Protocol v4: Right hand joints set: [0.0000, -0.0014, 0.0000, 0.0000, 0.0059, 0.0000, 0.0059]
[ZMQEndpointInterface] Received ZMQ message - topic: 'pose', protocol_version: 4, num_fields: 4, total_size: 4 buffers
[ZMQEndpointInterface] *** Starting ZMQ processing ***
[ZMQEndpointInterface] Protocol version: 4
[ZMQEndpointInterface] Protocol v4: Received 64D token (latent action), tokens[0]=0.0414, frame_index: 295
[ZMQEndpointInterface] Protocol v4: Left hand joints set: [0.0000, 0.0027, 0.0027, -0.0039, 0.0000, 0.0000, 0.0000]
[ZMQEndpointInterface] Protocol v4: Right hand joints set: [0.0000, -0.0041, 0.0000, 0.0039, 0.0059, 0.0000, 0.0029]
[ZMQEndpointInterface] Received ZMQ message - topic: 'pose', protocol_version: 4, num_fields: 4, total_size: 4 buffers
[ZMQEndpointInterface] *** Starting ZMQ processing ***
[ZMQEndpointInterface] Protocol version: 4
[ZMQEndpointInterface] Protocol v4: Received 64D token (latent action), tokens[0]=0.0412, frame_index: 296
[ZMQEndpointInterface] Protocol v4: Left hand joints set: [0.0000, 0.0055, 0.0027, -0.0039, 0.0000, 0.0000, 0.0000]
[ZMQEndpointInterface] Protocol v4: Right hand joints set: [0.0000, -0.0027, 0.0000, 0.0039, 0.0000, 0.0020, 0.0000]
[ZMQEndpointInterface] Received ZMQ message - topic: 'pose', protocol_version: 4, num_fields: 4, total_size: 4 buffers
[ZMQEndpointInterface] *** Starting ZMQ processing ***
[ZMQEndpointInterface] Protocol version: 4
[ZMQEndpointInterface] Protocol v4: Received 64D token (latent action), tokens[0]=0.0450, frame_index: 297
[ZMQEndpointInterface] Protocol v4: Left hand joints set: [0.0000, 0.0041, 0.0068, -0.0078, 0.0000, 0.0000, -0.0029]
[ZMQEndpointInterface] Protocol v4: Right hand joints set: [0.0000, -0.0055, 0.0000, 0.0020, 0.0000, 0.0000, 0.0000]
[ZMQEndpointInterface] Received ZMQ message - topic: 'pose', protocol_version: 4, num_fields: 4, total_size: 4 buffers
[ZMQEndpointInterface] *** Starting ZMQ processing ***
[ZMQEndpointInterface] Protocol version: 4
[ZMQEndpointInterface] Protocol v4: Received 64D token (latent action), tokens[0]=0.0459, frame_index: 298
[ZMQEndpointInterface] Protocol v4: Left hand joints set: [0.0000, 0.0068, 0.0000, -0.0078, 0.0000, 0.0000, 0.0000]
[ZMQEndpointInterface] Protocol v4: Right hand joints set: [0.0000, -0.0096, 0.0000, 0.0000, 0.0029, 0.0000, 0.0000]
[ZMQEndpointInterface] Received ZMQ message - topic: 'pose', protocol_version: 4, num_fields: 4, total_size: 4 buffers
[ZMQEndpointInterface] *** Starting ZMQ processing ***
[ZMQEndpointInterface] Protocol version: 4
[ZMQEndpointInterface] Protocol v4: Received 64D token (latent action), tokens[0]=0.0476, frame_index: 299
[ZMQEndpointInterface] Protocol v4: Left hand joints set: [0.0000, 0.0055, 0.0041, 0.0000, 0.0000, -0.0078, -0.0088]
[ZMQEndpointInterface] Protocol v4: Right hand joints set: [0.0000, -0.0109, 0.0000, 0.0059, 0.0059, 0.0000, 0.0000]
Temporary motion completed.
Reset to frame 0.
[ZMQEndpointInterface] Received ZMQ message - topic: 'pose', protocol_version: 4, num_fields: 4, total_size: 4 buffers
[ZMQEndpointInterface] *** Starting ZMQ processing ***
[ZMQEndpointInterface] Protocol version: 4
[ZMQEndpointInterface] Protocol v4: Received 64D token (latent action), tokens[0]=0.0517, frame_index: 300
[ZMQEndpointInterface] Protocol v4: Left hand joints set: [0.0000, 0.0027, 0.0014, -0.0078, 0.0000, -0.0020, -0.0059]
[ZMQEndpointInterface] Protocol v4: Right hand joints set: [0.0000, -0.0068, 0.0000, 0.0039, 0.0088, 0.0039, 0.0000]
[Token Flow] Copied external tokens, tokens[0]=0.0517
Reset heading state to 0.9923, -0.0005, -0.0413, 0.1170
Reset delta heading to 0
Reset init reference data root rotation to current frame: 0.9997, -0.0016, -0.0224, -0.0042
**********************************************************
Reference motion name: temporary_motion
**********************************************************
[ZMQEndpointInterface] Received ZMQ message - topic: 'pose', protocol_version: 4, num_fields: 4, total_size: 4 buffers
[ZMQEndpointInterface] *** Starting ZMQ processing ***
[ZMQEndpointInterface] Protocol version: 4
[ZMQEndpointInterface] Protocol v4: Received 64D token (latent action), tokens[0]=0.0532, frame_index: 301
[ZMQEndpointInterface] Protocol v4: Left hand joints set: [0.0000, 0.0000, 0.0014, -0.0020, 0.0000, 0.0000, -0.0088]
[ZMQEndpointInterface] Protocol v4: Right hand joints set: [0.0000, -0.0082, 0.0000, 0.0039, 0.0059, 0.0000, 0.0000]
[ZMQEndpointInterface] Received ZMQ message - topic: 'pose', protocol_version: 4, num_fields: 4, total_size: 4 buffers
[ZMQEndpointInterface] *** Starting ZMQ processing ***
[ZMQEndpointInterface] Protocol version: 4
[ZMQEndpointInterface] Protocol v4: Received 64D token (latent action), tokens[0]=0.0536, frame_index: 302
[ZMQEndpointInterface] Protocol v4: Left hand joints set: [0.0000, 0.0055, 0.0041, -0.0020, -0.0059, 0.0000, 0.0000]
[ZMQEndpointInterface] Protocol v4: Right hand joints set: [0.0000, -0.0055, 0.0000, 0.0078, 0.0117, 0.0039, 0.0000]
[ZMQEndpointInterface] Received ZMQ message - topic: 'pose', protocol_version: 4, num_fields: 4, total_size: 4 buffers
[ZMQEndpointInterface] *** Starting ZMQ processing ***
[ZMQEndpointInterface] Protocol version: 4
[ZMQEndpointInterface] Protocol v4: Received 64D token (latent action), tokens[0]=0.0544, frame_index: 303
[ZMQEndpointInterface] Protocol v4: Left hand joints set: [0.0000, 0.0068, 0.0027, -0.0059, 0.0000, 0.0000, -0.0088]
[ZMQEndpointInterface] Protocol v4: Right hand joints set: [0.0000, -0.0082, 0.0000, 0.0137, 0.0088, 0.0000, 0.0000]
[ZMQEndpointInterface] Received ZMQ message - topic: 'pose', protocol_version: 4, num_fields: 4, total_size: 4 buffers
[ZMQEndpointInterface] *** Starting ZMQ processing ***
[ZMQEndpointInterface] Protocol version: 4
[ZMQEndpointInterface] Protocol v4: Received 64D token (latent action), tokens[0]=0.0587, frame_index: 304
[ZMQEndpointInterface] Protocol v4: Left hand joints set: [0.0000, 0.0000, 0.0000, -0.0059, 0.0000, 0.0000, -0.0029]
[ZMQEndpointInterface] Protocol v4: Right hand joints set: [0.0000, -0.0082, 0.0000, 0.0117, 0.0117, 0.0000, 0.0000]
[ZMQEndpointInterface] Received ZMQ message - topic: 'pose', protocol_version: 4, num_fields: 4, total_size: 4 buffers
[ZMQEndpointInterface] *** Starting ZMQ processing ***
[ZMQEndpointInterface] Protocol version: 4
[ZMQEndpointInterface] Protocol v4: Received 64D token (latent action), tokens[0]=0.0574, frame_index: 305
[ZMQEndpointInterface] Protocol v4: Left hand joints set: [0.0000, 0.0027, 0.0014, -0.0098, 0.0000, -0.0020, 0.0000]
[ZMQEndpointInterface] Protocol v4: Right hand joints set: [0.0000, -0.0082, -0.0014, 0.0117, 0.0088, 0.0000, 0.0029]
[ZMQEndpointInterface] Received ZMQ message - topic: 'pose', protocol_version: 4, num_fields: 4, total_size: 4 buffers
[ZMQEndpointInterface] *** Starting ZMQ processing ***
[ZMQEndpointInterface] Protocol version: 4
[ZMQEndpointInterface] Protocol v4: Received 64D token (latent action), tokens[0]=0.0579, frame_index: 306
[ZMQEndpointInterface] Protocol v4: Left hand joints set: [0.0000, 0.0027, 0.0000, -0.0078, -0.0029, 0.0000, 0.0000]
[ZMQEndpointInterface] Protocol v4: Right hand joints set: [0.0000, -0.0068, -0.0041, 0.0098, 0.0117, 0.0039, 0.0000]
[ZMQEndpointInterface] Received ZMQ message - topic: 'pose', protocol_version: 4, num_fields: 4, total_size: 4 buffers
[ZMQEndpointInterface] *** Starting ZMQ processing ***
[ZMQEndpointInterface] Protocol version: 4
[ZMQEndpointInterface] Protocol v4: Received 64D token (latent action), tokens[0]=0.0606, frame_index: 307
[ZMQEndpointInterface] Protocol v4: Left hand joints set: [0.0000, 0.0068, 0.0068, -0.0078, -0.0029, 0.0000, 0.0000]
[ZMQEndpointInterface] Protocol v4: Right hand joints set: [0.0000, -0.0123, -0.0014, 0.0098, 0.0117, 0.0078, 0.0117]
[ZMQEndpointInterface] Received ZMQ message - topic: 'pose', protocol_version: 4, num_fields: 4, total_size: 4 buffers
[ZMQEndpointInterface] *** Starting ZMQ processing ***
[ZMQEndpointInterface] Protocol version: 4
[ZMQEndpointInterface] Protocol v4: Received 64D token (latent action), tokens[0]=0.0579, frame_index: 308
[ZMQEndpointInterface] Protocol v4: Left hand joints set: [0.0000, 0.0041, 0.0000, -0.0098, 0.0000, 0.0000, 0.0000]
[ZMQEndpointInterface] Protocol v4: Right hand joints set: [0.0000, -0.0096, 0.0000, 0.0020, 0.0029, 0.0000, 0.0000]
[ZMQEndpointInterface] Received ZMQ message - topic: 'pose', protocol_version: 4, num_fields: 4, total_size: 4 buffers
[ZMQEndpointInterface] *** Starting ZMQ processing ***
[ZMQEndpointInterface] Protocol version: 4
[ZMQEndpointInterface] Protocol v4: Received 64D token (latent action), tokens[0]=0.0615, frame_index: 309
[ZMQEndpointInterface] Protocol v4: Left hand joints set: [0.0000, 0.0027, 0.0000, -0.0039, -0.0059, 0.0000, -0.0088]
[ZMQEndpointInterface] Protocol v4: Right hand joints set: [0.0000, -0.0068, 0.0000, 0.0000, 0.0117, 0.0000, 0.0000]
[ZMQEndpointInterface] Received ZMQ message - topic: 'pose', protocol_version: 4, num_fields: 4, total_size: 4 buffers
[ZMQEndpointInterface] *** Starting ZMQ processing ***
[ZMQEndpointInterface] Protocol version: 4
[ZMQEndpointInterface] Protocol v4: Received 64D token (latent action), tokens[0]=0.0574, frame_index: 310
[ZMQEndpointInterface] Protocol v4: Left hand joints set: [0.0000, 0.0027, 0.0027, -0.0078, 0.0000, 0.0000, 0.0000]
[ZMQEndpointInterface] Protocol v4: Right hand joints set: [0.0000, -0.0055, 0.0000, 0.0039, 0.0088, 0.0059, 0.0000]
[ZMQEndpointInterface] Received ZMQ message - topic: 'pose', protocol_version: 4, num_fields: 4, total_size: 4 buffers
[ZMQEndpointInterface] *** Starting ZMQ processing ***
[ZMQEndpointInterface] Protocol version: 4
[ZMQEndpointInterface] Protocol v4: Received 64D token (latent action), tokens[0]=0.0574, frame_index: 311
[ZMQEndpointInterface] Protocol v4: Left hand joints set: [0.0000, 0.0000, 0.0000, 0.0000, 0.0000, 0.0000, 0.0000]
[ZMQEndpointInterface] Protocol v4: Right hand joints set: [0.0000, 0.0000, 0.0000, 0.0098, 0.0000, 0.0000, 0.0000]
[ZMQEndpointInterface] Received ZMQ message - topic: 'pose', protocol_version: 4, num_fields: 4, total_size: 4 buffers
[ZMQEndpointInterface] *** Starting ZMQ processing ***
[ZMQEndpointInterface] Protocol version: 4
[ZMQEndpointInterface] Protocol v4: Received 64D token (latent action), tokens[0]=0.0604, frame_index: 312
[ZMQEndpointInterface] Protocol v4: Left hand joints set: [0.0000, 0.0000, 0.0000, 0.0000, 0.0000, 0.0000, 0.0000]
[ZMQEndpointInterface] Protocol v4: Right hand joints set: [0.0000, -0.0055, 0.0000, 0.0039, 0.0000, 0.0000, 0.0000]
[ZMQEndpointInterface] Received ZMQ message - topic: 'pose', protocol_version: 4, num_fields: 4, total_size: 4 buffers
[ZMQEndpointInterface] *** Starting ZMQ processing ***
[ZMQEndpointInterface] Protocol version: 4
[ZMQEndpointInterface] Protocol v4: Received 64D token (latent action), tokens[0]=0.0602, frame_index: 313
[ZMQEndpointInterface] Protocol v4: Left hand joints set: [0.0000, 0.0000, 0.0000, 0.0000, 0.0000, 0.0000, 0.0000]
[ZMQEndpointInterface] Protocol v4: Right hand joints set: [0.0000, -0.0027, 0.0000, 0.0117, 0.0088, 0.0000, 0.0000]
[ZMQEndpointInterface] Received ZMQ message - topic: 'pose', protocol_version: 4, num_fields: 4, total_size: 4 buffers
[ZMQEndpointInterface] *** Starting ZMQ processing ***
[ZMQEndpointInterface] Protocol version: 4
[ZMQEndpointInterface] Protocol v4: Received 64D token (latent action), tokens[0]=0.0544, frame_index: 314
[ZMQEndpointInterface] Protocol v4: Left hand joints set: [0.0000, 0.0000, 0.0014, 0.0000, 0.0000, 0.0000, 0.0000]
[ZMQEndpointInterface] Protocol v4: Right hand joints set: [0.0000, -0.0027, 0.0000, 0.0098, 0.0029, 0.0000, 0.0000]
[ZMQEndpointInterface] Received ZMQ message - topic: 'pose', protocol_version: 4, num_fields: 4, total_size: 4 buffers
[ZMQEndpointInterface] *** Starting ZMQ processing ***
[ZMQEndpointInterface] Protocol version: 4
[ZMQEndpointInterface] Protocol v4: Received 64D token (latent action), tokens[0]=0.0549, frame_index: 315
[ZMQEndpointInterface] Protocol v4: Left hand joints set: [0.0000, 0.0000, 0.0000, 0.0000, 0.0000, 0.0000, 0.0000]
[ZMQEndpointInterface] Protocol v4: Right hand joints set: [0.0000, -0.0027, 0.0000, 0.0059, 0.0000, 0.0000, 0.0000]
[ZMQEndpointInterface] Received ZMQ message - topic: 'pose', protocol_version: 4, num_fields: 4, total_size: 4 buffers
[ZMQEndpointInterface] *** Starting ZMQ processing ***
[ZMQEndpointInterface] Protocol version: 4
[ZMQEndpointInterface] Protocol v4: Received 64D token (latent action), tokens[0]=0.0529, frame_index: 316
[ZMQEndpointInterface] Protocol v4: Left hand joints set: [0.0000, 0.0000, 0.0000, 0.0000, -0.0059, 0.0000, 0.0000]
[ZMQEndpointInterface] Protocol v4: Right hand joints set: [0.0000, -0.0082, 0.0000, 0.0098, 0.0059, 0.0000, 0.0000]
[ZMQEndpointInterface] Received ZMQ message - topic: 'pose', protocol_version: 4, num_fields: 4, total_size: 4 buffers
[ZMQEndpointInterface] *** Starting ZMQ processing ***
[ZMQEndpointInterface] Protocol version: 4
[ZMQEndpointInterface] Protocol v4: Received 64D token (latent action), tokens[0]=0.0480, frame_index: 317
[ZMQEndpointInterface] Protocol v4: Left hand joints set: [0.0000, 0.0000, 0.0000, 0.0000, 0.0000, 0.0000, 0.0000]
[ZMQEndpointInterface] Protocol v4: Right hand joints set: [0.0000, 0.0000, 0.0000, 0.0059, 0.0000, 0.0000, 0.0000]
[ZMQEndpointInterface] Received ZMQ message - topic: 'pose', protocol_version: 4, num_fields: 4, total_size: 4 buffers
[ZMQEndpointInterface] *** Starting ZMQ processing ***
[ZMQEndpointInterface] Protocol version: 4
[ZMQEndpointInterface] Protocol v4: Received 64D token (latent action), tokens[0]=0.0446, frame_index: 318
[ZMQEndpointInterface] Protocol v4: Left hand joints set: [0.0000, 0.0000, 0.0000, 0.0000, 0.0000, 0.0000, 0.0000]
[ZMQEndpointInterface] Protocol v4: Right hand joints set: [0.0000, 0.0000, -0.0027, 0.0039, 0.0029, 0.0000, 0.0000]
[ZMQEndpointInterface] Received ZMQ message - topic: 'pose', protocol_version: 4, num_fields: 4, total_size: 4 buffers
[ZMQEndpointInterface] *** Starting ZMQ processing ***
[ZMQEndpointInterface] Protocol version: 4
[ZMQEndpointInterface] Protocol v4: Received 64D token (latent action), tokens[0]=0.0416, frame_index: 319
[ZMQEndpointInterface] Protocol v4: Left hand joints set: [0.0000, 0.0000, 0.0000, 0.0000, 0.0000, 0.0000, 0.0000]
[ZMQEndpointInterface] Protocol v4: Right hand joints set: [0.0000, -0.0014, 0.0000, 0.0000, 0.0117, 0.0000, 0.0000]
[ZMQEndpointInterface] Received ZMQ message - topic: 'pose', protocol_version: 4, num_fields: 4, total_size: 4 buffers
[ZMQEndpointInterface] *** Starting ZMQ processing ***
[ZMQEndpointInterface] Protocol version: 4
[ZMQEndpointInterface] Protocol v4: Received 64D token (latent action), tokens[0]=0.0386, frame_index: 320
[ZMQEndpointInterface] Protocol v4: Left hand joints set: [0.0000, 0.0000, 0.0000, -0.0039, 0.0000, 0.0000, 0.0000]
[ZMQEndpointInterface] Protocol v4: Right hand joints set: [0.0000, -0.0027, 0.0000, 0.0059, 0.0000, 0.0000, 0.0000]
[ZMQEndpointInterface] Received ZMQ message - topic: 'pose', protocol_version: 4, num_fields: 4, total_size: 4 buffers
[ZMQEndpointInterface] *** Starting ZMQ processing ***
[ZMQEndpointInterface] Protocol version: 4
[ZMQEndpointInterface] Protocol v4: Received 64D token (latent action), tokens[0]=0.0365, frame_index: 321
[ZMQEndpointInterface] Protocol v4: Left hand joints set: [0.0000, 0.0000, 0.0000, 0.0000, 0.0000, 0.0000, 0.0000]
[ZMQEndpointInterface] Protocol v4: Right hand joints set: [0.0000, 0.0000, 0.0000, 0.0156, 0.0000, 0.0000, 0.0000]
[ZMQEndpointInterface] Received ZMQ message - topic: 'pose', protocol_version: 4, num_fields: 4, total_size: 4 buffers
[ZMQEndpointInterface] *** Starting ZMQ processing ***
[ZMQEndpointInterface] Protocol version: 4
[ZMQEndpointInterface] Protocol v4: Received 64D token (latent action), tokens[0]=0.0356, frame_index: 322
[ZMQEndpointInterface] Protocol v4: Left hand joints set: [0.0000, 0.0000, 0.0000, 0.0000, 0.0000, 0.0000, 0.0000]
[ZMQEndpointInterface] Protocol v4: Right hand joints set: [0.0000, 0.0000, 0.0000, 0.0156, 0.0059, 0.0000, 0.0000]
[ZMQEndpointInterface] Received ZMQ message - topic: 'pose', protocol_version: 4, num_fields: 4, total_size: 4 buffers
[ZMQEndpointInterface] *** Starting ZMQ processing ***
[ZMQEndpointInterface] Protocol version: 4
[ZMQEndpointInterface] Protocol v4: Received 64D token (latent action), tokens[0]=0.0339, frame_index: 323
[ZMQEndpointInterface] Protocol v4: Left hand joints set: [0.0000, 0.0000, 0.0000, 0.0000, 0.0000, 0.0000, 0.0000]
[ZMQEndpointInterface] Protocol v4: Right hand joints set: [0.0000, -0.0055, -0.0041, 0.0098, 0.0029, 0.0000, 0.0000]
[ZMQEndpointInterface] Received ZMQ message - topic: 'pose', protocol_version: 4, num_fields: 4, total_size: 4 buffers
[ZMQEndpointInterface] *** Starting ZMQ processing ***
[ZMQEndpointInterface] Protocol version: 4
[ZMQEndpointInterface] Protocol v4: Received 64D token (latent action), tokens[0]=0.0348, frame_index: 324
[ZMQEndpointInterface] Protocol v4: Left hand joints set: [0.0000, 0.0000, 0.0000, 0.0000, 0.0000, 0.0000, 0.0000]
[ZMQEndpointInterface] Protocol v4: Right hand joints set: [0.0000, 0.0000, -0.0014, 0.0078, 0.0176, 0.0039, 0.0000]
[ZMQEndpointInterface] Received ZMQ message - topic: 'pose', protocol_version: 4, num_fields: 4, total_size: 4 buffers
[ZMQEndpointInterface] *** Starting ZMQ processing ***
[ZMQEndpointInterface] Protocol version: 4
[ZMQEndpointInterface] Protocol v4: Received 64D token (latent action), tokens[0]=0.0369, frame_index: 325
[ZMQEndpointInterface] Protocol v4: Left hand joints set: [0.0000, 0.0000, 0.0000, 0.0000, 0.0000, 0.0000, 0.0000]
[ZMQEndpointInterface] Protocol v4: Right hand joints set: [0.0000, 0.0000, 0.0000, 0.0098, 0.0059, 0.0000, 0.0000]
[ZMQEndpointInterface] Received ZMQ message - topic: 'pose', protocol_version: 4, num_fields: 4, total_size: 4 buffers
Loop timing - LowState age: 6.2230ms, Streaming data mean delay: 8.8110ms, Streaming data std delay: 6.4303ms, IMU age: 6.2240ms, Obs: 65us, Policy: 3512us, Obs 2 Motor Command: 3578us, Post processing: 44us | HandCloseRatio: 1.0000
[ZMQEndpointInterface] *** Starting ZMQ processing ***
[ZMQEndpointInterface] Protocol version: 4
[ZMQEndpointInterface] Protocol v4: Received 64D token (latent action), tokens[0]=0.0335, frame_index: 326
[ZMQEndpointInterface] Protocol v4: Left hand joints set: [0.0000, 0.0000, 0.0000, 0.0000, 0.0000, 0.0000, 0.0000]
[ZMQEndpointInterface] Protocol v4: Right hand joints set: [0.0000, -0.0055, -0.0014, 0.0156, 0.0059, 0.0020, 0.0000]
[ZMQEndpointInterface] Received ZMQ message - topic: 'pose', protocol_version: 4, num_fields: 4, total_size: 4 buffers
[ZMQEndpointInterface] *** Starting ZMQ processing ***
[ZMQEndpointInterface] Protocol version: 4
[ZMQEndpointInterface] Protocol v4: Received 64D token (latent action), tokens[0]=0.0327, frame_index: 327
[ZMQEndpointInterface] Protocol v4: Left hand joints set: [0.0000, 0.0000, 0.0000, 0.0000, 0.0000, 0.0000, 0.0000]
[ZMQEndpointInterface] Protocol v4: Right hand joints set: [0.0000, 0.0000, -0.0041, 0.0117, 0.0146, 0.0000, 0.0146]
[ZMQEndpointInterface] Received ZMQ message - topic: 'pose', protocol_version: 4, num_fields: 4, total_size: 4 buffers
[ZMQEndpointInterface] *** Starting ZMQ processing ***
[ZMQEndpointInterface] Protocol version: 4
[ZMQEndpointInterface] Protocol v4: Received 64D token (latent action), tokens[0]=0.0331, frame_index: 328
[ZMQEndpointInterface] Protocol v4: Left hand joints set: [0.0000, 0.0027, 0.0000, 0.0000, 0.0000, 0.0000, 0.0000]
[ZMQEndpointInterface] Protocol v4: Right hand joints set: [0.0000, -0.0027, -0.0027, 0.0117, 0.0059, 0.0000, 0.0029]
[ZMQEndpointInterface] Received ZMQ message - topic: 'pose', protocol_version: 4, num_fields: 4, total_size: 4 buffers
[ZMQEndpointInterface] *** Starting ZMQ processing ***
[ZMQEndpointInterface] Protocol version: 4
[ZMQEndpointInterface] Protocol v4: Received 64D token (latent action), tokens[0]=0.0348, frame_index: 329
[ZMQEndpointInterface] Protocol v4: Left hand joints set: [0.0000, 0.0055, 0.0000, 0.0000, 0.0000, 0.0000, 0.0000]
[ZMQEndpointInterface] Protocol v4: Right hand joints set: [0.0000, -0.0027, -0.0014, 0.0195, 0.0117, 0.0039, 0.0000]
[ZMQEndpointInterface] Received ZMQ message - topic: 'pose', protocol_version: 4, num_fields: 4, total_size: 4 buffers
[ZMQEndpointInterface] *** Starting ZMQ processing ***
[ZMQEndpointInterface] Protocol version: 4
[ZMQEndpointInterface] Protocol v4: Received 64D token (latent action), tokens[0]=0.0352, frame_index: 330
[ZMQEndpointInterface] Protocol v4: Left hand joints set: [0.0000, 0.0000, 0.0014, 0.0000, 0.0000, 0.0000, 0.0000]
[ZMQEndpointInterface] Protocol v4: Right hand joints set: [0.0000, -0.0027, 0.0000, 0.0195, 0.0088, 0.0039, 0.0000]
[ZMQEndpointInterface] Received ZMQ message - topic: 'pose', protocol_version: 4, num_fields: 4, total_size: 4 buffers
[ZMQEndpointInterface] *** Starting ZMQ processing ***
[ZMQEndpointInterface] Protocol version: 4
[ZMQEndpointInterface] Protocol v4: Received 64D token (latent action), tokens[0]=0.0305, frame_index: 331
[ZMQEndpointInterface] Protocol v4: Left hand joints set: [0.0000, 0.0000, 0.0000, 0.0000, 0.0000, 0.0000, 0.0000]
[ZMQEndpointInterface] Protocol v4: Right hand joints set: [0.0000, 0.0000, -0.0027, 0.0117, 0.0059, 0.0000, 0.0000]
[ZMQEndpointInterface] Received ZMQ message - topic: 'pose', protocol_version: 4, num_fields: 4, total_size: 4 buffers
[ZMQEndpointInterface] *** Starting ZMQ processing ***
[ZMQEndpointInterface] Protocol version: 4
[ZMQEndpointInterface] Protocol v4: Received 64D token (latent action), tokens[0]=0.0301, frame_index: 332
[ZMQEndpointInterface] Protocol v4: Left hand joints set: [0.0000, 0.0000, 0.0000, 0.0000, 0.0000, 0.0000, 0.0000]
[ZMQEndpointInterface] Protocol v4: Right hand joints set: [0.0000, -0.0014, -0.0027, 0.0195, 0.0088, 0.0039, 0.0029]
[ZMQEndpointInterface] Received ZMQ message - topic: 'pose', protocol_version: 4, num_fields: 4, total_size: 4 buffers
[ZMQEndpointInterface] *** Starting ZMQ processing ***
[ZMQEndpointInterface] Protocol version: 4
[ZMQEndpointInterface] Protocol v4: Received 64D token (latent action), tokens[0]=0.0271, frame_index: 333
[ZMQEndpointInterface] Protocol v4: Left hand joints set: [0.0000, 0.0000, 0.0000, 0.0000, 0.0000, 0.0000, 0.0000]
[ZMQEndpointInterface] Protocol v4: Right hand joints set: [0.0000, -0.0041, -0.0027, 0.0117, 0.0059, 0.0020, 0.0029]
[ZMQEndpointInterface] Received ZMQ message - topic: 'pose', protocol_version: 4, num_fields: 4, total_size: 4 buffers
[ZMQEndpointInterface] *** Starting ZMQ processing ***
[ZMQEndpointInterface] Protocol version: 4
[ZMQEndpointInterface] Protocol v4: Received 64D token (latent action), tokens[0]=0.0275, frame_index: 334
[ZMQEndpointInterface] Protocol v4: Left hand joints set: [0.0000, 0.0027, 0.0000, 0.0000, 0.0000, 0.0000, 0.0000]
[ZMQEndpointInterface] Protocol v4: Right hand joints set: [0.0000, -0.0014, 0.0000, 0.0098, 0.0059, 0.0000, 0.0000]
[ZMQEndpointInterface] Received ZMQ message - topic: 'pose', protocol_version: 4, num_fields: 4, total_size: 4 buffers
[ZMQEndpointInterface] *** Starting ZMQ processing ***
[ZMQEndpointInterface] Protocol version: 4
[ZMQEndpointInterface] Protocol v4: Received 64D token (latent action), tokens[0]=0.0262, frame_index: 335
[ZMQEndpointInterface] Protocol v4: Left hand joints set: [0.0000, 0.0000, 0.0000, 0.0000, 0.0000, 0.0000, 0.0000]
[ZMQEndpointInterface] Protocol v4: Right hand joints set: [0.0000, 0.0000, -0.0027, 0.0117, 0.0000, 0.0020, 0.0000]
[ZMQEndpointInterface] Received ZMQ message - topic: 'pose', protocol_version: 4, num_fields: 4, total_size: 4 buffers
[ZMQEndpointInterface] *** Starting ZMQ processing ***
[ZMQEndpointInterface] Protocol version: 4
[ZMQEndpointInterface] Protocol v4: Received 64D token (latent action), tokens[0]=0.0220, frame_index: 336
[ZMQEndpointInterface] Protocol v4: Left hand joints set: [0.0000, 0.0000, 0.0000, 0.0000, 0.0000, 0.0000, 0.0000]
[ZMQEndpointInterface] Protocol v4: Right hand joints set: [0.0000, -0.0055, -0.0027, 0.0156, 0.0059, 0.0020, 0.0029]
[ZMQEndpointInterface] Received ZMQ message - topic: 'pose', protocol_version: 4, num_fields: 4, total_size: 4 buffers
[ZMQEndpointInterface] *** Starting ZMQ processing ***
[ZMQEndpointInterface] Protocol version: 4
[ZMQEndpointInterface] Protocol v4: Received 64D token (latent action), tokens[0]=0.0211, frame_index: 337
[ZMQEndpointInterface] Protocol v4: Left hand joints set: [0.0000, 0.0000, 0.0000, 0.0000, 0.0000, 0.0000, 0.0000]
[ZMQEndpointInterface] Protocol v4: Right hand joints set: [0.0000, -0.0055, -0.0027, 0.0156, 0.0059, 0.0020, 0.0000]
[ZMQEndpointInterface] Received ZMQ message - topic: 'pose', protocol_version: 4, num_fields: 4, total_size: 4 buffers
[ZMQEndpointInterface] *** Starting ZMQ processing ***
[ZMQEndpointInterface] Protocol version: 4
[ZMQEndpointInterface] Protocol v4: Received 64D token (latent action), tokens[0]=0.0177, frame_index: 338
[ZMQEndpointInterface] Protocol v4: Left hand joints set: [0.0000, 0.0000, 0.0000, 0.0000, 0.0000, 0.0000, 0.0000]
[ZMQEndpointInterface] Protocol v4: Right hand joints set: [0.0000, -0.0055, -0.0041, 0.0156, 0.0117, 0.0117, 0.0000]
[ZMQEndpointInterface] Received ZMQ message - topic: 'pose', protocol_version: 4, num_fields: 4, total_size: 4 buffers
[ZMQEndpointInterface] *** Starting ZMQ processing ***
[ZMQEndpointInterface] Protocol version: 4
[ZMQEndpointInterface] Protocol v4: Received 64D token (latent action), tokens[0]=0.0203, frame_index: 339
[ZMQEndpointInterface] Protocol v4: Left hand joints set: [0.0000, 0.0000, 0.0000, 0.0000, 0.0000, 0.0000, 0.0000]
[ZMQEndpointInterface] Protocol v4: Right hand joints set: [0.0000, -0.0082, 0.0000, 0.0117, 0.0000, 0.0020, 0.0000]
[ZMQEndpointInterface] Received ZMQ message - topic: 'pose', protocol_version: 4, num_fields: 4, total_size: 4 buffers
[ZMQEndpointInterface] *** Starting ZMQ processing ***
[ZMQEndpointInterface] Protocol version: 4
[ZMQEndpointInterface] Protocol v4: Received 64D token (latent action), tokens[0]=0.0211, frame_index: 340
[ZMQEndpointInterface] Protocol v4: Left hand joints set: [0.0000, 0.0000, 0.0000, 0.0000, 0.0000, 0.0000, 0.0000]
[ZMQEndpointInterface] Protocol v4: Right hand joints set: [0.0000, -0.0068, 0.0000, 0.0000, 0.0059, 0.0000, 0.0000]
[ZMQEndpointInterface] Received ZMQ message - topic: 'pose', protocol_version: 4, num_fields: 4, total_size: 4 buffers
[ZMQEndpointInterface] *** Starting ZMQ processing ***
[ZMQEndpointInterface] Protocol version: 4
[ZMQEndpointInterface] Protocol v4: Received 64D token (latent action), tokens[0]=0.0211, frame_index: 341
[ZMQEndpointInterface] Protocol v4: Left hand joints set: [0.0000, 0.0000, 0.0041, 0.0000, 0.0000, 0.0000, 0.0000]
[ZMQEndpointInterface] Protocol v4: Right hand joints set: [0.0000, -0.0027, 0.0000, 0.0059, 0.0029, 0.0000, 0.0000]
[ZMQEndpointInterface] Received ZMQ message - topic: 'pose', protocol_version: 4, num_fields: 4, total_size: 4 buffers
[ZMQEndpointInterface] *** Starting ZMQ processing ***
[ZMQEndpointInterface] Protocol version: 4
[ZMQEndpointInterface] Protocol v4: Received 64D token (latent action), tokens[0]=0.0203, frame_index: 342
[ZMQEndpointInterface] Protocol v4: Left hand joints set: [0.0000, 0.0000, 0.0027, 0.0000, 0.0000, 0.0000, 0.0000]
[ZMQEndpointInterface] Protocol v4: Right hand joints set: [0.0000, -0.0055, 0.0000, 0.0000, 0.0059, 0.0000, 0.0000]
[ZMQEndpointInterface] Received ZMQ message - topic: 'pose', protocol_version: 4, num_fields: 4, total_size: 4 buffers
[ZMQEndpointInterface] *** Starting ZMQ processing ***
[ZMQEndpointInterface] Protocol version: 4
[ZMQEndpointInterface] Protocol v4: Received 64D token (latent action), tokens[0]=0.0173, frame_index: 343
[ZMQEndpointInterface] Protocol v4: Left hand joints set: [0.0000, 0.0000, 0.0000, 0.0000, 0.0000, 0.0000, 0.0000]
[ZMQEndpointInterface] Protocol v4: Right hand joints set: [0.0000, -0.0041, 0.0000, 0.0020, 0.0000, 0.0000, 0.0000]
[ZMQEndpointInterface] Received ZMQ message - topic: 'pose', protocol_version: 4, num_fields: 4, total_size: 4 buffers
[ZMQEndpointInterface] *** Starting ZMQ processing ***
[ZMQEndpointInterface] Protocol version: 4
[ZMQEndpointInterface] Protocol v4: Received 64D token (latent action), tokens[0]=0.0203, frame_index: 344
[ZMQEndpointInterface] Protocol v4: Left hand joints set: [0.0000, 0.0000, 0.0000, 0.0000, 0.0000, 0.0000, 0.0000]
[ZMQEndpointInterface] Protocol v4: Right hand joints set: [0.0000, -0.0041, -0.0027, 0.0000, 0.0000, 0.0000, 0.0000]
[ZMQEndpointInterface] Received ZMQ message - topic: 'pose', protocol_version: 4, num_fields: 4, total_size: 4 buffers
[ZMQEndpointInterface] *** Starting ZMQ processing ***
[ZMQEndpointInterface] Protocol version: 4
[ZMQEndpointInterface] Protocol v4: Received 64D token (latent action), tokens[0]=0.0211, frame_index: 345
[ZMQEndpointInterface] Protocol v4: Left hand joints set: [0.0000, 0.0000, 0.0000, 0.0000, 0.0000, 0.0000, 0.0000]
[ZMQEndpointInterface] Protocol v4: Right hand joints set: [0.0000, -0.0055, 0.0000, 0.0000, 0.0000, 0.0000, 0.0000]
[ZMQEndpointInterface] Received ZMQ message - topic: 'pose', protocol_version: 4, num_fields: 4, total_size: 4 buffers
[ZMQEndpointInterface] *** Starting ZMQ processing ***
[ZMQEndpointInterface] Protocol version: 4
[ZMQEndpointInterface] Protocol v4: Received 64D token (latent action), tokens[0]=0.0160, frame_index: 346
[ZMQEndpointInterface] Protocol v4: Left hand joints set: [0.0000, 0.0000, 0.0000, 0.0000, 0.0000, 0.0000, 0.0000]
[ZMQEndpointInterface] Protocol v4: Right hand joints set: [0.0000, -0.0082, -0.0027, 0.0039, 0.0000, 0.0000, 0.0000]
[ZMQEndpointInterface] Received ZMQ message - topic: 'pose', protocol_version: 4, num_fields: 4, total_size: 4 buffers
[ZMQEndpointInterface] *** Starting ZMQ processing ***
[ZMQEndpointInterface] Protocol version: 4
[ZMQEndpointInterface] Protocol v4: Received 64D token (latent action), tokens[0]=0.0215, frame_index: 347
[ZMQEndpointInterface] Protocol v4: Left hand joints set: [0.0000, 0.0000, 0.0000, -0.0039, 0.0000, 0.0000, 0.0000]
[ZMQEndpointInterface] Protocol v4: Right hand joints set: [0.0000, 0.0000, 0.0000, 0.0020, 0.0000, 0.0000, 0.0000]
[ZMQEndpointInterface] Received ZMQ message - topic: 'pose', protocol_version: 4, num_fields: 4, total_size: 4 buffers
[ZMQEndpointInterface] *** Starting ZMQ processing ***
[ZMQEndpointInterface] Protocol version: 4
[ZMQEndpointInterface] Protocol v4: Received 64D token (latent action), tokens[0]=0.0211, frame_index: 348
[ZMQEndpointInterface] Protocol v4: Left hand joints set: [0.0000, 0.0000, 0.0000, 0.0000, 0.0000, 0.0000, 0.0000]
[ZMQEndpointInterface] Protocol v4: Right hand joints set: [0.0000, -0.0027, 0.0000, 0.0039, 0.0000, 0.0000, 0.0000]
[ZMQEndpointInterface] Received ZMQ message - topic: 'pose', protocol_version: 4, num_fields: 4, total_size: 4 buffers
[ZMQEndpointInterface] *** Starting ZMQ processing ***
[ZMQEndpointInterface] Protocol version: 4
[ZMQEndpointInterface] Protocol v4: Received 64D token (latent action), tokens[0]=0.0194, frame_index: 349
[ZMQEndpointInterface] Protocol v4: Left hand joints set: [0.0000, 0.0000, 0.0000, 0.0000, 0.0000, 0.0000, 0.0000]
[ZMQEndpointInterface] Protocol v4: Right hand joints set: [0.0000, -0.0055, 0.0000, 0.0059, 0.0000, 0.0000, 0.0000]
[Token Flow] Copied external tokens, tokens[0]=0.0194
[ZMQEndpointInterface] Received ZMQ message - topic: 'pose', protocol_version: 4, num_fields: 4, total_size: 4 buffers
[ZMQEndpointInterface] *** Starting ZMQ processing ***
[ZMQEndpointInterface] Protocol version: 4
[ZMQEndpointInterface] Protocol v4: Received 64D token (latent action), tokens[0]=0.0211, frame_index: 350
[ZMQEndpointInterface] Protocol v4: Left hand joints set: [0.0000, 0.0000, 0.0000, 0.0000, 0.0000, 0.0000, 0.0000]
[ZMQEndpointInterface] Protocol v4: Right hand joints set: [0.0000, -0.0055, 0.0000, 0.0059, 0.0000, 0.0000, 0.0000]
[ZMQEndpointInterface] Received ZMQ message - topic: 'pose', protocol_version: 4, num_fields: 4, total_size: 4 buffers
[ZMQEndpointInterface] *** Starting ZMQ processing ***
[ZMQEndpointInterface] Protocol version: 4
[ZMQEndpointInterface] Protocol v4: Received 64D token (latent action), tokens[0]=0.0250, frame_index: 351
[ZMQEndpointInterface] Protocol v4: Left hand joints set: [0.0000, 0.0000, 0.0000, 0.0000, 0.0000, 0.0000, 0.0000]
[ZMQEndpointInterface] Protocol v4: Right hand joints set: [0.0000, -0.0082, 0.0000, 0.0000, 0.0000, 0.0000, 0.0000]
[ZMQEndpointInterface] Received ZMQ message - topic: 'pose', protocol_version: 4, num_fields: 4, total_size: 4 buffers
[ZMQEndpointInterface] *** Starting ZMQ processing ***
[ZMQEndpointInterface] Protocol version: 4
[ZMQEndpointInterface] Protocol v4: Received 64D token (latent action), tokens[0]=0.0186, frame_index: 352
[ZMQEndpointInterface] Protocol v4: Left hand joints set: [0.0000, 0.0000, 0.0000, 0.0000, 0.0000, 0.0000, 0.0000]
[ZMQEndpointInterface] Protocol v4: Right hand joints set: [0.0000, -0.0041, -0.0027, 0.0000, 0.0000, 0.0000, 0.0000]
[ZMQEndpointInterface] Received ZMQ message - topic: 'pose', protocol_version: 4, num_fields: 4, total_size: 4 buffers
[ZMQEndpointInterface] *** Starting ZMQ processing ***
[ZMQEndpointInterface] Protocol version: 4
[ZMQEndpointInterface] Protocol v4: Received 64D token (latent action), tokens[0]=0.0203, frame_index: 353
[ZMQEndpointInterface] Protocol v4: Left hand joints set: [0.0000, 0.0000, 0.0000, 0.0000, 0.0000, 0.0000, 0.0000]
[ZMQEndpointInterface] Protocol v4: Right hand joints set: [0.0000, -0.0055, 0.0000, 0.0000, 0.0088, 0.0000, 0.0000]
[ZMQEndpointInterface] Received ZMQ message - topic: 'pose', protocol_version: 4, num_fields: 4, total_size: 4 buffers
[ZMQEndpointInterface] *** Starting ZMQ processing ***
[ZMQEndpointInterface] Protocol version: 4
[ZMQEndpointInterface] Protocol v4: Received 64D token (latent action), tokens[0]=0.0245, frame_index: 354
[ZMQEndpointInterface] Protocol v4: Left hand joints set: [0.0000, 0.0000, 0.0000, 0.0000, 0.0000, 0.0000, 0.0000]
[ZMQEndpointInterface] Protocol v4: Right hand joints set: [0.0000, -0.0068, -0.0014, 0.0039, 0.0059, 0.0000, 0.0000]
[ZMQEndpointInterface] Received ZMQ message - topic: 'pose', protocol_version: 4, num_fields: 4, total_size: 4 buffers
[ZMQEndpointInterface] *** Starting ZMQ processing ***
[ZMQEndpointInterface] Protocol version: 4
[ZMQEndpointInterface] Protocol v4: Received 64D token (latent action), tokens[0]=0.0203, frame_index: 355
[ZMQEndpointInterface] Protocol v4: Left hand joints set: [0.0000, 0.0000, 0.0000, 0.0000, 0.0000, 0.0000, 0.0000]
[ZMQEndpointInterface] Protocol v4: Right hand joints set: [0.0000, -0.0055, 0.0000, 0.0000, 0.0059, 0.0000, 0.0000]
[ZMQEndpointInterface] Received ZMQ message - topic: 'pose', protocol_version: 4, num_fields: 4, total_size: 4 buffers
[ZMQEndpointInterface] *** Starting ZMQ processing ***
[ZMQEndpointInterface] Protocol version: 4
[ZMQEndpointInterface] Protocol v4: Received 64D token (latent action), tokens[0]=0.0233, frame_index: 356
[ZMQEndpointInterface] Protocol v4: Left hand joints set: [0.0000, 0.0000, 0.0027, 0.0000, 0.0000, 0.0000, 0.0000]
[ZMQEndpointInterface] Protocol v4: Right hand joints set: [0.0000, -0.0041, -0.0014, 0.0000, 0.0029, 0.0000, 0.0000]
[ZMQEndpointInterface] Received ZMQ message - topic: 'pose', protocol_version: 4, num_fields: 4, total_size: 4 buffers
[ZMQEndpointInterface] *** Starting ZMQ processing ***
[ZMQEndpointInterface] Protocol version: 4
[ZMQEndpointInterface] Protocol v4: Received 64D token (latent action), tokens[0]=0.0228, frame_index: 357
[ZMQEndpointInterface] Protocol v4: Left hand joints set: [0.0000, 0.0000, 0.0000, 0.0000, 0.0000, 0.0000, 0.0000]
[ZMQEndpointInterface] Protocol v4: Right hand joints set: [0.0000, -0.0055, 0.0000, 0.0020, 0.0000, 0.0000, 0.0000]
[ZMQEndpointInterface] Received ZMQ message - topic: 'pose', protocol_version: 4, num_fields: 4, total_size: 4 buffers
[ZMQEndpointInterface] *** Starting ZMQ processing ***
[ZMQEndpointInterface] Protocol version: 4
[ZMQEndpointInterface] Protocol v4: Received 64D token (latent action), tokens[0]=0.0224, frame_index: 358
[ZMQEndpointInterface] Protocol v4: Left hand joints set: [0.0000, 0.0000, 0.0000, 0.0000, 0.0000, 0.0000, 0.0000]
[ZMQEndpointInterface] Protocol v4: Right hand joints set: [0.0000, -0.0082, 0.0000, 0.0039, 0.0059, 0.0000, 0.0000]
[ZMQEndpointInterface] Received ZMQ message - topic: 'pose', protocol_version: 4, num_fields: 4, total_size: 4 buffers
[ZMQEndpointInterface] *** Starting ZMQ processing ***
[ZMQEndpointInterface] Protocol version: 4
[ZMQEndpointInterface] Protocol v4: Received 64D token (latent action), tokens[0]=0.0228, frame_index: 359
[ZMQEndpointInterface] Protocol v4: Left hand joints set: [0.0000, 0.0000, 0.0014, 0.0000, 0.0000, 0.0000, 0.0000]
[ZMQEndpointInterface] Protocol v4: Right hand joints set: [0.0000, -0.0041, 0.0000, 0.0000, 0.0000, 0.0000, 0.0000]
[ZMQEndpointInterface] Received ZMQ message - topic: 'pose', protocol_version: 4, num_fields: 4, total_size: 4 buffers
[ZMQEndpointInterface] *** Starting ZMQ processing ***
[ZMQEndpointInterface] Protocol version: 4
[ZMQEndpointInterface] Protocol v4: Received 64D token (latent action), tokens[0]=0.0228, frame_index: 360
[ZMQEndpointInterface] Protocol v4: Left hand joints set: [0.0000, 0.0000, 0.0000, 0.0000, 0.0000, 0.0000, 0.0000]
[ZMQEndpointInterface] Protocol v4: Right hand joints set: [0.0000, -0.0027, -0.0027, 0.0039, 0.0029, 0.0039, 0.0000]
[ZMQEndpointInterface] Received ZMQ message - topic: 'pose', protocol_version: 4, num_fields: 4, total_size: 4 buffers
[ZMQEndpointInterface] *** Starting ZMQ processing ***
[ZMQEndpointInterface] Protocol version: 4
[ZMQEndpointInterface] Protocol v4: Received 64D token (latent action), tokens[0]=0.0220, frame_index: 361
[ZMQEndpointInterface] Protocol v4: Left hand joints set: [0.0000, 0.0000, 0.0000, 0.0000, 0.0000, 0.0000, 0.0000]
[ZMQEndpointInterface] Protocol v4: Right hand joints set: [0.0000, -0.0068, 0.0000, 0.0039, 0.0000, 0.0000, 0.0000]
[ZMQEndpointInterface] Received ZMQ message - topic: 'pose', protocol_version: 4, num_fields: 4, total_size: 4 buffers
[ZMQEndpointInterface] *** Starting ZMQ processing ***
[ZMQEndpointInterface] Protocol version: 4
[ZMQEndpointInterface] Protocol v4: Received 64D token (latent action), tokens[0]=0.0224, frame_index: 362
[ZMQEndpointInterface] Protocol v4: Left hand joints set: [0.0000, 0.0000, 0.0000, 0.0000, 0.0000, 0.0000, 0.0000]
[ZMQEndpointInterface] Protocol v4: Right hand joints set: [0.0000, -0.0068, 0.0000, 0.0020, 0.0059, 0.0000, 0.0000]
[ZMQEndpointInterface] Received ZMQ message - topic: 'pose', protocol_version: 4, num_fields: 4, total_size: 4 buffers
[ZMQEndpointInterface] *** Starting ZMQ processing ***
[ZMQEndpointInterface] Protocol version: 4
[ZMQEndpointInterface] Protocol v4: Received 64D token (latent action), tokens[0]=0.0245, frame_index: 363
[ZMQEndpointInterface] Protocol v4: Left hand joints set: [0.0000, 0.0000, 0.0000, 0.0000, 0.0000, 0.0000, 0.0000]
[ZMQEndpointInterface] Protocol v4: Right hand joints set: [0.0000, -0.0041, -0.0027, 0.0039, 0.0088, 0.0000, 0.0000]
[ZMQEndpointInterface] Received ZMQ message - topic: 'pose', protocol_version: 4, num_fields: 4, total_size: 4 buffers
[ZMQEndpointInterface] *** Starting ZMQ processing ***
[ZMQEndpointInterface] Protocol version: 4
[ZMQEndpointInterface] Protocol v4: Received 64D token (latent action), tokens[0]=0.0211, frame_index: 364
[ZMQEndpointInterface] Protocol v4: Left hand joints set: [0.0000, 0.0000, 0.0000, 0.0000, 0.0000, 0.0000, 0.0000]
[ZMQEndpointInterface] Protocol v4: Right hand joints set: [0.0000, -0.0055, -0.0027, 0.0000, 0.0000, 0.0000, 0.0000]
[ZMQEndpointInterface] Received ZMQ message - topic: 'pose', protocol_version: 4, num_fields: 4, total_size: 4 buffers
[ZMQEndpointInterface] *** Starting ZMQ processing ***
[ZMQEndpointInterface] Protocol version: 4
[ZMQEndpointInterface] Protocol v4: Received 64D token (latent action), tokens[0]=0.0190, frame_index: 365
[ZMQEndpointInterface] Protocol v4: Left hand joints set: [0.0000, 0.0000, 0.0027, 0.0000, 0.0000, 0.0000, 0.0000]
[ZMQEndpointInterface] Protocol v4: Right hand joints set: [0.0000, -0.0109, -0.0027, 0.0039, 0.0059, 0.0020, 0.0000]
[ZMQEndpointInterface] Received ZMQ message - topic: 'pose', protocol_version: 4, num_fields: 4, total_size: 4 buffers
[ZMQEndpointInterface] *** Starting ZMQ processing ***
[ZMQEndpointInterface] Protocol version: 4
[ZMQEndpointInterface] Protocol v4: Received 64D token (latent action), tokens[0]=0.0220, frame_index: 366
[ZMQEndpointInterface] Protocol v4: Left hand joints set: [0.0000, 0.0000, 0.0000, 0.0000, 0.0000, 0.0000, 0.0000]
[ZMQEndpointInterface] Protocol v4: Right hand joints set: [0.0000, -0.0014, 0.0000, 0.0039, 0.0088, 0.0000, 0.0000]
[ZMQEndpointInterface] Received ZMQ message - topic: 'pose', protocol_version: 4, num_fields: 4, total_size: 4 buffers
[ZMQEndpointInterface] *** Starting ZMQ processing ***
[ZMQEndpointInterface] Protocol version: 4
[ZMQEndpointInterface] Protocol v4: Received 64D token (latent action), tokens[0]=0.0220, frame_index: 367
[ZMQEndpointInterface] Protocol v4: Left hand joints set: [0.0000, 0.0000, 0.0000, 0.0000, 0.0000, 0.0000, 0.0000]
[ZMQEndpointInterface] Protocol v4: Right hand joints set: [0.0000, -0.0055, 0.0000, 0.0039, 0.0000, 0.0000, 0.0000]
[ZMQEndpointInterface] Received ZMQ message - topic: 'pose', protocol_version: 4, num_fields: 4, total_size: 4 buffers
[ZMQEndpointInterface] *** Starting ZMQ processing ***
[ZMQEndpointInterface] Protocol version: 4
[ZMQEndpointInterface] Protocol v4: Received 64D token (latent action), tokens[0]=0.0130, frame_index: 368
[ZMQEndpointInterface] Protocol v4: Left hand joints set: [0.0000, 0.0000, 0.0000, 0.0000, 0.0000, 0.0000, 0.0000]
[ZMQEndpointInterface] Protocol v4: Right hand joints set: [0.0000, -0.0055, 0.0000, 0.0000, 0.0000, 0.0000, 0.0000]
[ZMQEndpointInterface] Received ZMQ message - topic: 'pose', protocol_version: 4, num_fields: 4, total_size: 4 buffers
[ZMQEndpointInterface] *** Starting ZMQ processing ***
[ZMQEndpointInterface] Protocol version: 4
[ZMQEndpointInterface] Protocol v4: Received 64D token (latent action), tokens[0]=0.0168, frame_index: 369
[ZMQEndpointInterface] Protocol v4: Left hand joints set: [0.0000, 0.0014, 0.0000, 0.0000, 0.0000, 0.0000, 0.0000]
[ZMQEndpointInterface] Protocol v4: Right hand joints set: [0.0000, -0.0096, -0.0041, 0.0039, 0.0029, 0.0000, 0.0000]
[ZMQEndpointInterface] Received ZMQ message - topic: 'pose', protocol_version: 4, num_fields: 4, total_size: 4 buffers
[ZMQEndpointInterface] *** Starting ZMQ processing ***
[ZMQEndpointInterface] Protocol version: 4
[ZMQEndpointInterface] Protocol v4: Received 64D token (latent action), tokens[0]=0.0168, frame_index: 370
[ZMQEndpointInterface] Protocol v4: Left hand joints set: [0.0000, 0.0000, 0.0014, -0.0039, 0.0000, 0.0000, 0.0000]
[ZMQEndpointInterface] Protocol v4: Right hand joints set: [0.0000, -0.0041, 0.0000, 0.0000, 0.0000, 0.0000, 0.0000]
[ZMQEndpointInterface] Received ZMQ message - topic: 'pose', protocol_version: 4, num_fields: 4, total_size: 4 buffers
[ZMQEndpointInterface] *** Starting ZMQ processing ***
[ZMQEndpointInterface] Protocol version: 4
[ZMQEndpointInterface] Protocol v4: Received 64D token (latent action), tokens[0]=0.0207, frame_index: 371
[ZMQEndpointInterface] Protocol v4: Left hand joints set: [0.0000, 0.0000, 0.0014, 0.0000, 0.0000, 0.0000, 0.0000]
[ZMQEndpointInterface] Protocol v4: Right hand joints set: [0.0000, -0.0068, 0.0000, 0.0000, 0.0000, 0.0000, 0.0000]
[ZMQEndpointInterface] Received ZMQ message - topic: 'pose', protocol_version: 4, num_fields: 4, total_size: 4 buffers
[ZMQEndpointInterface] *** Starting ZMQ processing ***
[ZMQEndpointInterface] Protocol version: 4
[ZMQEndpointInterface] Protocol v4: Received 64D token (latent action), tokens[0]=0.0250, frame_index: 372
[ZMQEndpointInterface] Protocol v4: Left hand joints set: [0.0000, 0.0000, 0.0000, 0.0000, 0.0000, 0.0000, 0.0000]
[ZMQEndpointInterface] Protocol v4: Right hand joints set: [0.0000, 0.0000, 0.0000, 0.0000, 0.0000, 0.0000, 0.0000]
[ZMQEndpointInterface] Received ZMQ message - topic: 'pose', protocol_version: 4, num_fields: 4, total_size: 4 buffers
[ZMQEndpointInterface] *** Starting ZMQ processing ***
[ZMQEndpointInterface] Protocol version: 4
[ZMQEndpointInterface] Protocol v4: Received 64D token (latent action), tokens[0]=0.0275, frame_index: 373
[ZMQEndpointInterface] Protocol v4: Left hand joints set: [0.0000, 0.0000, 0.0000, -0.0039, 0.0000, 0.0000, 0.0000]
[ZMQEndpointInterface] Protocol v4: Right hand joints set: [0.0000, -0.0014, -0.0014, 0.0000, 0.0000, 0.0000, 0.0000]
Temporary motion completed.
Reset to frame 0.
[ZMQEndpointInterface] Received ZMQ message - topic: 'pose', protocol_version: 4, num_fields: 4, total_size: 4 buffers
[ZMQEndpointInterface] *** Starting ZMQ processing ***
[ZMQEndpointInterface] Protocol version: 4
[ZMQEndpointInterface] Protocol v4: Received 64D token (latent action), tokens[0]=0.0361, frame_index: 374
[ZMQEndpointInterface] Protocol v4: Left hand joints set: [0.0000, 0.0000, 0.0055, 0.0000, 0.0000, 0.0000, 0.0000]
[ZMQEndpointInterface] Protocol v4: Right hand joints set: [0.0000, -0.0055, 0.0000, 0.0000, 0.0000, 0.0000, 0.0000]
Reset heading state to 0.9910, 0.0012, -0.0331, 0.1297
Reset delta heading to 0
Reset init reference data root rotation to current frame: 0.9997, -0.0016, -0.0224, -0.0042
**********************************************************
Reference motion name: temporary_motion
**********************************************************
[ZMQEndpointInterface] Received ZMQ message - topic: 'pose', protocol_version: 4, num_fields: 4, total_size: 4 buffers
[ZMQEndpointInterface] *** Starting ZMQ processing ***
[ZMQEndpointInterface] Protocol version: 4
[ZMQEndpointInterface] Protocol v4: Received 64D token (latent action), tokens[0]=0.0391, frame_index: 375
[ZMQEndpointInterface] Protocol v4: Left hand joints set: [0.0000, 0.0000, 0.0027, 0.0000, 0.0000, 0.0000, 0.0000]
[ZMQEndpointInterface] Protocol v4: Right hand joints set: [0.0000, -0.0068, -0.0027, 0.0000, 0.0000, 0.0000, 0.0000]
Loop timing - LowState age: 8.3940ms, Streaming data mean delay: 9.7037ms, Streaming data std delay: 6.4330ms, IMU age: 8.3870ms, Obs: 74us, Policy: 4504us, Obs 2 Motor Command: 4579us, Post processing: 44us | HandCloseRatio: 1.0000
[ZMQEndpointInterface] Received ZMQ message - topic: 'pose', protocol_version: 4, num_fields: 4, total_size: 4 buffers
[ZMQEndpointInterface] *** Starting ZMQ processing ***
[ZMQEndpointInterface] Protocol version: 4
[ZMQEndpointInterface] Protocol v4: Received 64D token (latent action), tokens[0]=0.0403, frame_index: 376
[ZMQEndpointInterface] Protocol v4: Left hand joints set: [0.0000, 0.0000, 0.0027, 0.0000, 0.0000, 0.0000, 0.0000]
[ZMQEndpointInterface] Protocol v4: Right hand joints set: [0.0000, -0.0027, 0.0000, 0.0000, 0.0000, 0.0020, 0.0000]
[ZMQEndpointInterface] Received ZMQ message - topic: 'pose', protocol_version: 4, num_fields: 4, total_size: 4 buffers
[ZMQEndpointInterface] *** Starting ZMQ processing ***
[ZMQEndpointInterface] Protocol version: 4
[ZMQEndpointInterface] Protocol v4: Received 64D token (latent action), tokens[0]=0.0412, frame_index: 377
[ZMQEndpointInterface] Protocol v4: Left hand joints set: [0.0000, 0.0000, 0.0000, 0.0000, 0.0000, 0.0000, 0.0000]
[ZMQEndpointInterface] Protocol v4: Right hand joints set: [0.0000, -0.0014, 0.0000, 0.0000, 0.0000, 0.0000, 0.0000]
[ZMQEndpointInterface] Received ZMQ message - topic: 'pose', protocol_version: 4, num_fields: 4, total_size: 4 buffers
[ZMQEndpointInterface] *** Starting ZMQ processing ***
[ZMQEndpointInterface] Protocol version: 4
[ZMQEndpointInterface] Protocol v4: Received 64D token (latent action), tokens[0]=0.0455, frame_index: 378
[ZMQEndpointInterface] Protocol v4: Left hand joints set: [0.0000, 0.0000, 0.0000, -0.0039, 0.0000, 0.0000, 0.0000]
[ZMQEndpointInterface] Protocol v4: Right hand joints set: [0.0000, -0.0096, -0.0027, 0.0000, 0.0029, 0.0000, 0.0000]
[ZMQEndpointInterface] Received ZMQ message - topic: 'pose', protocol_version: 4, num_fields: 4, total_size: 4 buffers
[ZMQEndpointInterface] *** Starting ZMQ processing ***
[ZMQEndpointInterface] Protocol version: 4
[ZMQEndpointInterface] Protocol v4: Received 64D token (latent action), tokens[0]=0.0472, frame_index: 379
[ZMQEndpointInterface] Protocol v4: Left hand joints set: [0.0000, 0.0000, 0.0000, 0.0000, 0.0000, 0.0000, 0.0000]
[ZMQEndpointInterface] Protocol v4: Right hand joints set: [0.0000, -0.0055, -0.0027, 0.0059, 0.0000, 0.0000, 0.0000]
[ZMQEndpointInterface] Received ZMQ message - topic: 'pose', protocol_version: 4, num_fields: 4, total_size: 4 buffers
[ZMQEndpointInterface] *** Starting ZMQ processing ***
[ZMQEndpointInterface] Protocol version: 4
[ZMQEndpointInterface] Protocol v4: Received 64D token (latent action), tokens[0]=0.0504, frame_index: 380
[ZMQEndpointInterface] Protocol v4: Left hand joints set: [0.0000, 0.0014, 0.0027, 0.0000, 0.0000, 0.0000, -0.0059]
[ZMQEndpointInterface] Protocol v4: Right hand joints set: [0.0000, -0.0041, -0.0014, 0.0000, 0.0000, 0.0000, 0.0000]
[ZMQEndpointInterface] Received ZMQ message - topic: 'pose', protocol_version: 4, num_fields: 4, total_size: 4 buffers
[ZMQEndpointInterface] *** Starting ZMQ processing ***
[ZMQEndpointInterface] Protocol version: 4
[ZMQEndpointInterface] Protocol v4: Received 64D token (latent action), tokens[0]=0.0519, frame_index: 381
[ZMQEndpointInterface] Protocol v4: Left hand joints set: [0.0000, 0.0000, 0.0027, 0.0000, 0.0000, 0.0000, -0.0029]
[ZMQEndpointInterface] Protocol v4: Right hand joints set: [0.0000, -0.0068, 0.0000, 0.0020, 0.0000, 0.0059, 0.0000]
[ZMQEndpointInterface] Received ZMQ message - topic: 'pose', protocol_version: 4, num_fields: 4, total_size: 4 buffers
[ZMQEndpointInterface] *** Starting ZMQ processing ***
[ZMQEndpointInterface] Protocol version: 4
[ZMQEndpointInterface] Protocol v4: Received 64D token (latent action), tokens[0]=0.0510, frame_index: 382
[ZMQEndpointInterface] Protocol v4: Left hand joints set: [0.0000, 0.0000, 0.0027, 0.0000, 0.0000, 0.0000, 0.0000]
[ZMQEndpointInterface] Protocol v4: Right hand joints set: [0.0000, -0.0082, -0.0014, 0.0020, 0.0000, 0.0000, 0.0000]
[ZMQEndpointInterface] Received ZMQ message - topic: 'pose', protocol_version: 4, num_fields: 4, total_size: 4 buffers
[ZMQEndpointInterface] *** Starting ZMQ processing ***
[ZMQEndpointInterface] Protocol version: 4
[ZMQEndpointInterface] Protocol v4: Received 64D token (latent action), tokens[0]=0.0495, frame_index: 383
[ZMQEndpointInterface] Protocol v4: Left hand joints set: [0.0000, 0.0000, 0.0000, 0.0000, 0.0000, 0.0000, 0.0000]
[ZMQEndpointInterface] Protocol v4: Right hand joints set: [0.0000, -0.0082, -0.0027, 0.0059, 0.0000, 0.0000, 0.0000]
[ZMQEndpointInterface] Received ZMQ message - topic: 'pose', protocol_version: 4, num_fields: 4, total_size: 4 buffers
[ZMQEndpointInterface] *** Starting ZMQ processing ***
[ZMQEndpointInterface] Protocol version: 4
[ZMQEndpointInterface] Protocol v4: Received 64D token (latent action), tokens[0]=0.0485, frame_index: 384
[ZMQEndpointInterface] Protocol v4: Left hand joints set: [0.0000, 0.0000, 0.0041, 0.0000, 0.0000, 0.0000, 0.0000]
[ZMQEndpointInterface] Protocol v4: Right hand joints set: [0.0000, -0.0055, 0.0000, 0.0000, 0.0059, 0.0000, 0.0000]
[ZMQEndpointInterface] Received ZMQ message - topic: 'pose', protocol_version: 4, num_fields: 4, total_size: 4 buffers
[ZMQEndpointInterface] *** Starting ZMQ processing ***
[ZMQEndpointInterface] Protocol version: 4
[ZMQEndpointInterface] Protocol v4: Received 64D token (latent action), tokens[0]=0.0506, frame_index: 385
[ZMQEndpointInterface] Protocol v4: Left hand joints set: [0.0000, 0.0000, 0.0082, 0.0000, 0.0000, 0.0000, 0.0000]
[ZMQEndpointInterface] Protocol v4: Right hand joints set: [0.0000, -0.0082, -0.0014, 0.0000, 0.0059, 0.0000, 0.0000]
[ZMQEndpointInterface] Received ZMQ message - topic: 'pose', protocol_version: 4, num_fields: 4, total_size: 4 buffers
[ZMQEndpointInterface] *** Starting ZMQ processing ***
[ZMQEndpointInterface] Protocol version: 4
[ZMQEndpointInterface] Protocol v4: Received 64D token (latent action), tokens[0]=0.0493, frame_index: 386
[ZMQEndpointInterface] Protocol v4: Left hand joints set: [0.0000, 0.0014, 0.0055, 0.0000, 0.0000, 0.0000, 0.0000]
[ZMQEndpointInterface] Protocol v4: Right hand joints set: [0.0000, -0.0068, 0.0000, 0.0000, 0.0000, 0.0000, 0.0000]
[ZMQEndpointInterface] Received ZMQ message - topic: 'pose', protocol_version: 4, num_fields: 4, total_size: 4 buffers
[ZMQEndpointInterface] *** Starting ZMQ processing ***
[ZMQEndpointInterface] Protocol version: 4
[ZMQEndpointInterface] Protocol v4: Received 64D token (latent action), tokens[0]=0.0478, frame_index: 387
[ZMQEndpointInterface] Protocol v4: Left hand joints set: [0.0000, 0.0000, 0.0000, 0.0000, 0.0000, 0.0000, 0.0000]
[ZMQEndpointInterface] Protocol v4: Right hand joints set: [0.0000, -0.0082, 0.0000, 0.0000, 0.0000, 0.0000, 0.0000]
[ZMQEndpointInterface] Received ZMQ message - topic: 'pose', protocol_version: 4, num_fields: 4, total_size: 4 buffers
[ZMQEndpointInterface] *** Starting ZMQ processing ***
[ZMQEndpointInterface] Protocol version: 4
[ZMQEndpointInterface] Protocol v4: Received 64D token (latent action), tokens[0]=0.0502, frame_index: 388
[ZMQEndpointInterface] Protocol v4: Left hand joints set: [0.0000, 0.0000, 0.0027, 0.0000, 0.0000, 0.0000, 0.0000]
[ZMQEndpointInterface] Protocol v4: Right hand joints set: [0.0000, -0.0055, 0.0000, 0.0000, 0.0000, 0.0000, 0.0000]
[ZMQEndpointInterface] Received ZMQ message - topic: 'pose', protocol_version: 4, num_fields: 4, total_size: 4 buffers
[ZMQEndpointInterface] *** Starting ZMQ processing ***
[ZMQEndpointInterface] Protocol version: 4
[ZMQEndpointInterface] Protocol v4: Received 64D token (latent action), tokens[0]=0.0450, frame_index: 389
[ZMQEndpointInterface] Protocol v4: Left hand joints set: [0.0000, 0.0014, 0.0027, 0.0000, 0.0000, 0.0000, 0.0000]
[ZMQEndpointInterface] Protocol v4: Right hand joints set: [0.0000, -0.0082, 0.0000, 0.0039, 0.0000, 0.0000, 0.0000]
[ZMQEndpointInterface] Received ZMQ message - topic: 'pose', protocol_version: 4, num_fields: 4, total_size: 4 buffers
[ZMQEndpointInterface] *** Starting ZMQ processing ***
[ZMQEndpointInterface] Protocol version: 4
[ZMQEndpointInterface] Protocol v4: Received 64D token (latent action), tokens[0]=0.0459, frame_index: 390
[ZMQEndpointInterface] Protocol v4: Left hand joints set: [0.0000, 0.0000, 0.0027, 0.0000, 0.0000, 0.0000, 0.0000]
[ZMQEndpointInterface] Protocol v4: Right hand joints set: [0.0000, -0.0096, 0.0000, 0.0000, 0.0059, 0.0000, 0.0000]
[ZMQEndpointInterface] Received ZMQ message - topic: 'pose', protocol_version: 4, num_fields: 4, total_size: 4 buffers
[ZMQEndpointInterface] *** Starting ZMQ processing ***
[ZMQEndpointInterface] Protocol version: 4
[ZMQEndpointInterface] Protocol v4: Received 64D token (latent action), tokens[0]=0.0442, frame_index: 391
[ZMQEndpointInterface] Protocol v4: Left hand joints set: [0.0000, 0.0000, 0.0027, 0.0000, 0.0000, 0.0000, 0.0000]
[ZMQEndpointInterface] Protocol v4: Right hand joints set: [0.0000, -0.0082, 0.0000, 0.0000, 0.0000, 0.0000, 0.0000]
[ZMQEndpointInterface] Received ZMQ message - topic: 'pose', protocol_version: 4, num_fields: 4, total_size: 4 buffers
[ZMQEndpointInterface] *** Starting ZMQ processing ***
[ZMQEndpointInterface] Protocol version: 4
[ZMQEndpointInterface] Protocol v4: Received 64D token (latent action), tokens[0]=0.0468, frame_index: 392
[ZMQEndpointInterface] Protocol v4: Left hand joints set: [0.0000, 0.0014, 0.0014, 0.0000, 0.0000, 0.0000, -0.0029]
[ZMQEndpointInterface] Protocol v4: Right hand joints set: [0.0000, -0.0082, 0.0000, 0.0000, 0.0000, 0.0020, 0.0000]
[ZMQEndpointInterface] Received ZMQ message - topic: 'pose', protocol_version: 4, num_fields: 4, total_size: 4 buffers
[ZMQEndpointInterface] *** Starting ZMQ processing ***
[ZMQEndpointInterface] Protocol version: 4
[ZMQEndpointInterface] Protocol v4: Received 64D token (latent action), tokens[0]=0.0423, frame_index: 393
[ZMQEndpointInterface] Protocol v4: Left hand joints set: [0.0000, 0.0000, 0.0000, 0.0000, 0.0000, 0.0000, 0.0000]
[ZMQEndpointInterface] Protocol v4: Right hand joints set: [0.0000, -0.0082, 0.0000, 0.0020, 0.0000, 0.0000, 0.0000]
[ZMQEndpointInterface] Received ZMQ message - topic: 'pose', protocol_version: 4, num_fields: 4, total_size: 4 buffers
[ZMQEndpointInterface] *** Starting ZMQ processing ***
[ZMQEndpointInterface] Protocol version: 4
[ZMQEndpointInterface] Protocol v4: Received 64D token (latent action), tokens[0]=0.0435, frame_index: 394
[ZMQEndpointInterface] Protocol v4: Left hand joints set: [0.0000, 0.0000, 0.0000, 0.0000, 0.0000, 0.0000, 0.0000]
[ZMQEndpointInterface] Protocol v4: Right hand joints set: [0.0000, -0.0082, -0.0014, 0.0000, 0.0000, 0.0000, 0.0000]
[ZMQEndpointInterface] Received ZMQ message - topic: 'pose', protocol_version: 4, num_fields: 4, total_size: 4 buffers
[ZMQEndpointInterface] *** Starting ZMQ processing ***
[ZMQEndpointInterface] Protocol version: 4
[ZMQEndpointInterface] Protocol v4: Received 64D token (latent action), tokens[0]=0.0408, frame_index: 395
[ZMQEndpointInterface] Protocol v4: Left hand joints set: [0.0000, 0.0000, 0.0055, 0.0000, 0.0000, 0.0000, 0.0000]
[ZMQEndpointInterface] Protocol v4: Right hand joints set: [0.0000, -0.0109, -0.0027, 0.0000, 0.0000, 0.0039, 0.0000]
[ZMQEndpointInterface] Received ZMQ message - topic: 'pose', protocol_version: 4, num_fields: 4, total_size: 4 buffers
[ZMQEndpointInterface] *** Starting ZMQ processing ***
[ZMQEndpointInterface] Protocol version: 4
[ZMQEndpointInterface] Protocol v4: Received 64D token (latent action), tokens[0]=0.0348, frame_index: 396
[ZMQEndpointInterface] Protocol v4: Left hand joints set: [0.0000, 0.0000, 0.0000, 0.0000, -0.0029, 0.0000, -0.0029]
[ZMQEndpointInterface] Protocol v4: Right hand joints set: [0.0000, -0.0041, -0.0014, 0.0039, 0.0029, 0.0039, 0.0000]
[ZMQEndpointInterface] Received ZMQ message - topic: 'pose', protocol_version: 4, num_fields: 4, total_size: 4 buffers
[ZMQEndpointInterface] *** Starting ZMQ processing ***
[ZMQEndpointInterface] Protocol version: 4
[ZMQEndpointInterface] Protocol v4: Received 64D token (latent action), tokens[0]=0.0331, frame_index: 397
[ZMQEndpointInterface] Protocol v4: Left hand joints set: [0.0000, 0.0000, 0.0000, 0.0000, 0.0000, 0.0000, -0.0029]
[ZMQEndpointInterface] Protocol v4: Right hand joints set: [0.0000, 0.0000, 0.0000, 0.0059, 0.0117, 0.0000, 0.0000]
[ZMQEndpointInterface] Received ZMQ message - topic: 'pose', protocol_version: 4, num_fields: 4, total_size: 4 buffers
[ZMQEndpointInterface] *** Starting ZMQ processing ***
[ZMQEndpointInterface] Protocol version: 4
[ZMQEndpointInterface] Protocol v4: Received 64D token (latent action), tokens[0]=0.0331, frame_index: 398
[ZMQEndpointInterface] Protocol v4: Left hand joints set: [0.0000, 0.0000, 0.0027, 0.0000, -0.0059, -0.0078, 0.0000]
[ZMQEndpointInterface] Protocol v4: Right hand joints set: [0.0000, 0.0000, -0.0014, 0.0039, 0.0000, 0.0020, 0.0000]
[ZMQEndpointInterface] Received ZMQ message - topic: 'pose', protocol_version: 4, num_fields: 4, total_size: 4 buffers
[ZMQEndpointInterface] *** Starting ZMQ processing ***
[ZMQEndpointInterface] Protocol version: 4
[ZMQEndpointInterface] Protocol v4: Received 64D token (latent action), tokens[0]=0.0305, frame_index: 399
[ZMQEndpointInterface] Protocol v4: Left hand joints set: [0.0000, 0.0000, 0.0027, 0.0000, -0.0146, 0.0000, 0.0000]
[ZMQEndpointInterface] Protocol v4: Right hand joints set: [0.0000, 0.0000, 0.0000, 0.0059, 0.0088, 0.0000, 0.0059]
[Token Flow] Copied external tokens, tokens[0]=0.0305
[ZMQEndpointInterface] Received ZMQ message - topic: 'pose', protocol_version: 4, num_fields: 4, total_size: 4 buffers
[ZMQEndpointInterface] *** Starting ZMQ processing ***
[ZMQEndpointInterface] Protocol version: 4
[ZMQEndpointInterface] Protocol v4: Received 64D token (latent action), tokens[0]=0.0327, frame_index: 400
[ZMQEndpointInterface] Protocol v4: Left hand joints set: [0.0000, 0.0000, 0.0014, 0.0000, -0.0059, -0.0078, 0.0000]
[ZMQEndpointInterface] Protocol v4: Right hand joints set: [0.0000, -0.0014, -0.0014, 0.0176, 0.0059, 0.0039, 0.0000]
[ZMQEndpointInterface] Received ZMQ message - topic: 'pose', protocol_version: 4, num_fields: 4, total_size: 4 buffers
[ZMQEndpointInterface] *** Starting ZMQ processing ***
[ZMQEndpointInterface] Protocol version: 4
[ZMQEndpointInterface] Protocol v4: Received 64D token (latent action), tokens[0]=0.0322, frame_index: 401
[ZMQEndpointInterface] Protocol v4: Left hand joints set: [0.0000, 0.0000, 0.0000, 0.0000, 0.0000, 0.0000, -0.0088]
[ZMQEndpointInterface] Protocol v4: Right hand joints set: [0.0000, -0.0027, -0.0014, 0.0039, 0.0000, 0.0000, 0.0000]
[ZMQEndpointInterface] Received ZMQ message - topic: 'pose', protocol_version: 4, num_fields: 4, total_size: 4 buffers
[ZMQEndpointInterface] *** Starting ZMQ processing ***
[ZMQEndpointInterface] Protocol version: 4
[ZMQEndpointInterface] Protocol v4: Received 64D token (latent action), tokens[0]=0.0292, frame_index: 402
[ZMQEndpointInterface] Protocol v4: Left hand joints set: [0.0000, 0.0000, 0.0027, 0.0000, 0.0000, 0.0000, -0.0029]
[ZMQEndpointInterface] Protocol v4: Right hand joints set: [0.0000, 0.0000, -0.0014, 0.0098, 0.0059, 0.0000, 0.0000]
[ZMQEndpointInterface] Received ZMQ message - topic: 'pose', protocol_version: 4, num_fields: 4, total_size: 4 buffers
[ZMQEndpointInterface] *** Starting ZMQ processing ***
[ZMQEndpointInterface] Protocol version: 4
[ZMQEndpointInterface] Protocol v4: Received 64D token (latent action), tokens[0]=0.0305, frame_index: 403
[ZMQEndpointInterface] Protocol v4: Left hand joints set: [0.0000, 0.0000, 0.0000, 0.0000, -0.0059, -0.0039, 0.0000]
[ZMQEndpointInterface] Protocol v4: Right hand joints set: [0.0000, 0.0000, 0.0000, 0.0059, 0.0000, 0.0000, 0.0000]
[ZMQEndpointInterface] Received ZMQ message - topic: 'pose', protocol_version: 4, num_fields: 4, total_size: 4 buffers
[ZMQEndpointInterface] *** Starting ZMQ processing ***
[ZMQEndpointInterface] Protocol version: 4
[ZMQEndpointInterface] Protocol v4: Received 64D token (latent action), tokens[0]=0.0331, frame_index: 404
[ZMQEndpointInterface] Protocol v4: Left hand joints set: [0.0000, 0.0000, 0.0000, 0.0000, 0.0000, 0.0000, 0.0000]
[ZMQEndpointInterface] Protocol v4: Right hand joints set: [0.0000, 0.0000, -0.0027, 0.0039, 0.0000, 0.0039, 0.0000]
[ZMQEndpointInterface] Received ZMQ message - topic: 'pose', protocol_version: 4, num_fields: 4, total_size: 4 buffers
[ZMQEndpointInterface] *** Starting ZMQ processing ***
[ZMQEndpointInterface] Protocol version: 4
[ZMQEndpointInterface] Protocol v4: Received 64D token (latent action), tokens[0]=0.0297, frame_index: 405
[ZMQEndpointInterface] Protocol v4: Left hand joints set: [0.0000, 0.0000, 0.0041, 0.0000, 0.0000, 0.0000, -0.0029]
[ZMQEndpointInterface] Protocol v4: Right hand joints set: [0.0000, -0.0014, 0.0000, 0.0039, 0.0000, 0.0000, 0.0000]
[ZMQEndpointInterface] Received ZMQ message - topic: 'pose', protocol_version: 4, num_fields: 4, total_size: 4 buffers
[ZMQEndpointInterface] *** Starting ZMQ processing ***
[ZMQEndpointInterface] Protocol version: 4
[ZMQEndpointInterface] Protocol v4: Received 64D token (latent action), tokens[0]=0.0331, frame_index: 406
[ZMQEndpointInterface] Protocol v4: Left hand joints set: [0.0000, 0.0014, 0.0027, 0.0000, 0.0000, -0.0059, -0.0059]
[ZMQEndpointInterface] Protocol v4: Right hand joints set: [0.0000, 0.0000, -0.0027, 0.0039, 0.0000, 0.0039, 0.0000]
[ZMQEndpointInterface] Received ZMQ message - topic: 'pose', protocol_version: 4, num_fields: 4, total_size: 4 buffers
[ZMQEndpointInterface] *** Starting ZMQ processing ***
[ZMQEndpointInterface] Protocol version: 4
[ZMQEndpointInterface] Protocol v4: Received 64D token (latent action), tokens[0]=0.0339, frame_index: 407
[ZMQEndpointInterface] Protocol v4: Left hand joints set: [0.0000, 0.0027, 0.0096, 0.0000, -0.0059, 0.0000, -0.0029]
[ZMQEndpointInterface] Protocol v4: Right hand joints set: [0.0000, -0.0027, -0.0027, 0.0020, 0.0029, 0.0000, 0.0000]
[ZMQEndpointInterface] Received ZMQ message - topic: 'pose', protocol_version: 4, num_fields: 4, total_size: 4 buffers
[ZMQEndpointInterface] *** Starting ZMQ processing ***
[ZMQEndpointInterface] Protocol version: 4
[ZMQEndpointInterface] Protocol v4: Received 64D token (latent action), tokens[0]=0.0356, frame_index: 408
[ZMQEndpointInterface] Protocol v4: Left hand joints set: [0.0000, 0.0027, 0.0068, -0.0020, 0.0000, 0.0000, -0.0029]
[ZMQEndpointInterface] Protocol v4: Right hand joints set: [0.0000, 0.0000, -0.0014, 0.0020, 0.0029, 0.0000, 0.0000]
[ZMQEndpointInterface] Received ZMQ message - topic: 'pose', protocol_version: 4, num_fields: 4, total_size: 4 buffers
[ZMQEndpointInterface] *** Starting ZMQ processing ***
[ZMQEndpointInterface] Protocol version: 4
[ZMQEndpointInterface] Protocol v4: Received 64D token (latent action), tokens[0]=0.0356, frame_index: 409
[ZMQEndpointInterface] Protocol v4: Left hand joints set: [0.0000, 0.0014, 0.0027, 0.0000, -0.0029, -0.0039, 0.0000]
[ZMQEndpointInterface] Protocol v4: Right hand joints set: [0.0000, 0.0000, -0.0055, 0.0000, 0.0059, 0.0000, 0.0000]
[ZMQEndpointInterface] Received ZMQ message - topic: 'pose', protocol_version: 4, num_fields: 4, total_size: 4 buffers
[ZMQEndpointInterface] *** Starting ZMQ processing ***
[ZMQEndpointInterface] Protocol version: 4
[ZMQEndpointInterface] Protocol v4: Received 64D token (latent action), tokens[0]=0.0356, frame_index: 410
[ZMQEndpointInterface] Protocol v4: Left hand joints set: [0.0000, 0.0041, 0.0027, 0.0000, 0.0000, 0.0000, -0.0088]
[ZMQEndpointInterface] Protocol v4: Right hand joints set: [0.0000, -0.0027, -0.0027, 0.0039, 0.0000, 0.0039, 0.0000]
[ZMQEndpointInterface] Received ZMQ message - topic: 'pose', protocol_version: 4, num_fields: 4, total_size: 4 buffers
[ZMQEndpointInterface] *** Starting ZMQ processing ***
[ZMQEndpointInterface] Protocol version: 4
[ZMQEndpointInterface] Protocol v4: Received 64D token (latent action), tokens[0]=0.0378, frame_index: 411
[ZMQEndpointInterface] Protocol v4: Left hand joints set: [0.0000, 0.0000, 0.0027, 0.0000, 0.0000, 0.0000, 0.0000]
[ZMQEndpointInterface] Protocol v4: Right hand joints set: [0.0000, -0.0027, -0.0055, 0.0000, 0.0029, 0.0078, 0.0000]
[ZMQEndpointInterface] Received ZMQ message - topic: 'pose', protocol_version: 4, num_fields: 4, total_size: 4 buffers
[ZMQEndpointInterface] *** Starting ZMQ processing ***
[ZMQEndpointInterface] Protocol version: 4
[ZMQEndpointInterface] Protocol v4: Received 64D token (latent action), tokens[0]=0.0374, frame_index: 412
[ZMQEndpointInterface] Protocol v4: Left hand joints set: [0.0000, 0.0000, 0.0027, -0.0078, 0.0000, 0.0000, 0.0000]
[ZMQEndpointInterface] Protocol v4: Right hand joints set: [0.0000, -0.0055, -0.0082, 0.0059, 0.0117, 0.0078, 0.0059]
[ZMQEndpointInterface] Received ZMQ message - topic: 'pose', protocol_version: 4, num_fields: 4, total_size: 4 buffers
[ZMQEndpointInterface] *** Starting ZMQ processing ***
[ZMQEndpointInterface] Protocol version: 4
[ZMQEndpointInterface] Protocol v4: Received 64D token (latent action), tokens[0]=0.0374, frame_index: 413
[ZMQEndpointInterface] Protocol v4: Left hand joints set: [0.0000, 0.0055, 0.0082, -0.0078, -0.0088, 0.0000, -0.0059]
[ZMQEndpointInterface] Protocol v4: Right hand joints set: [0.0000, 0.0000, 0.0000, 0.0039, 0.0117, 0.0000, 0.0000]
[ZMQEndpointInterface] Received ZMQ message - topic: 'pose', protocol_version: 4, num_fields: 4, total_size: 4 buffers
[ZMQEndpointInterface] *** Starting ZMQ processing ***
[ZMQEndpointInterface] Protocol version: 4
[ZMQEndpointInterface] Protocol v4: Received 64D token (latent action), tokens[0]=0.0382, frame_index: 414
[ZMQEndpointInterface] Protocol v4: Left hand joints set: [0.0000, 0.0014, 0.0000, 0.0000, 0.0000, 0.0000, -0.0029]
[ZMQEndpointInterface] Protocol v4: Right hand joints set: [0.0000, 0.0000, -0.0027, 0.0078, 0.0000, 0.0078, 0.0000]
[ZMQEndpointInterface] Received ZMQ message - topic: 'pose', protocol_version: 4, num_fields: 4, total_size: 4 buffers
[ZMQEndpointInterface] *** Starting ZMQ processing ***
[ZMQEndpointInterface] Protocol version: 4
[ZMQEndpointInterface] Protocol v4: Received 64D token (latent action), tokens[0]=0.0386, frame_index: 415
[ZMQEndpointInterface] Protocol v4: Left hand joints set: [0.0000, 0.0041, 0.0014, -0.0020, 0.0000, 0.0000, 0.0000]
[ZMQEndpointInterface] Protocol v4: Right hand joints set: [0.0000, -0.0014, -0.0014, 0.0020, 0.0176, 0.0039, 0.0059]
[ZMQEndpointInterface] Received ZMQ message - topic: 'pose', protocol_version: 4, num_fields: 4, total_size: 4 buffers
[ZMQEndpointInterface] *** Starting ZMQ processing ***
[ZMQEndpointInterface] Protocol version: 4
[ZMQEndpointInterface] Protocol v4: Received 64D token (latent action), tokens[0]=0.0429, frame_index: 416
[ZMQEndpointInterface] Protocol v4: Left hand joints set: [0.0000, 0.0014, 0.0041, 0.0000, -0.0029, 0.0000, 0.0000]
[ZMQEndpointInterface] Protocol v4: Right hand joints set: [0.0000, -0.0055, -0.0014, 0.0078, 0.0000, 0.0020, 0.0088]
[ZMQEndpointInterface] Received ZMQ message - topic: 'pose', protocol_version: 4, num_fields: 4, total_size: 4 buffers
[ZMQEndpointInterface] *** Starting ZMQ processing ***
[ZMQEndpointInterface] Protocol version: 4
[ZMQEndpointInterface] Protocol v4: Received 64D token (latent action), tokens[0]=0.0382, frame_index: 417
[ZMQEndpointInterface] Protocol v4: Left hand joints set: [0.0000, 0.0000, 0.0014, 0.0000, 0.0000, 0.0000, 0.0000]
[ZMQEndpointInterface] Protocol v4: Right hand joints set: [0.0000, 0.0000, 0.0000, 0.0078, 0.0059, 0.0059, 0.0059]
[ZMQEndpointInterface] Received ZMQ message - topic: 'pose', protocol_version: 4, num_fields: 4, total_size: 4 buffers
[ZMQEndpointInterface] *** Starting ZMQ processing ***
[ZMQEndpointInterface] Protocol version: 4
[ZMQEndpointInterface] Protocol v4: Received 64D token (latent action), tokens[0]=0.0399, frame_index: 418
[ZMQEndpointInterface] Protocol v4: Left hand joints set: [0.0000, 0.0027, 0.0027, -0.0039, 0.0000, 0.0000, 0.0000]
[ZMQEndpointInterface] Protocol v4: Right hand joints set: [0.0000, 0.0000, 0.0000, 0.0020, 0.0059, 0.0000, 0.0029]
[ZMQEndpointInterface] Received ZMQ message - topic: 'pose', protocol_version: 4, num_fields: 4, total_size: 4 buffers
[ZMQEndpointInterface] *** Starting ZMQ processing ***
[ZMQEndpointInterface] Protocol version: 4
[ZMQEndpointInterface] Protocol v4: Received 64D token (latent action), tokens[0]=0.0391, frame_index: 419
[ZMQEndpointInterface] Protocol v4: Left hand joints set: [0.0000, 0.0000, 0.0027, 0.0000, 0.0000, 0.0000, 0.0000]
[ZMQEndpointInterface] Protocol v4: Right hand joints set: [0.0000, -0.0014, -0.0014, 0.0039, 0.0088, 0.0039, 0.0000]
[ZMQEndpointInterface] Received ZMQ message - topic: 'pose', protocol_version: 4, num_fields: 4, total_size: 4 buffers
[ZMQEndpointInterface] *** Starting ZMQ processing ***
[ZMQEndpointInterface] Protocol version: 4
[ZMQEndpointInterface] Protocol v4: Received 64D token (latent action), tokens[0]=0.0399, frame_index: 420
[ZMQEndpointInterface] Protocol v4: Left hand joints set: [0.0000, 0.0027, 0.0014, 0.0000, 0.0000, 0.0000, 0.0000]
[ZMQEndpointInterface] Protocol v4: Right hand joints set: [0.0000, -0.0055, 0.0000, 0.0117, 0.0059, 0.0000, 0.0117]
[ZMQEndpointInterface] Received ZMQ message - topic: 'pose', protocol_version: 4, num_fields: 4, total_size: 4 buffers
[ZMQEndpointInterface] *** Starting ZMQ processing ***
[ZMQEndpointInterface] Protocol version: 4
[ZMQEndpointInterface] Protocol v4: Received 64D token (latent action), tokens[0]=0.0408, frame_index: 421
[ZMQEndpointInterface] Protocol v4: Left hand joints set: [0.0000, 0.0041, 0.0027, 0.0000, 0.0000, 0.0000, -0.0059]
[ZMQEndpointInterface] Protocol v4: Right hand joints set: [0.0000, -0.0027, 0.0000, 0.0117, 0.0000, 0.0039, 0.0000]
[ZMQEndpointInterface] Received ZMQ message - topic: 'pose', protocol_version: 4, num_fields: 4, total_size: 4 buffers
[ZMQEndpointInterface] *** Starting ZMQ processing ***
[ZMQEndpointInterface] Protocol version: 4
[ZMQEndpointInterface] Protocol v4: Received 64D token (latent action), tokens[0]=0.0397, frame_index: 422
[ZMQEndpointInterface] Protocol v4: Left hand joints set: [0.0000, 0.0055, 0.0027, -0.0059, 0.0000, 0.0000, 0.0000]
[ZMQEndpointInterface] Protocol v4: Right hand joints set: [0.0000, 0.0000, -0.0096, 0.0039, 0.0059, 0.0020, 0.0000]
[ZMQEndpointInterface] Received ZMQ message - topic: 'pose', protocol_version: 4, num_fields: 4, total_size: 4 buffers
[ZMQEndpointInterface] *** Starting ZMQ processing ***
[ZMQEndpointInterface] Protocol version: 4
[ZMQEndpointInterface] Protocol v4: Received 64D token (latent action), tokens[0]=0.0393, frame_index: 423
[ZMQEndpointInterface] Protocol v4: Left hand joints set: [0.0000, 0.0055, 0.0027, -0.0078, -0.0088, 0.0000, -0.0088]
[ZMQEndpointInterface] Protocol v4: Right hand joints set: [0.0000, 0.0000, 0.0000, 0.0078, 0.0029, 0.0000, 0.0117]
[ZMQEndpointInterface] Received ZMQ message - topic: 'pose', protocol_version: 4, num_fields: 4, total_size: 4 buffers
[ZMQEndpointInterface] *** Starting ZMQ processing ***
[ZMQEndpointInterface] Protocol version: 4
[ZMQEndpointInterface] Protocol v4: Received 64D token (latent action), tokens[0]=0.0126, frame_index: 424
[ZMQEndpointInterface] Protocol v4: Left hand joints set: [0.0000, 0.0000, 0.0000, 0.0000, 0.0000, 0.0000, 0.0000]
[ZMQEndpointInterface] Protocol v4: Right hand joints set: [0.0000, -0.0055, -0.0041, 0.0020, 0.0176, 0.0000, 0.0000]
[ZMQEndpointInterface] Received ZMQ message - topic: 'pose', protocol_version: 4, num_fields: 4, total_size: 4 buffers
[ZMQEndpointInterface] *** Starting ZMQ processing ***
[ZMQEndpointInterface] Protocol version: 4
[ZMQEndpointInterface] Protocol v4: Received 64D token (latent action), tokens[0]=0.0109, frame_index: 425
[ZMQEndpointInterface] Protocol v4: Left hand joints set: [0.0000, 0.0000, 0.0000, -0.0059, 0.0000, 0.0000, 0.0000]
[ZMQEndpointInterface] Protocol v4: Right hand joints set: [0.0000, -0.0041, -0.0055, 0.0156, 0.0117, 0.0117, 0.0029]
Loop timing - LowState age: 4.0850ms, Streaming data mean delay: 9.9136ms, Streaming data std delay: 6.0862ms, IMU age: 4.0750ms, Obs: 106us, Policy: 3842us, Obs 2 Motor Command: 3948us, Post processing: 32us | HandCloseRatio: 1.0000
[ZMQEndpointInterface] Received ZMQ message - topic: 'pose', protocol_version: 4, num_fields: 4, total_size: 4 buffers
[ZMQEndpointInterface] *** Starting ZMQ processing ***
[ZMQEndpointInterface] Protocol version: 4
[ZMQEndpointInterface] Protocol v4: Received 64D token (latent action), tokens[0]=0.0134, frame_index: 426
[ZMQEndpointInterface] Protocol v4: Left hand joints set: [0.0000, 0.0000, 0.0000, 0.0000, 0.0000, 0.0000, 0.0000]
[ZMQEndpointInterface] Protocol v4: Right hand joints set: [0.0000, -0.0014, -0.0082, 0.0234, 0.0029, 0.0039, 0.0059]
[ZMQEndpointInterface] Received ZMQ message - topic: 'pose', protocol_version: 4, num_fields: 4, total_size: 4 buffers
[ZMQEndpointInterface] *** Starting ZMQ processing ***
[ZMQEndpointInterface] Protocol version: 4
[ZMQEndpointInterface] Protocol v4: Received 64D token (latent action), tokens[0]=0.0126, frame_index: 427
[ZMQEndpointInterface] Protocol v4: Left hand joints set: [0.0000, 0.0000, 0.0000, 0.0000, 0.0000, 0.0000, 0.0000]
[ZMQEndpointInterface] Protocol v4: Right hand joints set: [0.0000, -0.0055, -0.0096, 0.0234, 0.0146, 0.0059, 0.0117]
[ZMQEndpointInterface] Received ZMQ message - topic: 'pose', protocol_version: 4, num_fields: 4, total_size: 4 buffers
[ZMQEndpointInterface] *** Starting ZMQ processing ***
[ZMQEndpointInterface] Protocol version: 4
[ZMQEndpointInterface] Protocol v4: Received 64D token (latent action), tokens[0]=0.0143, frame_index: 428
[ZMQEndpointInterface] Protocol v4: Left hand joints set: [0.0000, 0.0000, 0.0000, -0.0020, 0.0000, 0.0000, 0.0000]
[ZMQEndpointInterface] Protocol v4: Right hand joints set: [0.0000, -0.0014, -0.0041, 0.0156, 0.0059, 0.0098, 0.0029]
[ZMQEndpointInterface] Received ZMQ message - topic: 'pose', protocol_version: 4, num_fields: 4, total_size: 4 buffers
[ZMQEndpointInterface] *** Starting ZMQ processing ***
[ZMQEndpointInterface] Protocol version: 4
[ZMQEndpointInterface] Protocol v4: Received 64D token (latent action), tokens[0]=0.0100, frame_index: 429
[ZMQEndpointInterface] Protocol v4: Left hand joints set: [0.0000, 0.0000, 0.0000, 0.0000, 0.0000, 0.0000, 0.0000]
[ZMQEndpointInterface] Protocol v4: Right hand joints set: [0.0000, -0.0068, -0.0068, 0.0039, 0.0088, 0.0059, 0.0000]
[ZMQEndpointInterface] Received ZMQ message - topic: 'pose', protocol_version: 4, num_fields: 4, total_size: 4 buffers
[ZMQEndpointInterface] *** Starting ZMQ processing ***
[ZMQEndpointInterface] Protocol version: 4
[ZMQEndpointInterface] Protocol v4: Received 64D token (latent action), tokens[0]=0.0117, frame_index: 430
[ZMQEndpointInterface] Protocol v4: Left hand joints set: [0.0000, 0.0000, 0.0000, 0.0000, 0.0000, 0.0000, 0.0000]
[ZMQEndpointInterface] Protocol v4: Right hand joints set: [0.0000, -0.0055, 0.0000, 0.0117, 0.0088, 0.0059, 0.0000]
[ZMQEndpointInterface] Received ZMQ message - topic: 'pose', protocol_version: 4, num_fields: 4, total_size: 4 buffers
[ZMQEndpointInterface] *** Starting ZMQ processing ***
[ZMQEndpointInterface] Protocol version: 4
[ZMQEndpointInterface] Protocol v4: Received 64D token (latent action), tokens[0]=0.0096, frame_index: 431
[ZMQEndpointInterface] Protocol v4: Left hand joints set: [0.0000, 0.0000, 0.0000, 0.0000, 0.0000, 0.0000, 0.0000]
[ZMQEndpointInterface] Protocol v4: Right hand joints set: [0.0000, -0.0027, -0.0014, 0.0039, 0.0117, 0.0020, 0.0000]
[ZMQEndpointInterface] Received ZMQ message - topic: 'pose', protocol_version: 4, num_fields: 4, total_size: 4 buffers
[ZMQEndpointInterface] *** Starting ZMQ processing ***
[ZMQEndpointInterface] Protocol version: 4
[ZMQEndpointInterface] Protocol v4: Received 64D token (latent action), tokens[0]=0.0143, frame_index: 432
[ZMQEndpointInterface] Protocol v4: Left hand joints set: [0.0000, 0.0000, 0.0027, 0.0000, 0.0000, 0.0000, 0.0000]
[ZMQEndpointInterface] Protocol v4: Right hand joints set: [0.0000, -0.0027, -0.0082, 0.0156, 0.0059, 0.0000, 0.0000]
[ZMQEndpointInterface] Received ZMQ message - topic: 'pose', protocol_version: 4, num_fields: 4, total_size: 4 buffers
[ZMQEndpointInterface] *** Starting ZMQ processing ***
[ZMQEndpointInterface] Protocol version: 4
[ZMQEndpointInterface] Protocol v4: Received 64D token (latent action), tokens[0]=0.0143, frame_index: 433
[ZMQEndpointInterface] Protocol v4: Left hand joints set: [0.0000, 0.0027, 0.0000, 0.0000, 0.0000, 0.0000, 0.0000]
[ZMQEndpointInterface] Protocol v4: Right hand joints set: [0.0000, -0.0027, -0.0068, 0.0039, 0.0146, 0.0117, 0.0029]
[ZMQEndpointInterface] Received ZMQ message - topic: 'pose', protocol_version: 4, num_fields: 4, total_size: 4 buffers
[ZMQEndpointInterface] *** Starting ZMQ processing ***
[ZMQEndpointInterface] Protocol version: 4
[ZMQEndpointInterface] Protocol v4: Received 64D token (latent action), tokens[0]=0.0113, frame_index: 434
[ZMQEndpointInterface] Protocol v4: Left hand joints set: [0.0000, 0.0000, 0.0082, 0.0000, 0.0000, 0.0000, 0.0000]
[ZMQEndpointInterface] Protocol v4: Right hand joints set: [0.0000, -0.0055, -0.0014, 0.0098, 0.0000, 0.0098, 0.0000]
[ZMQEndpointInterface] Received ZMQ message - topic: 'pose', protocol_version: 4, num_fields: 4, total_size: 4 buffers
[ZMQEndpointInterface] *** Starting ZMQ processing ***
[ZMQEndpointInterface] Protocol version: 4
[ZMQEndpointInterface] Protocol v4: Received 64D token (latent action), tokens[0]=0.0109, frame_index: 435
[ZMQEndpointInterface] Protocol v4: Left hand joints set: [0.0000, 0.0000, 0.0014, 0.0000, 0.0000, 0.0000, 0.0000]
[ZMQEndpointInterface] Protocol v4: Right hand joints set: [0.0000, -0.0027, -0.0055, 0.0059, 0.0000, 0.0000, 0.0000]
[ZMQEndpointInterface] Received ZMQ message - topic: 'pose', protocol_version: 4, num_fields: 4, total_size: 4 buffers
[ZMQEndpointInterface] *** Starting ZMQ processing ***
[ZMQEndpointInterface] Protocol version: 4
[ZMQEndpointInterface] Protocol v4: Received 64D token (latent action), tokens[0]=0.0113, frame_index: 436
[ZMQEndpointInterface] Protocol v4: Left hand joints set: [0.0000, 0.0000, 0.0000, 0.0000, 0.0000, 0.0000, 0.0000]
[ZMQEndpointInterface] Protocol v4: Right hand joints set: [0.0000, -0.0041, -0.0055, 0.0078, 0.0000, 0.0000, 0.0000]
[ZMQEndpointInterface] Received ZMQ message - topic: 'pose', protocol_version: 4, num_fields: 4, total_size: 4 buffers
[ZMQEndpointInterface] *** Starting ZMQ processing ***
[ZMQEndpointInterface] Protocol version: 4
[ZMQEndpointInterface] Protocol v4: Received 64D token (latent action), tokens[0]=0.0143, frame_index: 437
[ZMQEndpointInterface] Protocol v4: Left hand joints set: [0.0000, 0.0014, 0.0000, 0.0000, 0.0000, 0.0000, 0.0000]
[ZMQEndpointInterface] Protocol v4: Right hand joints set: [0.0000, -0.0068, -0.0082, 0.0117, 0.0059, 0.0039, 0.0059]
[ZMQEndpointInterface] Received ZMQ message - topic: 'pose', protocol_version: 4, num_fields: 4, total_size: 4 buffers
[ZMQEndpointInterface] *** Starting ZMQ processing ***
[ZMQEndpointInterface] Protocol version: 4
[ZMQEndpointInterface] Protocol v4: Received 64D token (latent action), tokens[0]=0.0121, frame_index: 438
[ZMQEndpointInterface] Protocol v4: Left hand joints set: [0.0000, 0.0000, 0.0027, 0.0000, 0.0000, 0.0000, 0.0000]
[ZMQEndpointInterface] Protocol v4: Right hand joints set: [0.0000, -0.0068, -0.0041, 0.0137, 0.0029, 0.0039, 0.0059]
[ZMQEndpointInterface] Received ZMQ message - topic: 'pose', protocol_version: 4, num_fields: 4, total_size: 4 buffers
[ZMQEndpointInterface] *** Starting ZMQ processing ***
[ZMQEndpointInterface] Protocol version: 4
[ZMQEndpointInterface] Protocol v4: Received 64D token (latent action), tokens[0]=0.0134, frame_index: 439
[ZMQEndpointInterface] Protocol v4: Left hand joints set: [0.0000, 0.0000, 0.0000, 0.0000, 0.0000, 0.0000, 0.0000]
[ZMQEndpointInterface] Protocol v4: Right hand joints set: [0.0000, -0.0055, -0.0041, 0.0039, 0.0117, 0.0039, 0.0059]
[ZMQEndpointInterface] Received ZMQ message - topic: 'pose', protocol_version: 4, num_fields: 4, total_size: 4 buffers
[ZMQEndpointInterface] *** Starting ZMQ processing ***
[ZMQEndpointInterface] Protocol version: 4
[ZMQEndpointInterface] Protocol v4: Received 64D token (latent action), tokens[0]=0.0151, frame_index: 440
[ZMQEndpointInterface] Protocol v4: Left hand joints set: [0.0000, 0.0041, 0.0068, 0.0000, -0.0029, 0.0000, -0.0029]
[ZMQEndpointInterface] Protocol v4: Right hand joints set: [0.0000, -0.0068, -0.0055, 0.0000, 0.0000, 0.0039, 0.0000]
[ZMQEndpointInterface] Received ZMQ message - topic: 'pose', protocol_version: 4, num_fields: 4, total_size: 4 buffers
[ZMQEndpointInterface] *** Starting ZMQ processing ***
[ZMQEndpointInterface] Protocol version: 4
[ZMQEndpointInterface] Protocol v4: Received 64D token (latent action), tokens[0]=0.0168, frame_index: 441
[ZMQEndpointInterface] Protocol v4: Left hand joints set: [0.0000, 0.0027, 0.0000, 0.0000, 0.0000, 0.0000, 0.0000]
[ZMQEndpointInterface] Protocol v4: Right hand joints set: [0.0000, -0.0041, -0.0082, 0.0078, 0.0059, 0.0039, 0.0029]
[ZMQEndpointInterface] Received ZMQ message - topic: 'pose', protocol_version: 4, num_fields: 4, total_size: 4 buffers
[ZMQEndpointInterface] *** Starting ZMQ processing ***
[ZMQEndpointInterface] Protocol version: 4
[ZMQEndpointInterface] Protocol v4: Received 64D token (latent action), tokens[0]=0.0245, frame_index: 442
[ZMQEndpointInterface] Protocol v4: Left hand joints set: [0.0000, 0.0000, 0.0000, 0.0000, 0.0000, 0.0000, 0.0000]
[ZMQEndpointInterface] Protocol v4: Right hand joints set: [0.0000, -0.0096, -0.0082, 0.0039, 0.0000, 0.0098, 0.0000]
[ZMQEndpointInterface] Received ZMQ message - topic: 'pose', protocol_version: 4, num_fields: 4, total_size: 4 buffers
[ZMQEndpointInterface] *** Starting ZMQ processing ***
[ZMQEndpointInterface] Protocol version: 4
[ZMQEndpointInterface] Protocol v4: Received 64D token (latent action), tokens[0]=0.0275, frame_index: 443
[ZMQEndpointInterface] Protocol v4: Left hand joints set: [0.0000, 0.0000, 0.0000, 0.0000, 0.0000, 0.0000, 0.0000]
[ZMQEndpointInterface] Protocol v4: Right hand joints set: [0.0000, -0.0027, -0.0027, 0.0020, 0.0059, 0.0117, 0.0000]
[ZMQEndpointInterface] Received ZMQ message - topic: 'pose', protocol_version: 4, num_fields: 4, total_size: 4 buffers
[ZMQEndpointInterface] *** Starting ZMQ processing ***
[ZMQEndpointInterface] Protocol version: 4
[ZMQEndpointInterface] Protocol v4: Received 64D token (latent action), tokens[0]=0.0305, frame_index: 444
[ZMQEndpointInterface] Protocol v4: Left hand joints set: [0.0000, 0.0000, 0.0000, 0.0000, 0.0000, 0.0000, 0.0000]
[ZMQEndpointInterface] Protocol v4: Right hand joints set: [0.0000, -0.0082, -0.0082, 0.0039, 0.0088, 0.0039, 0.0000]
[ZMQEndpointInterface] Received ZMQ message - topic: 'pose', protocol_version: 4, num_fields: 4, total_size: 4 buffers
[ZMQEndpointInterface] *** Starting ZMQ processing ***
[ZMQEndpointInterface] Protocol version: 4
[ZMQEndpointInterface] Protocol v4: Received 64D token (latent action), tokens[0]=0.0301, frame_index: 445
[ZMQEndpointInterface] Protocol v4: Left hand joints set: [0.0000, 0.0041, 0.0000, 0.0000, 0.0000, 0.0000, 0.0000]
[ZMQEndpointInterface] Protocol v4: Right hand joints set: [0.0000, -0.0096, -0.0082, 0.0039, 0.0000, 0.0059, 0.0000]
[ZMQEndpointInterface] Received ZMQ message - topic: 'pose', protocol_version: 4, num_fields: 4, total_size: 4 buffers
[ZMQEndpointInterface] *** Starting ZMQ processing ***
[ZMQEndpointInterface] Protocol version: 4
[ZMQEndpointInterface] Protocol v4: Received 64D token (latent action), tokens[0]=0.0280, frame_index: 446
[ZMQEndpointInterface] Protocol v4: Left hand joints set: [0.0000, 0.0000, 0.0000, 0.0000, 0.0000, 0.0000, 0.0000]
[ZMQEndpointInterface] Protocol v4: Right hand joints set: [0.0000, -0.0096, -0.0082, 0.0078, 0.0029, 0.0078, 0.0000]
[ZMQEndpointInterface] Received ZMQ message - topic: 'pose', protocol_version: 4, num_fields: 4, total_size: 4 buffers
[ZMQEndpointInterface] *** Starting ZMQ processing ***
[ZMQEndpointInterface] Protocol version: 4
[ZMQEndpointInterface] Protocol v4: Received 64D token (latent action), tokens[0]=0.0305, frame_index: 447
[ZMQEndpointInterface] Protocol v4: Left hand joints set: [0.0000, 0.0068, 0.0000, 0.0000, -0.0029, 0.0000, 0.0000]
[ZMQEndpointInterface] Protocol v4: Right hand joints set: [0.0000, -0.0123, -0.0041, 0.0039, 0.0088, 0.0078, 0.0000]
[ZMQEndpointInterface] Received ZMQ message - topic: 'pose', protocol_version: 4, num_fields: 4, total_size: 4 buffers
[ZMQEndpointInterface] *** Starting ZMQ processing ***
[ZMQEndpointInterface] Protocol version: 4
[ZMQEndpointInterface] Protocol v4: Received 64D token (latent action), tokens[0]=0.0258, frame_index: 448
[ZMQEndpointInterface] Protocol v4: Left hand joints set: [0.0000, 0.0000, 0.0000, 0.0000, 0.0000, 0.0000, 0.0000]
[ZMQEndpointInterface] Protocol v4: Right hand joints set: [0.0000, -0.0096, -0.0068, 0.0176, 0.0000, 0.0098, 0.0000]
Temporary motion completed.
Reset to frame 0.
[ZMQEndpointInterface] Received ZMQ message - topic: 'pose', protocol_version: 4, num_fields: 4, total_size: 4 buffers
[ZMQEndpointInterface] *** Starting ZMQ processing ***
[ZMQEndpointInterface] Protocol version: 4
[ZMQEndpointInterface] Protocol v4: Received 64D token (latent action), tokens[0]=0.0275, frame_index: 449
[ZMQEndpointInterface] Protocol v4: Left hand joints set: [0.0000, 0.0027, 0.0000, 0.0000, 0.0000, 0.0000, 0.0000]
[ZMQEndpointInterface] Protocol v4: Right hand joints set: [0.0000, -0.0109, -0.0055, 0.0117, 0.0000, 0.0039, 0.0000]
[Token Flow] Copied external tokens, tokens[0]=0.0258
Reset heading state to 0.9898, 0.0015, -0.0376, 0.1375
Reset delta heading to 0
Reset init reference data root rotation to current frame: 0.9997, -0.0016, -0.0224, -0.0042
**********************************************************
Reference motion name: temporary_motion
**********************************************************
[ZMQEndpointInterface] Received ZMQ message - topic: 'pose', protocol_version: 4, num_fields: 4, total_size: 4 buffers
[ZMQEndpointInterface] *** Starting ZMQ processing ***
[ZMQEndpointInterface] Protocol version: 4
[ZMQEndpointInterface] Protocol v4: Received 64D token (latent action), tokens[0]=0.0271, frame_index: 450
[ZMQEndpointInterface] Protocol v4: Left hand joints set: [0.0000, 0.0000, 0.0014, 0.0000, 0.0000, 0.0000, 0.0000]
[ZMQEndpointInterface] Protocol v4: Right hand joints set: [0.0000, -0.0109, -0.0041, 0.0098, 0.0117, 0.0039, 0.0059]
[ZMQEndpointInterface] Received ZMQ message - topic: 'pose', protocol_version: 4, num_fields: 4, total_size: 4 buffers
[ZMQEndpointInterface] *** Starting ZMQ processing ***
[ZMQEndpointInterface] Protocol version: 4
[ZMQEndpointInterface] Protocol v4: Received 64D token (latent action), tokens[0]=0.0245, frame_index: 451
[ZMQEndpointInterface] Protocol v4: Left hand joints set: [0.0000, 0.0000, 0.0000, 0.0000, 0.0000, 0.0000, 0.0000]
[ZMQEndpointInterface] Protocol v4: Right hand joints set: [0.0000, -0.0109, -0.0055, 0.0156, 0.0059, 0.0137, 0.0059]
[ZMQEndpointInterface] Received ZMQ message - topic: 'pose', protocol_version: 4, num_fields: 4, total_size: 4 buffers
[ZMQEndpointInterface] *** Starting ZMQ processing ***
[ZMQEndpointInterface] Protocol version: 4
[ZMQEndpointInterface] Protocol v4: Received 64D token (latent action), tokens[0]=0.0262, frame_index: 452
[ZMQEndpointInterface] Protocol v4: Left hand joints set: [0.0000, 0.0027, 0.0041, 0.0000, 0.0000, 0.0000, 0.0000]
[ZMQEndpointInterface] Protocol v4: Right hand joints set: [0.0000, -0.0055, -0.0014, 0.0000, 0.0059, 0.0039, 0.0000]
[ZMQEndpointInterface] Received ZMQ message - topic: 'pose', protocol_version: 4, num_fields: 4, total_size: 4 buffers
[ZMQEndpointInterface] *** Starting ZMQ processing ***
[ZMQEndpointInterface] Protocol version: 4
[ZMQEndpointInterface] Protocol v4: Received 64D token (latent action), tokens[0]=0.0237, frame_index: 453
[ZMQEndpointInterface] Protocol v4: Left hand joints set: [0.0000, 0.0000, 0.0000, 0.0000, 0.0000, 0.0000, 0.0000]
[ZMQEndpointInterface] Protocol v4: Right hand joints set: [0.0000, -0.0055, 0.0000, 0.0000, 0.0146, 0.0000, 0.0000]
[ZMQEndpointInterface] Received ZMQ message - topic: 'pose', protocol_version: 4, num_fields: 4, total_size: 4 buffers
[ZMQEndpointInterface] *** Starting ZMQ processing ***
[ZMQEndpointInterface] Protocol version: 4
[ZMQEndpointInterface] Protocol v4: Received 64D token (latent action), tokens[0]=0.0237, frame_index: 454
[ZMQEndpointInterface] Protocol v4: Left hand joints set: [0.0000, 0.0014, 0.0014, 0.0000, 0.0000, 0.0000, 0.0000]
[ZMQEndpointInterface] Protocol v4: Right hand joints set: [0.0000, -0.0109, -0.0027, 0.0000, 0.0000, 0.0000, 0.0000]
[ZMQEndpointInterface] Received ZMQ message - topic: 'pose', protocol_version: 4, num_fields: 4, total_size: 4 buffers
[ZMQEndpointInterface] *** Starting ZMQ processing ***
[ZMQEndpointInterface] Protocol version: 4
[ZMQEndpointInterface] Protocol v4: Received 64D token (latent action), tokens[0]=0.0245, frame_index: 455
[ZMQEndpointInterface] Protocol v4: Left hand joints set: [0.0000, 0.0000, 0.0027, 0.0000, 0.0000, 0.0000, 0.0000]
[ZMQEndpointInterface] Protocol v4: Right hand joints set: [0.0000, -0.0041, -0.0055, 0.0000, 0.0000, 0.0039, 0.0000]
[ZMQEndpointInterface] Received ZMQ message - topic: 'pose', protocol_version: 4, num_fields: 4, total_size: 4 buffers
[ZMQEndpointInterface] *** Starting ZMQ processing ***
[ZMQEndpointInterface] Protocol version: 4
[ZMQEndpointInterface] Protocol v4: Received 64D token (latent action), tokens[0]=0.0211, frame_index: 456
[ZMQEndpointInterface] Protocol v4: Left hand joints set: [0.0000, 0.0000, 0.0027, 0.0000, 0.0000, 0.0000, 0.0000]
[ZMQEndpointInterface] Protocol v4: Right hand joints set: [0.0000, -0.0068, 0.0000, 0.0000, 0.0000, 0.0000, 0.0000]
[ZMQEndpointInterface] Received ZMQ message - topic: 'pose', protocol_version: 4, num_fields: 4, total_size: 4 buffers
[ZMQEndpointInterface] *** Starting ZMQ processing ***
[ZMQEndpointInterface] Protocol version: 4
[ZMQEndpointInterface] Protocol v4: Received 64D token (latent action), tokens[0]=0.0220, frame_index: 457
[ZMQEndpointInterface] Protocol v4: Left hand joints set: [0.0000, 0.0000, 0.0000, 0.0000, 0.0000, 0.0000, 0.0000]
[ZMQEndpointInterface] Protocol v4: Right hand joints set: [0.0000, -0.0027, -0.0014, 0.0000, 0.0059, 0.0000, 0.0000]
[ZMQEndpointInterface] Received ZMQ message - topic: 'pose', protocol_version: 4, num_fields: 4, total_size: 4 buffers
[ZMQEndpointInterface] *** Starting ZMQ processing ***
[ZMQEndpointInterface] Protocol version: 4
[ZMQEndpointInterface] Protocol v4: Received 64D token (latent action), tokens[0]=0.0220, frame_index: 458
[ZMQEndpointInterface] Protocol v4: Left hand joints set: [0.0000, 0.0000, 0.0000, -0.0020, -0.0029, 0.0000, 0.0000]
[ZMQEndpointInterface] Protocol v4: Right hand joints set: [0.0000, -0.0068, -0.0041, 0.0000, 0.0059, 0.0000, 0.0000]
[ZMQEndpointInterface] Received ZMQ message - topic: 'pose', protocol_version: 4, num_fields: 4, total_size: 4 buffers
[ZMQEndpointInterface] *** Starting ZMQ processing ***
[ZMQEndpointInterface] Protocol version: 4
[ZMQEndpointInterface] Protocol v4: Received 64D token (latent action), tokens[0]=0.0211, frame_index: 459
[ZMQEndpointInterface] Protocol v4: Left hand joints set: [0.0000, 0.0000, 0.0027, 0.0000, 0.0000, 0.0000, 0.0000]
[ZMQEndpointInterface] Protocol v4: Right hand joints set: [0.0000, -0.0027, -0.0055, 0.0000, 0.0088, 0.0000, 0.0000]
[ZMQEndpointInterface] Received ZMQ message - topic: 'pose', protocol_version: 4, num_fields: 4, total_size: 4 buffers
[ZMQEndpointInterface] *** Starting ZMQ processing ***
[ZMQEndpointInterface] Protocol version: 4
[ZMQEndpointInterface] Protocol v4: Received 64D token (latent action), tokens[0]=0.0228, frame_index: 460
[ZMQEndpointInterface] Protocol v4: Left hand joints set: [0.0000, 0.0000, 0.0000, 0.0000, 0.0000, 0.0000, 0.0000]
[ZMQEndpointInterface] Protocol v4: Right hand joints set: [0.0000, -0.0082, -0.0041, 0.0000, 0.0146, 0.0078, 0.0000]
[ZMQEndpointInterface] Received ZMQ message - topic: 'pose', protocol_version: 4, num_fields: 4, total_size: 4 buffers
[ZMQEndpointInterface] *** Starting ZMQ processing ***
[ZMQEndpointInterface] Protocol version: 4
[ZMQEndpointInterface] Protocol v4: Received 64D token (latent action), tokens[0]=0.0224, frame_index: 461
[ZMQEndpointInterface] Protocol v4: Left hand joints set: [0.0000, 0.0027, 0.0000, 0.0000, 0.0000, 0.0000, 0.0000]
[ZMQEndpointInterface] Protocol v4: Right hand joints set: [0.0000, -0.0082, 0.0000, 0.0000, 0.0059, 0.0039, 0.0000]
[ZMQEndpointInterface] Received ZMQ message - topic: 'pose', protocol_version: 4, num_fields: 4, total_size: 4 buffers
[ZMQEndpointInterface] *** Starting ZMQ processing ***
[ZMQEndpointInterface] Protocol version: 4
[ZMQEndpointInterface] Protocol v4: Received 64D token (latent action), tokens[0]=0.0245, frame_index: 462
[ZMQEndpointInterface] Protocol v4: Left hand joints set: [0.0000, 0.0027, 0.0027, 0.0000, -0.0029, 0.0000, 0.0000]
[ZMQEndpointInterface] Protocol v4: Right hand joints set: [0.0000, -0.0082, -0.0014, 0.0000, 0.0059, 0.0078, 0.0000]
[ZMQEndpointInterface] Received ZMQ message - topic: 'pose', protocol_version: 4, num_fields: 4, total_size: 4 buffers
[ZMQEndpointInterface] *** Starting ZMQ processing ***
[ZMQEndpointInterface] Protocol version: 4
[ZMQEndpointInterface] Protocol v4: Received 64D token (latent action), tokens[0]=0.0245, frame_index: 463
[ZMQEndpointInterface] Protocol v4: Left hand joints set: [0.0000, 0.0055, 0.0014, -0.0020, -0.0117, 0.0000, 0.0000]
[ZMQEndpointInterface] Protocol v4: Right hand joints set: [0.0000, -0.0082, -0.0027, 0.0000, 0.0088, 0.0059, 0.0000]
[ZMQEndpointInterface] Received ZMQ message - topic: 'pose', protocol_version: 4, num_fields: 4, total_size: 4 buffers
[ZMQEndpointInterface] *** Starting ZMQ processing ***
[ZMQEndpointInterface] Protocol version: 4
[ZMQEndpointInterface] Protocol v4: Received 64D token (latent action), tokens[0]=0.0284, frame_index: 464
[ZMQEndpointInterface] Protocol v4: Left hand joints set: [0.0000, 0.0000, 0.0014, 0.0000, 0.0000, 0.0000, 0.0000]
[ZMQEndpointInterface] Protocol v4: Right hand joints set: [0.0000, -0.0055, 0.0000, 0.0000, 0.0088, 0.0000, 0.0000]
[ZMQEndpointInterface] Received ZMQ message - topic: 'pose', protocol_version: 4, num_fields: 4, total_size: 4 buffers
[ZMQEndpointInterface] *** Starting ZMQ processing ***
[ZMQEndpointInterface] Protocol version: 4
[ZMQEndpointInterface] Protocol v4: Received 64D token (latent action), tokens[0]=0.0280, frame_index: 465
[ZMQEndpointInterface] Protocol v4: Left hand joints set: [0.0000, 0.0027, 0.0000, 0.0000, 0.0000, 0.0000, 0.0000]
[ZMQEndpointInterface] Protocol v4: Right hand joints set: [0.0000, -0.0082, 0.0000, 0.0000, 0.0059, 0.0078, 0.0000]
[ZMQEndpointInterface] Received ZMQ message - topic: 'pose', protocol_version: 4, num_fields: 4, total_size: 4 buffers
[ZMQEndpointInterface] *** Starting ZMQ processing ***
[ZMQEndpointInterface] Protocol version: 4
[ZMQEndpointInterface] Protocol v4: Received 64D token (latent action), tokens[0]=0.0339, frame_index: 466
[ZMQEndpointInterface] Protocol v4: Left hand joints set: [0.0000, 0.0000, 0.0000, 0.0000, 0.0000, 0.0000, 0.0000]
[ZMQEndpointInterface] Protocol v4: Right hand joints set: [0.0000, -0.0068, 0.0000, 0.0000, 0.0117, 0.0098, 0.0000]
[ZMQEndpointInterface] Received ZMQ message - topic: 'pose', protocol_version: 4, num_fields: 4, total_size: 4 buffers
[ZMQEndpointInterface] *** Starting ZMQ processing ***
[ZMQEndpointInterface] Protocol version: 4
[ZMQEndpointInterface] Protocol v4: Received 64D token (latent action), tokens[0]=0.0386, frame_index: 467
[ZMQEndpointInterface] Protocol v4: Left hand joints set: [0.0000, 0.0055, 0.0027, 0.0000, -0.0117, 0.0000, 0.0000]
[ZMQEndpointInterface] Protocol v4: Right hand joints set: [0.0000, -0.0082, -0.0014, 0.0000, 0.0146, 0.0078, 0.0000]
[ZMQEndpointInterface] Received ZMQ message - topic: 'pose', protocol_version: 4, num_fields: 4, total_size: 4 buffers
[ZMQEndpointInterface] *** Starting ZMQ processing ***
[ZMQEndpointInterface] Protocol version: 4
[ZMQEndpointInterface] Protocol v4: Received 64D token (latent action), tokens[0]=0.0382, frame_index: 468
[ZMQEndpointInterface] Protocol v4: Left hand joints set: [0.0000, 0.0000, 0.0000, 0.0000, -0.0029, 0.0000, 0.0000]
[ZMQEndpointInterface] Protocol v4: Right hand joints set: [0.0000, -0.0082, 0.0000, 0.0000, 0.0000, 0.0020, 0.0000]
[ZMQEndpointInterface] Received ZMQ message - topic: 'pose', protocol_version: 4, num_fields: 4, total_size: 4 buffers
[ZMQEndpointInterface] *** Starting ZMQ processing ***
[ZMQEndpointInterface] Protocol version: 4
[ZMQEndpointInterface] Protocol v4: Received 64D token (latent action), tokens[0]=0.0421, frame_index: 469
[ZMQEndpointInterface] Protocol v4: Left hand joints set: [0.0000, 0.0000, 0.0027, -0.0020, 0.0000, 0.0000, 0.0000]
[ZMQEndpointInterface] Protocol v4: Right hand joints set: [0.0000, -0.0109, 0.0000, 0.0000, 0.0117, 0.0000, 0.0000]
[ZMQEndpointInterface] Received ZMQ message - topic: 'pose', protocol_version: 4, num_fields: 4, total_size: 4 buffers
[ZMQEndpointInterface] *** Starting ZMQ processing ***
[ZMQEndpointInterface] Protocol version: 4
[ZMQEndpointInterface] Protocol v4: Received 64D token (latent action), tokens[0]=0.0465, frame_index: 470
[ZMQEndpointInterface] Protocol v4: Left hand joints set: [0.0000, 0.0000, 0.0027, -0.0020, -0.0029, 0.0000, 0.0000]
[ZMQEndpointInterface] Protocol v4: Right hand joints set: [0.0000, -0.0082, 0.0000, 0.0020, 0.0088, 0.0078, 0.0000]
[ZMQEndpointInterface] Received ZMQ message - topic: 'pose', protocol_version: 4, num_fields: 4, total_size: 4 buffers
[ZMQEndpointInterface] *** Starting ZMQ processing ***
[ZMQEndpointInterface] Protocol version: 4
[ZMQEndpointInterface] Protocol v4: Received 64D token (latent action), tokens[0]=0.0493, frame_index: 471
[ZMQEndpointInterface] Protocol v4: Left hand joints set: [0.0000, 0.0014, 0.0000, 0.0000, 0.0000, 0.0000, 0.0000]
[ZMQEndpointInterface] Protocol v4: Right hand joints set: [0.0000, -0.0068, -0.0055, 0.0059, 0.0117, 0.0059, 0.0000]
[ZMQEndpointInterface] Received ZMQ message - topic: 'pose', protocol_version: 4, num_fields: 4, total_size: 4 buffers
[ZMQEndpointInterface] *** Starting ZMQ processing ***
[ZMQEndpointInterface] Protocol version: 4
[ZMQEndpointInterface] Protocol v4: Received 64D token (latent action), tokens[0]=0.0519, frame_index: 472
[ZMQEndpointInterface] Protocol v4: Left hand joints set: [0.0000, 0.0027, 0.0000, -0.0020, -0.0088, 0.0000, 0.0000]
[ZMQEndpointInterface] Protocol v4: Right hand joints set: [0.0000, -0.0137, -0.0055, 0.0098, 0.0176, 0.0078, 0.0029]
[ZMQEndpointInterface] Received ZMQ message - topic: 'pose', protocol_version: 4, num_fields: 4, total_size: 4 buffers
[ZMQEndpointInterface] *** Starting ZMQ processing ***
[ZMQEndpointInterface] Protocol version: 4
[ZMQEndpointInterface] Protocol v4: Received 64D token (latent action), tokens[0]=0.0536, frame_index: 473
[ZMQEndpointInterface] Protocol v4: Left hand joints set: [0.0000, 0.0000, 0.0000, 0.0000, 0.0000, 0.0000, 0.0000]
[ZMQEndpointInterface] Protocol v4: Right hand joints set: [0.0000, -0.0109, -0.0027, 0.0059, 0.0117, 0.0098, 0.0000]
[ZMQEndpointInterface] Received ZMQ message - topic: 'pose', protocol_version: 4, num_fields: 4, total_size: 4 buffers
[ZMQEndpointInterface] *** Starting ZMQ processing ***
[ZMQEndpointInterface] Protocol version: 4
[ZMQEndpointInterface] Protocol v4: Received 64D token (latent action), tokens[0]=0.0506, frame_index: 474
[ZMQEndpointInterface] Protocol v4: Left hand joints set: [0.0000, 0.0000, 0.0027, 0.0000, -0.0088, 0.0000, 0.0000]
[ZMQEndpointInterface] Protocol v4: Right hand joints set: [0.0000, -0.0096, -0.0027, 0.0117, 0.0146, 0.0078, 0.0000]
[ZMQEndpointInterface] Received ZMQ message - topic: 'pose', protocol_version: 4, num_fields: 4, total_size: 4 buffers
[ZMQEndpointInterface] *** Starting ZMQ processing ***
[ZMQEndpointInterface] Protocol version: 4
[ZMQEndpointInterface] Protocol v4: Received 64D token (latent action), tokens[0]=0.0529, frame_index: 475
[ZMQEndpointInterface] Protocol v4: Left hand joints set: [0.0000, 0.0000, 0.0014, 0.0000, 0.0000, 0.0000, 0.0000]
[ZMQEndpointInterface] Protocol v4: Right hand joints set: [0.0000, -0.0123, 0.0000, 0.0039, 0.0059, 0.0098, 0.0000]
Loop timing - LowState age: 9.1100ms, Streaming data mean delay: 9.6506ms, Streaming data std delay: 5.8260ms, IMU age: 9.0750ms, Obs: 114us, Policy: 5035us, Obs 2 Motor Command: 5150us, Post processing: 31us | HandCloseRatio: 1.0000
[ZMQEndpointInterface] Received ZMQ message - topic: 'pose', protocol_version: 4, num_fields: 4, total_size: 4 buffers
[ZMQEndpointInterface] *** Starting ZMQ processing ***
[ZMQEndpointInterface] Protocol version: 4
[ZMQEndpointInterface] Protocol v4: Received 64D token (latent action), tokens[0]=0.0433, frame_index: 476
[ZMQEndpointInterface] Protocol v4: Left hand joints set: [0.0000, 0.0000, 0.0027, 0.0000, -0.0088, -0.0098, 0.0000]
[ZMQEndpointInterface] Protocol v4: Right hand joints set: [0.0000, -0.0041, 0.0000, 0.0078, 0.0117, 0.0078, 0.0000]
[ZMQEndpointInterface] Received ZMQ message - topic: 'pose', protocol_version: 4, num_fields: 4, total_size: 4 buffers
[ZMQEndpointInterface] *** Starting ZMQ processing ***
[ZMQEndpointInterface] Protocol version: 4
[ZMQEndpointInterface] Protocol v4: Received 64D token (latent action), tokens[0]=0.0480, frame_index: 477
[ZMQEndpointInterface] Protocol v4: Left hand joints set: [0.0000, 0.0000, 0.0014, -0.0020, -0.0117, 0.0000, 0.0000]
[ZMQEndpointInterface] Protocol v4: Right hand joints set: [0.0000, -0.0137, -0.0055, 0.0000, 0.0059, 0.0117, 0.0000]
[ZMQEndpointInterface] Received ZMQ message - topic: 'pose', protocol_version: 4, num_fields: 4, total_size: 4 buffers
[ZMQEndpointInterface] *** Starting ZMQ processing ***
[ZMQEndpointInterface] Protocol version: 4
[ZMQEndpointInterface] Protocol v4: Received 64D token (latent action), tokens[0]=0.0435, frame_index: 478
[ZMQEndpointInterface] Protocol v4: Left hand joints set: [0.0000, 0.0000, 0.0014, -0.0020, 0.0000, 0.0000, 0.0000]
[ZMQEndpointInterface] Protocol v4: Right hand joints set: [0.0000, -0.0055, 0.0000, 0.0039, 0.0205, 0.0137, 0.0088]
[ZMQEndpointInterface] Received ZMQ message - topic: 'pose', protocol_version: 4, num_fields: 4, total_size: 4 buffers
[ZMQEndpointInterface] *** Starting ZMQ processing ***
[ZMQEndpointInterface] Protocol version: 4
[ZMQEndpointInterface] Protocol v4: Received 64D token (latent action), tokens[0]=0.0361, frame_index: 479
[ZMQEndpointInterface] Protocol v4: Left hand joints set: [0.0000, 0.0000, 0.0041, 0.0000, -0.0117, 0.0000, 0.0000]
[ZMQEndpointInterface] Protocol v4: Right hand joints set: [0.0000, -0.0123, -0.0041, 0.0039, 0.0234, 0.0156, 0.0000]
[ZMQEndpointInterface] Received ZMQ message - topic: 'pose', protocol_version: 4, num_fields: 4, total_size: 4 buffers
[ZMQEndpointInterface] *** Starting ZMQ processing ***
[ZMQEndpointInterface] Protocol version: 4
[ZMQEndpointInterface] Protocol v4: Received 64D token (latent action), tokens[0]=0.0658, frame_index: 480
[ZMQEndpointInterface] Protocol v4: Left hand joints set: [0.0000, 0.0014, 0.0068, -0.0117, -0.0146, 0.0000, -0.0146]
[ZMQEndpointInterface] Protocol v4: Right hand joints set: [0.0000, -0.0027, 0.0000, 0.0039, 0.0000, 0.0000, 0.0000]
[ZMQEndpointInterface] Received ZMQ message - topic: 'pose', protocol_version: 4, num_fields: 4, total_size: 4 buffers
[ZMQEndpointInterface] *** Starting ZMQ processing ***
[ZMQEndpointInterface] Protocol version: 4
[ZMQEndpointInterface] Protocol v4: Received 64D token (latent action), tokens[0]=0.0670, frame_index: 481
[ZMQEndpointInterface] Protocol v4: Left hand joints set: [0.0000, 0.0055, 0.0068, -0.0059, -0.0088, -0.0078, -0.0059]
[ZMQEndpointInterface] Protocol v4: Right hand joints set: [0.0000, -0.0055, -0.0041, 0.0039, 0.0000, 0.0020, 0.0000]
[ZMQEndpointInterface] Received ZMQ message - topic: 'pose', protocol_version: 4, num_fields: 4, total_size: 4 buffers
[ZMQEndpointInterface] *** Starting ZMQ processing ***
[ZMQEndpointInterface] Protocol version: 4
[ZMQEndpointInterface] Protocol v4: Received 64D token (latent action), tokens[0]=0.0668, frame_index: 482
[ZMQEndpointInterface] Protocol v4: Left hand joints set: [0.0000, 0.0000, 0.0027, -0.0039, -0.0088, -0.0039, 0.0000]
[ZMQEndpointInterface] Protocol v4: Right hand joints set: [0.0000, -0.0055, 0.0000, 0.0137, 0.0000, 0.0020, 0.0000]
[ZMQEndpointInterface] Received ZMQ message - topic: 'pose', protocol_version: 4, num_fields: 4, total_size: 4 buffers
[ZMQEndpointInterface] *** Starting ZMQ processing ***
[ZMQEndpointInterface] Protocol version: 4
[ZMQEndpointInterface] Protocol v4: Received 64D token (latent action), tokens[0]=0.0668, frame_index: 483
[ZMQEndpointInterface] Protocol v4: Left hand joints set: [0.0000, 0.0041, 0.0055, -0.0020, 0.0000, 0.0000, -0.0059]
[ZMQEndpointInterface] Protocol v4: Right hand joints set: [0.0000, 0.0000, -0.0027, 0.0137, 0.0000, 0.0000, 0.0000]
[ZMQEndpointInterface] Received ZMQ message - topic: 'pose', protocol_version: 4, num_fields: 4, total_size: 4 buffers
[ZMQEndpointInterface] *** Starting ZMQ processing ***
[ZMQEndpointInterface] Protocol version: 4
[ZMQEndpointInterface] Protocol v4: Received 64D token (latent action), tokens[0]=0.0638, frame_index: 484
[ZMQEndpointInterface] Protocol v4: Left hand joints set: [0.0000, 0.0000, 0.0014, -0.0137, -0.0059, -0.0039, -0.0176]
[ZMQEndpointInterface] Protocol v4: Right hand joints set: [0.0000, -0.0068, -0.0109, 0.0137, 0.0293, 0.0098, 0.0117]
[ZMQEndpointInterface] Received ZMQ message - topic: 'pose', protocol_version: 4, num_fields: 4, total_size: 4 buffers
[ZMQEndpointInterface] *** Starting ZMQ processing ***
[ZMQEndpointInterface] Protocol version: 4
[ZMQEndpointInterface] Protocol v4: Received 64D token (latent action), tokens[0]=0.0690, frame_index: 485
[ZMQEndpointInterface] Protocol v4: Left hand joints set: [0.0000, 0.0041, 0.0014, -0.0020, -0.0059, -0.0059, -0.0029]
[ZMQEndpointInterface] Protocol v4: Right hand joints set: [0.0000, -0.0027, 0.0000, 0.0020, 0.0000, 0.0000, 0.0059]
[ZMQEndpointInterface] Received ZMQ message - topic: 'pose', protocol_version: 4, num_fields: 4, total_size: 4 buffers
[ZMQEndpointInterface] *** Starting ZMQ processing ***
[ZMQEndpointInterface] Protocol version: 4
[ZMQEndpointInterface] Protocol v4: Received 64D token (latent action), tokens[0]=0.0703, frame_index: 486
[ZMQEndpointInterface] Protocol v4: Left hand joints set: [0.0000, 0.0014, 0.0027, -0.0039, -0.0029, -0.0020, -0.0088]
[ZMQEndpointInterface] Protocol v4: Right hand joints set: [0.0000, -0.0041, -0.0027, 0.0000, 0.0059, 0.0000, 0.0000]
[ZMQEndpointInterface] Received ZMQ message - topic: 'pose', protocol_version: 4, num_fields: 4, total_size: 4 buffers
[ZMQEndpointInterface] *** Starting ZMQ processing ***
[ZMQEndpointInterface] Protocol version: 4
[ZMQEndpointInterface] Protocol v4: Received 64D token (latent action), tokens[0]=0.0688, frame_index: 487
[ZMQEndpointInterface] Protocol v4: Left hand joints set: [0.0000, 0.0041, 0.0000, -0.0059, -0.0176, 0.0000, -0.0088]
[ZMQEndpointInterface] Protocol v4: Right hand joints set: [0.0000, 0.0000, -0.0027, 0.0020, 0.0176, 0.0000, 0.0117]
[ZMQEndpointInterface] Received ZMQ message - topic: 'pose', protocol_version: 4, num_fields: 4, total_size: 4 buffers
[ZMQEndpointInterface] *** Starting ZMQ processing ***
[ZMQEndpointInterface] Protocol version: 4
[ZMQEndpointInterface] Protocol v4: Received 64D token (latent action), tokens[0]=0.0700, frame_index: 488
[ZMQEndpointInterface] Protocol v4: Left hand joints set: [0.0000, 0.0000, 0.0014, -0.0059, -0.0059, 0.0000, -0.0029]
[ZMQEndpointInterface] Protocol v4: Right hand joints set: [0.0000, -0.0068, -0.0027, 0.0059, 0.0000, 0.0039, 0.0000]
[ZMQEndpointInterface] Received ZMQ message - topic: 'pose', protocol_version: 4, num_fields: 4, total_size: 4 buffers
[ZMQEndpointInterface] *** Starting ZMQ processing ***
[ZMQEndpointInterface] Protocol version: 4
[ZMQEndpointInterface] Protocol v4: Received 64D token (latent action), tokens[0]=0.0698, frame_index: 489
[ZMQEndpointInterface] Protocol v4: Left hand joints set: [0.0000, 0.0014, 0.0027, -0.0059, -0.0117, 0.0000, -0.0088]
[ZMQEndpointInterface] Protocol v4: Right hand joints set: [0.0000, 0.0000, -0.0027, 0.0078, 0.0059, 0.0000, 0.0059]
[ZMQEndpointInterface] Received ZMQ message - topic: 'pose', protocol_version: 4, num_fields: 4, total_size: 4 buffers
[ZMQEndpointInterface] *** Starting ZMQ processing ***
[ZMQEndpointInterface] Protocol version: 4
[ZMQEndpointInterface] Protocol v4: Received 64D token (latent action), tokens[0]=0.0708, frame_index: 490
[ZMQEndpointInterface] Protocol v4: Left hand joints set: [0.0000, 0.0027, 0.0041, 0.0000, -0.0029, 0.0000, -0.0088]
[ZMQEndpointInterface] Protocol v4: Right hand joints set: [0.0000, -0.0014, -0.0041, 0.0078, 0.0059, 0.0039, 0.0205]
[ZMQEndpointInterface] Received ZMQ message - topic: 'pose', protocol_version: 4, num_fields: 4, total_size: 4 buffers
[ZMQEndpointInterface] *** Starting ZMQ processing ***
[ZMQEndpointInterface] Protocol version: 4
[ZMQEndpointInterface] Protocol v4: Received 64D token (latent action), tokens[0]=0.0694, frame_index: 491
[ZMQEndpointInterface] Protocol v4: Left hand joints set: [0.0000, 0.0027, 0.0027, -0.0078, -0.0059, 0.0000, -0.0117]
[ZMQEndpointInterface] Protocol v4: Right hand joints set: [0.0000, -0.0014, -0.0055, 0.0156, 0.0029, 0.0020, 0.0117]
[ZMQEndpointInterface] Received ZMQ message - topic: 'pose', protocol_version: 4, num_fields: 4, total_size: 4 buffers
[ZMQEndpointInterface] *** Starting ZMQ processing ***
[ZMQEndpointInterface] Protocol version: 4
[ZMQEndpointInterface] Protocol v4: Received 64D token (latent action), tokens[0]=0.0693, frame_index: 492
[ZMQEndpointInterface] Protocol v4: Left hand joints set: [0.0000, 0.0027, 0.0000, -0.0039, 0.0000, -0.0020, -0.0029]
[ZMQEndpointInterface] Protocol v4: Right hand joints set: [0.0000, -0.0055, -0.0068, 0.0039, 0.0000, 0.0039, 0.0059]
[ZMQEndpointInterface] Received ZMQ message - topic: 'pose', protocol_version: 4, num_fields: 4, total_size: 4 buffers
[ZMQEndpointInterface] *** Starting ZMQ processing ***
[ZMQEndpointInterface] Protocol version: 4
[ZMQEndpointInterface] Protocol v4: Received 64D token (latent action), tokens[0]=0.0701, frame_index: 493
[ZMQEndpointInterface] Protocol v4: Left hand joints set: [0.0000, 0.0000, 0.0082, -0.0039, -0.0088, 0.0000, -0.0059]
[ZMQEndpointInterface] Protocol v4: Right hand joints set: [0.0000, -0.0014, 0.0000, 0.0078, 0.0000, 0.0039, 0.0029]
[ZMQEndpointInterface] Received ZMQ message - topic: 'pose', protocol_version: 4, num_fields: 4, total_size: 4 buffers
[ZMQEndpointInterface] *** Starting ZMQ processing ***
[ZMQEndpointInterface] Protocol version: 4
[ZMQEndpointInterface] Protocol v4: Received 64D token (latent action), tokens[0]=0.0690, frame_index: 494
[ZMQEndpointInterface] Protocol v4: Left hand joints set: [0.0000, 0.0000, 0.0055, -0.0078, 0.0000, 0.0000, 0.0000]
[ZMQEndpointInterface] Protocol v4: Right hand joints set: [0.0000, -0.0055, -0.0096, 0.0117, 0.0117, 0.0078, 0.0029]
[ZMQEndpointInterface] Received ZMQ message - topic: 'pose', protocol_version: 4, num_fields: 4, total_size: 4 buffers
[ZMQEndpointInterface] *** Starting ZMQ processing ***
[ZMQEndpointInterface] Protocol version: 4
[ZMQEndpointInterface] Protocol v4: Received 64D token (latent action), tokens[0]=0.0668, frame_index: 495
[ZMQEndpointInterface] Protocol v4: Left hand joints set: [0.0000, 0.0000, 0.0027, -0.0039, -0.0029, -0.0020, 0.0000]
[ZMQEndpointInterface] Protocol v4: Right hand joints set: [0.0000, -0.0041, -0.0041, 0.0000, 0.0000, 0.0059, 0.0000]
[ZMQEndpointInterface] Received ZMQ message - topic: 'pose', protocol_version: 4, num_fields: 4, total_size: 4 buffers
[ZMQEndpointInterface] *** Starting ZMQ processing ***
[ZMQEndpointInterface] Protocol version: 4
[ZMQEndpointInterface] Protocol v4: Received 64D token (latent action), tokens[0]=0.0705, frame_index: 496
[ZMQEndpointInterface] Protocol v4: Left hand joints set: [0.0000, 0.0000, 0.0068, -0.0039, 0.0000, 0.0000, 0.0000]
[ZMQEndpointInterface] Protocol v4: Right hand joints set: [0.0000, -0.0082, -0.0068, 0.0039, 0.0059, 0.0000, 0.0000]
[ZMQEndpointInterface] Received ZMQ message - topic: 'pose', protocol_version: 4, num_fields: 4, total_size: 4 buffers
[ZMQEndpointInterface] *** Starting ZMQ processing ***
[ZMQEndpointInterface] Protocol version: 4
[ZMQEndpointInterface] Protocol v4: Received 64D token (latent action), tokens[0]=0.0694, frame_index: 497
[ZMQEndpointInterface] Protocol v4: Left hand joints set: [0.0000, 0.0027, 0.0082, 0.0000, 0.0000, -0.0039, -0.0088]
[ZMQEndpointInterface] Protocol v4: Right hand joints set: [0.0000, -0.0027, -0.0041, 0.0000, 0.0029, 0.0039, 0.0088]
[ZMQEndpointInterface] Received ZMQ message - topic: 'pose', protocol_version: 4, num_fields: 4, total_size: 4 buffers
[ZMQEndpointInterface] *** Starting ZMQ processing ***
[ZMQEndpointInterface] Protocol version: 4
[ZMQEndpointInterface] Protocol v4: Received 64D token (latent action), tokens[0]=0.0681, frame_index: 498
[ZMQEndpointInterface] Protocol v4: Left hand joints set: [0.0000, 0.0000, 0.0027, -0.0098, -0.0059, 0.0000, 0.0000]
[ZMQEndpointInterface] Protocol v4: Right hand joints set: [0.0000, -0.0027, -0.0068, 0.0039, 0.0117, 0.0039, 0.0000]
[ZMQEndpointInterface] Received ZMQ message - topic: 'pose', protocol_version: 4, num_fields: 4, total_size: 4 buffers
[ZMQEndpointInterface] *** Starting ZMQ processing ***
[ZMQEndpointInterface] Protocol version: 4
[ZMQEndpointInterface] Protocol v4: Received 64D token (latent action), tokens[0]=0.0704, frame_index: 499
[ZMQEndpointInterface] Protocol v4: Left hand joints set: [0.0000, 0.0014, 0.0027, -0.0078, 0.0000, 0.0000, 0.0000]
[ZMQEndpointInterface] Protocol v4: Right hand joints set: [0.0000, -0.0014, -0.0082, 0.0020, 0.0029, 0.0000, 0.0029]
[Token Flow] Copied external tokens, tokens[0]=0.0704
[ZMQEndpointInterface] Received ZMQ message - topic: 'pose', protocol_version: 4, num_fields: 4, total_size: 4 buffers
[ZMQEndpointInterface] *** Starting ZMQ processing ***
[ZMQEndpointInterface] Protocol version: 4
[ZMQEndpointInterface] Protocol v4: Received 64D token (latent action), tokens[0]=0.0673, frame_index: 500
[ZMQEndpointInterface] Protocol v4: Left hand joints set: [0.0000, 0.0000, 0.0041, -0.0039, 0.0000, -0.0039, 0.0000]
[ZMQEndpointInterface] Protocol v4: Right hand joints set: [0.0000, 0.0000, -0.0055, 0.0039, 0.0000, 0.0000, 0.0029]
[ZMQEndpointInterface] Received ZMQ message - topic: 'pose', protocol_version: 4, num_fields: 4, total_size: 4 buffers
[ZMQEndpointInterface] *** Starting ZMQ processing ***
[ZMQEndpointInterface] Protocol version: 4
[ZMQEndpointInterface] Protocol v4: Received 64D token (latent action), tokens[0]=0.0649, frame_index: 501
[ZMQEndpointInterface] Protocol v4: Left hand joints set: [0.0000, 0.0000, 0.0000, -0.0098, 0.0000, 0.0000, 0.0000]
[ZMQEndpointInterface] Protocol v4: Right hand joints set: [0.0000, -0.0027, -0.0082, 0.0020, 0.0059, 0.0039, 0.0059]
[ZMQEndpointInterface] Received ZMQ message - topic: 'pose', protocol_version: 4, num_fields: 4, total_size: 4 buffers
[ZMQEndpointInterface] *** Starting ZMQ processing ***
[ZMQEndpointInterface] Protocol version: 4
[ZMQEndpointInterface] Protocol v4: Received 64D token (latent action), tokens[0]=0.0645, frame_index: 502
[ZMQEndpointInterface] Protocol v4: Left hand joints set: [0.0000, 0.0027, 0.0027, -0.0098, 0.0000, 0.0000, 0.0000]
[ZMQEndpointInterface] Protocol v4: Right hand joints set: [0.0000, -0.0027, -0.0055, 0.0000, 0.0059, 0.0020, 0.0000]
[ZMQEndpointInterface] Received ZMQ message - topic: 'pose', protocol_version: 4, num_fields: 4, total_size: 4 buffers
[ZMQEndpointInterface] *** Starting ZMQ processing ***
[ZMQEndpointInterface] Protocol version: 4
[ZMQEndpointInterface] Protocol v4: Received 64D token (latent action), tokens[0]=0.0647, frame_index: 503
[ZMQEndpointInterface] Protocol v4: Left hand joints set: [0.0000, 0.0027, 0.0027, -0.0078, 0.0000, -0.0020, 0.0000]
[ZMQEndpointInterface] Protocol v4: Right hand joints set: [0.0000, -0.0068, -0.0027, 0.0000, 0.0117, 0.0000, 0.0059]
[ZMQEndpointInterface] Received ZMQ message - topic: 'pose', protocol_version: 4, num_fields: 4, total_size: 4 buffers
[ZMQEndpointInterface] *** Starting ZMQ processing ***
[ZMQEndpointInterface] Protocol version: 4
[ZMQEndpointInterface] Protocol v4: Received 64D token (latent action), tokens[0]=0.0626, frame_index: 504
[ZMQEndpointInterface] Protocol v4: Left hand joints set: [0.0000, 0.0000, 0.0014, -0.0039, -0.0029, -0.0020, -0.0117]
[ZMQEndpointInterface] Protocol v4: Right hand joints set: [0.0000, -0.0082, -0.0082, 0.0020, 0.0000, 0.0039, 0.0000]
[ZMQEndpointInterface] Received ZMQ message - topic: 'pose', protocol_version: 4, num_fields: 4, total_size: 4 buffers
[ZMQEndpointInterface] *** Starting ZMQ processing ***
[ZMQEndpointInterface] Protocol version: 4
[ZMQEndpointInterface] Protocol v4: Received 64D token (latent action), tokens[0]=0.0626, frame_index: 505
[ZMQEndpointInterface] Protocol v4: Left hand joints set: [0.0000, 0.0000, 0.0027, -0.0078, 0.0000, 0.0000, -0.0117]
[ZMQEndpointInterface] Protocol v4: Right hand joints set: [0.0000, -0.0055, 0.0000, 0.0039, 0.0088, 0.0000, 0.0059]
[ZMQEndpointInterface] Received ZMQ message - topic: 'pose', protocol_version: 4, num_fields: 4, total_size: 4 buffers
[ZMQEndpointInterface] *** Starting ZMQ processing ***
[ZMQEndpointInterface] Protocol version: 4
[ZMQEndpointInterface] Protocol v4: Received 64D token (latent action), tokens[0]=0.0549, frame_index: 506
[ZMQEndpointInterface] Protocol v4: Left hand joints set: [0.0000, 0.0000, 0.0027, -0.0020, -0.0029, 0.0000, -0.0029]
[ZMQEndpointInterface] Protocol v4: Right hand joints set: [0.0000, -0.0014, -0.0041, 0.0059, 0.0088, 0.0039, 0.0059]
[ZMQEndpointInterface] Received ZMQ message - topic: 'pose', protocol_version: 4, num_fields: 4, total_size: 4 buffers
[ZMQEndpointInterface] *** Starting ZMQ processing ***
[ZMQEndpointInterface] Protocol version: 4
[ZMQEndpointInterface] Protocol v4: Received 64D token (latent action), tokens[0]=0.0600, frame_index: 507
[ZMQEndpointInterface] Protocol v4: Left hand joints set: [0.0000, 0.0000, 0.0000, 0.0000, -0.0029, 0.0000, 0.0000]
[ZMQEndpointInterface] Protocol v4: Right hand joints set: [0.0000, -0.0068, -0.0027, 0.0059, 0.0146, 0.0078, 0.0146]
[ZMQEndpointInterface] Received ZMQ message - topic: 'pose', protocol_version: 4, num_fields: 4, total_size: 4 buffers
[ZMQEndpointInterface] *** Starting ZMQ processing ***
[ZMQEndpointInterface] Protocol version: 4
[ZMQEndpointInterface] Protocol v4: Received 64D token (latent action), tokens[0]=0.0468, frame_index: 508
[ZMQEndpointInterface] Protocol v4: Left hand joints set: [0.0000, 0.0027, 0.0000, 0.0000, 0.0000, 0.0000, 0.0000]
[ZMQEndpointInterface] Protocol v4: Right hand joints set: [0.0000, -0.0109, -0.0027, 0.0039, 0.0117, 0.0000, 0.0000]
[ZMQEndpointInterface] Received ZMQ message - topic: 'pose', protocol_version: 4, num_fields: 4, total_size: 4 buffers
[ZMQEndpointInterface] *** Starting ZMQ processing ***
[ZMQEndpointInterface] Protocol version: 4
[ZMQEndpointInterface] Protocol v4: Received 64D token (latent action), tokens[0]=0.0489, frame_index: 509
[ZMQEndpointInterface] Protocol v4: Left hand joints set: [0.0000, 0.0041, 0.0000, 0.0000, 0.0000, 0.0000, 0.0000]
[ZMQEndpointInterface] Protocol v4: Right hand joints set: [0.0000, -0.0082, 0.0000, 0.0098, 0.0088, 0.0000, 0.0000]
[ZMQEndpointInterface] Received ZMQ message - topic: 'pose', protocol_version: 4, num_fields: 4, total_size: 4 buffers
[ZMQEndpointInterface] *** Starting ZMQ processing ***
[ZMQEndpointInterface] Protocol version: 4
[ZMQEndpointInterface] Protocol v4: Received 64D token (latent action), tokens[0]=0.0480, frame_index: 510
[ZMQEndpointInterface] Protocol v4: Left hand joints set: [0.0000, 0.0000, 0.0041, 0.0000, 0.0000, 0.0000, 0.0000]
[ZMQEndpointInterface] Protocol v4: Right hand joints set: [0.0000, -0.0109, -0.0027, 0.0000, 0.0176, 0.0020, 0.0000]
[ZMQEndpointInterface] Received ZMQ message - topic: 'pose', protocol_version: 4, num_fields: 4, total_size: 4 buffers
[ZMQEndpointInterface] *** Starting ZMQ processing ***
[ZMQEndpointInterface] Protocol version: 4
[ZMQEndpointInterface] Protocol v4: Received 64D token (latent action), tokens[0]=0.0519, frame_index: 511
[ZMQEndpointInterface] Protocol v4: Left hand joints set: [0.0000, 0.0000, 0.0000, 0.0000, -0.0029, 0.0000, 0.0000]
[ZMQEndpointInterface] Protocol v4: Right hand joints set: [0.0000, -0.0096, 0.0000, 0.0078, 0.0205, 0.0000, 0.0029]
[ZMQManager] Switched to: PLANNER mode (safety reset)
[ZMQManager] Planner enabled
Initializing planner...
Setting planner_motion encode mode to 0
Replanning with mode: IDLE, target_height: -1.0000, target_vel: -1.0000, movement: [0.0000, 0.0000, 0.0000], facing: [1.0000, 0.0000, 0.0000]
Planner Init timing - Model: 8934us, Extract: 4us
Planner initialized
Planner initialized successfully!
[ZMQManager] Waiting for planner to be initialized
Reset heading state to 0.9907, 0.0054, -0.0450, 0.1285
Reset delta heading to 0
Reset init reference data root rotation to current frame: 1.0000, 0.0002, -0.0005, 0.0000
**********************************************************
Reference motion name: planner_motion
**********************************************************
Replanning with mode: IDLE, target_height: -1.0000, target_vel: -1.0000, movement: [0.0000, 0.0000, 0.0000], facing: [1.0000, 0.0000, 0.0000]
[ZMQManager] Waiting for planner to be initialized
No encoder is used and not using external tokens
Turning on the encoder now
Loop timing - LowState age: 10.2090ms, Streaming data mean delay: 9.2549ms, Streaming data std delay: 5.8065ms, IMU age: 10.1990ms, Obs: 2235us, Policy: 5262us, Obs 2 Motor Command: 7497us, Post processing: 32us, Planner - Gather Input: 56us, Model: 6543us, Convert50Hz: 5us, Total: 6604us | HandCloseRatio: 1.0000
Replanning with mode: IDLE, target_height: -1.0000, target_vel: -1.0000, movement: [0.0000, 0.0000, 0.0000], facing: [1.0000, -0.0099, 0.0000]
Loop timing - LowState age: 9.8540ms, Streaming data mean delay: 9.2549ms, Streaming data std delay: 5.8065ms, IMU age: 9.8440ms, Obs: 8850us, Policy: 782us, Obs 2 Motor Command: 9632us, Post processing: 32us, Planner - Gather Input: 29us, Model: 6886us, Convert50Hz: 5us, Total: 6921us | HandCloseRatio: 1.0000
Loop timing - LowState age: 8.4640ms, Streaming data mean delay: 9.2549ms, Streaming data std delay: 5.8065ms, IMU age: 8.4530ms, Obs: 5198us, Policy: 504us, Obs 2 Motor Command: 5702us, Post processing: 30us, Planner - Gather Input: 29us, Model: 6886us, Convert50Hz: 5us, Total: 6921us | HandCloseRatio: 1.0000
